bp_code;bp_pt_code;bp_perirec;bp_etiquet;bp_codeext;bp_abandon;bp_lc_code;bp_prop;bp_gest;bp_proptyp;bp_statut;bp_dateins;bp_avct;bp_typephy;bp_typelog;bp_rf_code;bp_user;bp_etat;bp_occp;bp_datemes;bp_entrees;bp_ref_kit;bp_ca_nb;bp_nb_pas;bp_linecod;bp_oc_code;bp_racco;bp_comment;bp_creadat;bp_majdate;bp_majsrc;bp_abddate;bp_abdsrc
PTO00033477161;;;CT-2536-8981;33477161;0;PTO00033477161;PSIT0000000125;GSIT0000000140;CST;REC;2021-06-09 00-00-00;S;DTI1;PTO;PTO00000005100;;;;;;;;;;;;;;;;;
PTO00081093231;;;WI-B177-8492;81093231;0;PTO00081093231;PSIT0000000125;GSIT0000000140;CST;REC;2023-07-28 00-00-00;S;DTI1;PTO;PTO00000005100;;;;;;;;;;;;;;;;;
PTO00092253931;;;WI-B202-5585;92253931;0;PTO00092253931;PSIT0000000125;GSIT0000000140;CST;REC;2024-04-10 00-00-00;S;DTI1;PTO;PTO00000005100;;;;;;;;;;;;;;;;;
PTO00007455681;;;CT-2536-8332;7455681;0;PTO00007455681;PSIT0000000125;GSIT0000000140;CST;REC;2021-11-05 00-00-00;S;DTI1;PTO;PTO00000005100;;;;;;;;;;;;;;;;;
PTO00014172641;;;CT-2536-7991;14172641;0;PTO00014172641;PSIT0000000125;GSIT0000000140;CST;REC;2022-10-19 00-00-00;S;DTI1;PTO;PTO00000005100;;;;;;;;;;;;;;;;;
PTO00012884221;;;CT-2536-7023;12884221;0;PTO00012884221;PSIT0000000125;GSIT0000000140;CST;REC;2021-02-05 00-00-00;S;DTI1;PTO;PTO00000005100;;;;;;;;;;;;;;;;;
PTO00097001431;;;WI-B218-5888;97001431;0;PTO00097001431;PSIT0000000125;GSIT0000000140;CST;REC;2024-10-02 00-00-00;S;DTI1;PTO;PTO00000005100;;;;;;;;;;;;;;;;;
PTO00034816861;;;CT-2536-8024;34816861;0;PTO00034816861;PSIT0000000125;GSIT0000000140;CST;REC;2020-09-19 00-00-00;S;DTI1;PTO;PTO00000005100;;;;;;;;;;;;;;;;;
PTO00002949421;;;CT-2536-8552;2949421;0;PTO00002949421;PSIT0000000125;GSIT0000000140;CST;REC;2021-02-09 00-00-00;S;DTI1;PTO;PTO00000005100;;;;;;;;;;;;;;;;;
PTO00017654101;;;CT-2536-8431;17654101;0;PTO00017654101;PSIT0000000125;GSIT0000000140;CST;REC;2022-05-13 00-00-00;S;DTI1;PTO;PTO00000005100;;;;;;;;;;;;;;;;;
PTO00040092111;;;CT-2537-0136;40092111;1;PTO00040092111;PSIT0000000125;GSIT0000000140;CST;MCO;2021-05-14 00-00-00;E;DTI1;PTO;PTO00000005100;;;;;;;;;;;;;;;;;
PTO00039387431;;;CT-2537-0499;39387431;0;PTO00039387431;PSIT0000000125;GSIT0000000140;CST;REC;2023-04-01 00-00-00;S;DTI1;PTO;PTO00000005100;;;;;;;;;;;;;;;;;
PTO00014801281;;;CT-2536-9971;14801281;1;PTO00014801281;PSIT0000000125;GSIT0000000140;CST;MCO;2021-11-29 00-00-00;E;DTI1;PTO;PTO00000005100;;;;;;;;;;;;;;;;;
PTO00014252411;;;CT-2536-7969;14252411;0;PTO00014252411;PSIT0000000125;GSIT0000000140;CST;REC;2021-11-18 00-00-00;S;DTI1;PTO;PTO00000005100;;;;;;;;;;;;;;;;;
PTO00030336331;;;CT-2536-7364;30336331;0;PTO00030336331;PSIT0000000125;GSIT0000000140;CST;REC;2023-04-11 00-00-00;S;DTI1;PTO;PTO00000005100;;;;;;;;;;;;;;;;;
PTO00091663841;;;WI-B200-8381;91663841;0;PTO00091663841;PSIT0000000125;GSIT0000000140;CST;REC;2024-03-27 00-00-00;S;DTI1;PTO;PTO00000005100;;;;;;;;;;;;;;;;;
PTO00089442931;;;WI-B194-3074;89442931;0;PTO00089442931;PSIT0000000125;GSIT0000000140;CST;REC;2024-01-24 00-00-00;S;DTI1;PTO;PTO00000005100;;;;;;;;;;;;;;;;;
PTO00027272131;;;CT-2536-9322;27272131;0;PTO00027272131;PSIT0000000125;GSIT0000000140;CST;REC;2020-08-10 00-00-00;S;DTI1;PTO;PTO00000005100;;;;;;;;;;;;;;;;;
PTO00082177871;;;WI-B181-1129;82177871;0;PTO00082177871;PSIT0000000125;GSIT0000000140;CST;REC;2023-08-23 00-00-00;S;DTI1;PTO;PTO00000005100;;;;;;;;;;;;;;;;;
PTO00019580601;;;CT-2536-9190;19580601;0;PTO00019580601;PSIT0000000125;GSIT0000000140;CST;REC;2022-07-02 00-00-00;S;DTI1;PTO;PTO00000005100;;;;;;;;;;;;;;;;;
PTO00082786791;;;WI-B182-7552;82786791;0;PTO00082786791;PSIT0000000125;GSIT0000000140;CST;REC;2023-09-21 00-00-00;S;DTI1;PTO;PTO00000005100;;;;;;;;;;;;;;;;;
PTO00032656961;;;CT-2536-8805;32656961;0;PTO00032656961;PSIT0000000125;GSIT0000000140;CST;REC;2023-04-07 00-00-00;S;DTI1;PTO;PTO00000005100;;;;;;;;;;;;;;;;;
PTO00039936851;;;WI-2698-2142;39936851;1;PTO00039936851;PSIT0000000125;GSIT0000000140;CST;MCO;2021-06-22 00-00-00;E;DTI1;PTO;PTO00000005100;;;;;;;;;;;;;;;;;
PTO00025105161;;;CT-2536-9124;25105161;0;PTO00025105161;PSIT0000000125;GSIT0000000140;CST;REC;2022-01-29 00-00-00;S;DTI1;PTO;PTO00000005100;;;;;;;;;;;;;;;;;
PTO00019375771;;;WI-2656-5891;19375771;0;PTO00019375771;PSIT0000000125;GSIT0000000140;CST;REC;2023-06-07 00-00-00;S;DTI1;PTO;PTO00000005100;;;;;;;;;;;;;;;;;
PTO00056980391;;;WI-8681-0350;56980391;0;PTO00056980391;PSIT0000000125;GSIT0000000140;CST;REC;2022-11-17 00-00-00;S;DTI1;PTO;PTO00000005100;;;;;;;;;;;;;;;;;
PTO00028977451;;;CT-2537-0191;28977451;0;PTO00028977451;PSIT0000000125;GSIT0000000140;CST;REC;2021-09-29 00-00-00;S;DTI1;PTO;PTO00000005100;;;;;;;;;;;;;;;;;
PTO00025632121;;;CT-2537-0235;25632121;1;PTO00025632121;PSIT0000000125;GSIT0000000140;CST;MCO;2020-10-19 00-00-00;E;DTI1;PTO;PTO00000005100;;;;;;;;;;;;;;;;;
PTO00033431911;;;CT-2536-8750;33431911;0;PTO00033431911;PSIT0000000125;GSIT0000000140;CST;REC;2023-04-03 00-00-00;S;DTI1;PTO;PTO00000005100;;;;;;;;;;;;;;;;;
PTO00089336571;;;WI-B193-9510;89336571;0;PTO00089336571;PSIT0000000125;GSIT0000000140;CST;REC;2024-01-03 00-00-00;S;DTI1;PTO;PTO00000005100;;;;;;;;;;;;;;;;;
PTO00035381241;;;CT-2536-8464;35381241;0;PTO00035381241;PSIT0000000125;GSIT0000000140;CST;REC;2020-09-29 00-00-00;S;DTI1;PTO;PTO00000005100;;;;;;;;;;;;;;;;;
PTO00033623341;;;CT-2536-8255;33623341;0;PTO00033623341;PSIT0000000125;GSIT0000000140;CST;REC;2020-06-24 00-00-00;S;DTI1;PTO;PTO00000005100;;;;;;;;;;;;;;;;;
PTO00019580811;;;CT-2536-9157;19580811;0;PTO00019580811;PSIT0000000125;GSIT0000000140;CST;REC;2021-01-05 00-00-00;S;DTI1;PTO;PTO00000005100;;;;;;;;;;;;;;;;;
PTO00014846531;;;CT-2536-9960;14846531;0;PTO00014846531;PSIT0000000125;GSIT0000000140;CST;REC;2020-10-10 00-00-00;S;DTI1;PTO;PTO00000005100;;;;;;;;;;;;;;;;;
PTO00039919211;;;WI-2698-1999;39919211;1;PTO00039919211;PSIT0000000125;GSIT0000000140;CST;MCO;2020-09-11 00-00-00;E;DTI1;PTO;PTO00000005100;;;;;;;;;;;;;;;;;
PTO00039910411;;;WI-2698-2131;39910411;0;PTO00039910411;PSIT0000000125;GSIT0000000140;CST;REC;2021-04-27 00-00-00;S;DTI1;PTO;PTO00000005100;;;;;;;;;;;;;;;;;
PTO00002538371;;;CT-2536-7067;2538371;0;PTO00002538371;PSIT0000000125;GSIT0000000140;CST;REC;2022-08-05 00-00-00;S;DTI1;PTO;PTO00000005100;;;;;;;;;;;;;;;;;
PTO00031784491;;;CT-2536-8937;31784491;1;PTO00031784491;PSIT0000000125;GSIT0000000140;CST;MCO;2021-08-31 00-00-00;E;DTI1;PTO;PTO00000005100;;;;;;;;;;;;;;;;;
PTO00031799111;;;CT-2536-8926;31799111;0;PTO00031799111;PSIT0000000125;GSIT0000000140;CST;REC;2021-01-18 00-00-00;S;DTI1;PTO;PTO00000005100;;;;;;;;;;;;;;;;;
PTO00015261831;;;CT-2536-8574;15261831;0;PTO00015261831;PSIT0000000125;GSIT0000000140;CST;REC;2021-06-19 00-00-00;S;DTI1;PTO;PTO00000005100;;;;;;;;;;;;;;;;;
PTO00037018641;;;CT-2536-7881;37018641;0;PTO00037018641;PSIT0000000125;GSIT0000000140;CST;REC;2020-09-22 00-00-00;S;DTI1;PTO;PTO00000005100;;;;;;;;;;;;;;;;;
PTO00033673071;;;CT-2536-8992;33673071;0;PTO00033673071;PSIT0000000125;GSIT0000000140;CST;REC;2021-06-16 00-00-00;S;DTI1;PTO;PTO00000005100;;;;;;;;;;;;;;;;;
PTO00033075471;;;CT-2536-8145;33075471;0;PTO00033075471;PSIT0000000125;GSIT0000000140;CST;REC;2021-08-11 00-00-00;S;DTI1;PTO;PTO00000005100;;;;;;;;;;;;;;;;;
PTO00025127431;;;CT-2536-9113;25127431;0;PTO00025127431;PSIT0000000125;GSIT0000000140;CST;REC;2021-11-03 00-00-00;S;DTI1;PTO;PTO00000005100;;;;;;;;;;;;;;;;;
PTO00019469861;;;WI-2656-5858;19469861;0;PTO00019469861;PSIT0000000125;GSIT0000000140;CST;REC;2022-08-10 00-00-00;S;DTI1;PTO;PTO00000005100;;;;;;;;;;;;;;;;;
PTO00033169791;;;CT-2537-0323;33169791;0;PTO00033169791;PSIT0000000125;GSIT0000000140;CST;REC;2022-05-18 00-00-00;S;DTI1;PTO;PTO00000005100;;;;;;;;;;;;;;;;;
PTO00026738511;;;CT-2536-7287;26738511;0;PTO00026738511;PSIT0000000125;GSIT0000000140;CST;REC;2020-11-06 00-00-00;S;DTI1;PTO;PTO00000005100;;;;;;;;;;;;;;;;;
PTO00019765711;;;CT-2536-9278;19765711;0;PTO00019765711;PSIT0000000125;GSIT0000000140;CST;REC;2020-07-08 00-00-00;S;DTI1;PTO;PTO00000005100;;;;;;;;;;;;;;;;;
PTO00033647281;;;CT-2536-8277;33647281;0;PTO00033647281;PSIT0000000125;GSIT0000000140;CST;REC;2020-11-05 00-00-00;S;DTI1;PTO;PTO00000005100;;;;;;;;;;;;;;;;;
PTO00035337851;;;CT-2536-8497;35337851;0;PTO00035337851;PSIT0000000125;GSIT0000000140;CST;REC;2022-06-22 00-00-00;S;DTI1;PTO;PTO00000005100;;;;;;;;;;;;;;;;;
PTO00027949721;;;CT-2536-9443;27949721;0;PTO00027949721;PSIT0000000125;GSIT0000000140;CST;REC;2020-09-16 00-00-00;S;DTI1;PTO;PTO00000005100;;;;;;;;;;;;;;;;;
PTO00039894481;;;WI-2698-2263;39894481;0;PTO00039894481;PSIT0000000125;GSIT0000000140;CST;REC;2020-10-13 00-00-00;S;DTI1;PTO;PTO00000005100;;;;;;;;;;;;;;;;;
PTO00039910091;;;WI-2698-2153;39910091;1;PTO00039910091;PSIT0000000125;GSIT0000000140;CST;MCO;2022-04-07 00-00-00;E;DTI1;PTO;PTO00000005100;;;;;;;;;;;;;;;;;
PTO00089705071;;;WI-B193-3185;89705071;0;PTO00089705071;PSIT0000000125;GSIT0000000140;CST;REC;2024-01-12 00-00-00;S;DTI1;PTO;PTO00000005100;;;;;;;;;;;;;;;;;
PTO00036681521;;;CT-2536-7903;36681521;1;PTO00036681521;PSIT0000000125;GSIT0000000140;CST;MCO;2020-10-06 00-00-00;E;DTI1;PTO;PTO00000005100;;;;;;;;;;;;;;;;;
PTO00006490831;;;CT-2536-9245;6490831;0;PTO00006490831;PSIT0000000125;GSIT0000000140;CST;REC;2022-05-30 00-00-00;S;DTI1;PTO;PTO00000005100;;;;;;;;;;;;;;;;;
PTO00034277141;;;CT-2536-7507;34277141;0;PTO00034277141;PSIT0000000125;GSIT0000000140;CST;REC;2021-03-25 00-00-00;S;DTI1;PTO;PTO00000005100;;;;;;;;;;;;;;;;;
PTO00030358581;;;CT-2536-7331;30358581;0;PTO00030358581;PSIT0000000125;GSIT0000000140;CST;REC;2021-07-20 00-00-00;S;DTI1;PTO;PTO00000005100;;;;;;;;;;;;;;;;;
PTO00007556761;;;CT-2536-8288;7556761;0;PTO00007556761;PSIT0000000125;GSIT0000000140;CST;REC;2021-06-08 00-00-00;S;DTI1;PTO;PTO00000005100;;;;;;;;;;;;;;;;;
PTO00022924121;;;CT-2536-9520;22924121;1;PTO00022924121;PSIT0000000125;GSIT0000000140;CST;MCO;2021-07-23 00-00-00;E;DTI1;PTO;PTO00000005100;;;;;;;;;;;;;;;;;
PTO00090970171;;;WI-B198-8823;90970171;0;PTO00090970171;PSIT0000000125;GSIT0000000140;CST;REC;2024-03-06 00-00-00;S;DTI1;PTO;PTO00000005100;;;;;;;;;;;;;;;;;
PTO00099409391;;;WI-B228-2952;99409391;0;PTO00099409391;PSIT0000000125;GSIT0000000140;CST;REC;2024-12-11 00-00-00;S;DTI1;PTO;PTO00000005100;;;;;;;;;;;;;;;;;
PTO00022924161;;;CT-2536-9498;22924161;1;PTO00022924161;PSIT0000000125;GSIT0000000140;CST;MCO;2020-08-31 00-00-00;E;DTI1;PTO;PTO00000005100;;;;;;;;;;;;;;;;;
PTO00022895011;;;CT-2537-0686;22895011;0;PTO00022895011;PSIT0000000125;GSIT0000000140;CST;REC;2020-09-07 00-00-00;S;DTI1;PTO;PTO00000005100;;;;;;;;;;;;;;;;;
PTO00099496801;;;WI-B228-6076;99496801;0;PTO00099496801;PSIT0000000125;GSIT0000000140;CST;REC;2024-12-20 00-00-00;S;DTI1;PTO;PTO00000005100;;;;;;;;;;;;;;;;;
PTO00017754891;;;CT-2536-8398;17754891;0;PTO00017754891;PSIT0000000125;GSIT0000000140;CST;REC;2020-10-22 00-00-00;S;DTI1;PTO;PTO00000005100;;;;;;;;;;;;;;;;;
PTO00040180311;;;CT-2537-0147;40180311;0;PTO00040180311;PSIT0000000125;GSIT0000000140;CST;REC;2021-08-07 00-00-00;S;DTI1;PTO;PTO00000005100;;;;;;;;;;;;;;;;;
PTO00014696761;;;CT-2536-9982;14696761;1;PTO00014696761;PSIT0000000125;GSIT0000000140;CST;MCO;2021-12-09 00-00-00;E;DTI1;PTO;PTO00000005100;;;;;;;;;;;;;;;;;
PTO00025566821;;;CT-2537-0290;25566821;1;PTO00025566821;PSIT0000000125;GSIT0000000140;CST;MCO;2022-04-01 00-00-00;E;DTI1;PTO;PTO00000005100;;;;;;;;;;;;;;;;;
PTO00033381581;;;CT-2536-9003;33381581;0;PTO00033381581;PSIT0000000125;GSIT0000000140;CST;REC;2021-10-13 00-00-00;S;DTI1;PTO;PTO00000005100;;;;;;;;;;;;;;;;;
PTO00031077091;;;CT-2536-6858;31077091;0;PTO00031077091;PSIT0000000125;GSIT0000000140;CST;REC;2020-10-14 00-00-00;S;DTI1;PTO;PTO00000005100;;;;;;;;;;;;;;;;;
PTO00039897551;;;WI-2698-2065;39897551;1;PTO00039897551;PSIT0000000125;GSIT0000000140;CST;MCO;2021-06-16 00-00-00;E;DTI1;PTO;PTO00000005100;;;;;;;;;;;;;;;;;
PTO00033499301;;;CT-2536-8684;33499301;0;PTO00033499301;PSIT0000000125;GSIT0000000140;CST;REC;2020-11-03 00-00-00;S;DTI1;PTO;PTO00000005100;;;;;;;;;;;;;;;;;
PTO00090623101;;;WI-B198-0760;90623101;0;PTO00090623101;PSIT0000000125;GSIT0000000140;CST;REC;2024-02-22 00-00-00;S;DTI1;PTO;PTO00000005100;;;;;;;;;;;;;;;;;
PTO00028970661;;;CT-2536-7727;28970661;0;PTO00028970661;PSIT0000000125;GSIT0000000140;CST;REC;2020-10-12 00-00-00;S;DTI1;PTO;PTO00000005100;;;;;;;;;;;;;;;;;
PTO00007499011;;;CT-2536-8266;7499011;0;PTO00007499011;PSIT0000000125;GSIT0000000140;CST;REC;2020-10-23 00-00-00;S;DTI1;PTO;PTO00000005100;;;;;;;;;;;;;;;;;
PTO00019416901;;;WI-2656-5902;19416901;1;PTO00019416901;PSIT0000000125;GSIT0000000140;CST;MCO;2020-09-14 00-00-00;E;DTI1;PTO;PTO00000005100;;;;;;;;;;;;;;;;;
PTO00035930271;;;CT-2536-8079;35930271;0;PTO00035930271;PSIT0000000125;GSIT0000000140;CST;REC;2020-10-12 00-00-00;S;DTI1;PTO;PTO00000005100;;;;;;;;;;;;;;;;;
PTO00014283441;;;CT-2536-7947;14283441;0;PTO00014283441;PSIT0000000125;GSIT0000000140;CST;REC;2021-01-22 00-00-00;S;DTI1;PTO;PTO00000005100;;;;;;;;;;;;;;;;;
PTO00004428331;;;CT-2537-0653;4428331;0;PTO00004428331;PSIT0000000125;GSIT0000000140;CST;REC;2022-06-23 00-00-00;S;DTI1;PTO;PTO00000005100;;;;;;;;;;;;;;;;;
PTO00079773101;;;WI-B176-0551;79773101;0;PTO00079773101;PSIT0000000125;GSIT0000000140;CST;REC;2023-09-20 00-00-00;S;DTI1;PTO;PTO00000005100;;;;;;;;;;;;;;;;;
PTO00006472371;;;CT-2536-9223;6472371;0;PTO00006472371;PSIT0000000125;GSIT0000000140;CST;REC;2020-08-26 00-00-00;S;DTI1;PTO;PTO00000005100;;;;;;;;;;;;;;;;;
PTO00033358301;;;CT-2537-0026;33358301;0;PTO00033358301;PSIT0000000125;GSIT0000000140;CST;REC;2021-03-04 00-00-00;S;DTI1;PTO;PTO00000005100;;;;;;;;;;;;;;;;;
PTO00006472471;;;CT-2536-9256;6472471;0;PTO00006472471;PSIT0000000125;GSIT0000000140;CST;REC;2022-07-12 00-00-00;S;DTI1;PTO;PTO00000005100;;;;;;;;;;;;;;;;;
PTO00004070501;;;CT-2537-0719;4070501;1;PTO00004070501;PSIT0000000125;GSIT0000000140;CST;MCO;2021-12-16 00-00-00;E;DTI1;PTO;PTO00000005100;;;;;;;;;;;;;;;;;
PTO00033033141;;;CT-2537-0312;33033141;0;PTO00033033141;PSIT0000000125;GSIT0000000140;CST;REC;2021-12-29 00-00-00;S;DTI1;PTO;PTO00000005100;;;;;;;;;;;;;;;;;
PTO00067641551;;;WI-3244-2014;67641551;0;PTO00067641551;PSIT0000000125;GSIT0000000140;CST;REC;2023-06-19 00-00-00;S;DTI1;PTO;PTO00000005100;;;;;;;;;;;;;;;;;
PTO00023388951;;;CT-2536-9388;23388951;1;PTO00023388951;PSIT0000000125;GSIT0000000140;CST;MCO;2020-10-03 00-00-00;E;DTI1;PTO;PTO00000005100;;;;;;;;;;;;;;;;;
PTO00005424071;;;CT-2536-7089;5424071;0;PTO00005424071;PSIT0000000125;GSIT0000000140;CST;REC;2020-09-21 00-00-00;S;DTI1;PTO;PTO00000005100;;;;;;;;;;;;;;;;;
PTO00005424011;;;CT-2536-7111;5424011;0;PTO00005424011;PSIT0000000125;GSIT0000000140;CST;REC;2022-05-19 00-00-00;S;DTI1;PTO;PTO00000005100;;;;;;;;;;;;;;;;;
PTO00039458911;;;CT-2537-0488;39458911;0;PTO00039458911;PSIT0000000125;GSIT0000000140;CST;REC;2022-05-13 00-00-00;S;DTI1;PTO;PTO00000005100;;;;;;;;;;;;;;;;;
PTO00023023991;;;CT-2536-9531;23023991;0;PTO00023023991;PSIT0000000125;GSIT0000000140;CST;REC;2021-11-24 00-00-00;S;DTI1;PTO;PTO00000005100;;;;;;;;;;;;;;;;;
PTO00015383751;;;CT-2536-8640;15383751;0;PTO00015383751;PSIT0000000125;GSIT0000000140;CST;REC;2023-03-30 00-00-00;S;DTI1;PTO;PTO00000005100;;;;;;;;;;;;;;;;;
PTO00034398021;;;CT-2536-7518;34398021;0;PTO00034398021;PSIT0000000125;GSIT0000000140;CST;REC;2020-11-13 00-00-00;S;DTI1;PTO;PTO00000005100;;;;;;;;;;;;;;;;;
PTO00016626521;;;CT-2536-9542;16626521;1;PTO00016626521;PSIT0000000125;GSIT0000000140;CST;MCO;2020-08-10 00-00-00;E;DTI1;PTO;PTO00000005100;;;;;;;;;;;;;;;;;
PTO00007455771;;;CT-2537-0543;7455771;0;PTO00007455771;PSIT0000000125;GSIT0000000140;CST;REC;2020-09-16 00-00-00;S;DTI1;PTO;PTO00000005100;;;;;;;;;;;;;;;;;
PTO00025553871;;;CT-2537-0334;25553871;0;PTO00025553871;PSIT0000000125;GSIT0000000140;CST;REC;2020-10-30 00-00-00;S;DTI1;PTO;PTO00000005100;;;;;;;;;;;;;;;;;
PTO00033734211;;;CT-2536-9861;33734211;0;PTO00033734211;PSIT0000000125;GSIT0000000140;CST;REC;2021-02-05 00-00-00;S;DTI1;PTO;PTO00000005100;;;;;;;;;;;;;;;;;
PTO00025230271;;;CT-2536-9135;25230271;0;PTO00025230271;PSIT0000000125;GSIT0000000140;CST;REC;2022-05-20 00-00-00;S;DTI1;PTO;PTO00000005100;;;;;;;;;;;;;;;;;
PTO00023477421;;;CT-2536-9399;23477421;1;PTO00023477421;PSIT0000000125;GSIT0000000140;CST;MCO;2020-11-27 00-00-00;E;DTI1;PTO;PTO00000005100;;;;;;;;;;;;;;;;;
PTO00036685001;;;CT-2536-7914;36685001;0;PTO00036685001;PSIT0000000125;GSIT0000000140;CST;REC;2022-03-03 00-00-00;S;DTI1;PTO;PTO00000005100;;;;;;;;;;;;;;;;;
PTO00039940251;;;WI-2698-2164;39940251;0;PTO00039940251;PSIT0000000125;GSIT0000000140;CST;REC;2023-04-29 00-00-00;S;DTI1;PTO;PTO00000005100;;;;;;;;;;;;;;;;;
PTO00039885011;;;WI-2698-2087;39885011;0;PTO00039885011;PSIT0000000125;GSIT0000000140;CST;REC;2021-12-31 00-00-00;S;DTI1;PTO;PTO00000005100;;;;;;;;;;;;;;;;;
PTO00086659331;;;WI-B207-6460;86659331;0;PTO00086659331;PSIT0000000125;GSIT0000000140;CST;REC;2023-10-10 00-00-00;S;DTI1;PTO;PTO00000005100;;;;;;;;;;;;;;;;;
PTO00012824181;;;CT-2536-7034;12824181;0;PTO00012824181;PSIT0000000125;GSIT0000000140;CST;REC;2021-02-03 00-00-00;S;DTI1;PTO;PTO00000005100;;;;;;;;;;;;;;;;;
PTO00014323171;;;CT-2536-8002;14323171;0;PTO00014323171;PSIT0000000125;GSIT0000000140;CST;REC;2022-10-25 00-00-00;S;DTI1;PTO;PTO00000005100;;;;;;;;;;;;;;;;;
PTO00035335981;;;CT-2536-8486;35335981;0;PTO00035335981;PSIT0000000125;GSIT0000000140;CST;REC;2021-06-18 00-00-00;S;DTI1;PTO;PTO00000005100;;;;;;;;;;;;;;;;;
PTO00010839491;;;CT-2536-6979;10839491;0;PTO00010839491;PSIT0000000125;GSIT0000000140;CST;REC;2023-03-16 00-00-00;S;DTI1;PTO;PTO00000005100;;;;;;;;;;;;;;;;;
PTO00011556491;;;CT-2536-7320;11556491;0;PTO00011556491;PSIT0000000125;GSIT0000000140;CST;REC;2020-09-03 00-00-00;S;DTI1;PTO;PTO00000005100;;;;;;;;;;;;;;;;;
PTO00032587611;;;CT-2536-8794;32587611;0;PTO00032587611;PSIT0000000125;GSIT0000000140;CST;REC;2021-09-09 00-00-00;S;DTI1;PTO;PTO00000005100;;;;;;;;;;;;;;;;;
PTO00007405291;;;CT-2537-0400;7405291;0;PTO00007405291;PSIT0000000125;GSIT0000000140;CST;REC;2021-12-01 00-00-00;S;DTI1;PTO;PTO00000005100;;;;;;;;;;;;;;;;;
PTO00033002251;;;CT-2536-8134;33002251;0;PTO00033002251;PSIT0000000125;GSIT0000000140;CST;REC;2020-10-13 00-00-00;S;DTI1;PTO;PTO00000005100;;;;;;;;;;;;;;;;;
PTO00037018611;;;CT-2536-7936;37018611;0;PTO00037018611;PSIT0000000125;GSIT0000000140;CST;REC;2023-01-25 00-00-00;S;DTI1;PTO;PTO00000005100;;;;;;;;;;;;;;;;;
PTO00033449681;;;CT-2536-8717;33449681;0;PTO00033449681;PSIT0000000125;GSIT0000000140;CST;REC;2022-06-23 00-00-00;S;DTI1;PTO;PTO00000005100;;;;;;;;;;;;;;;;;
PTO00007462491;;;CT-2536-8244;7462491;0;PTO00007462491;PSIT0000000125;GSIT0000000140;CST;REC;2020-10-27 00-00-00;S;DTI1;PTO;PTO00000005100;;;;;;;;;;;;;;;;;
PTO00082786451;;;WI-B182-7563;82786451;0;PTO00082786451;PSIT0000000125;GSIT0000000140;CST;REC;2023-09-16 00-00-00;S;DTI1;PTO;PTO00000005100;;;;;;;;;;;;;;;;;
PTO00039980751;;;CT-2536-7496;39980751;0;PTO00039980751;PSIT0000000125;GSIT0000000140;CST;REC;2022-05-14 00-00-00;S;DTI1;PTO;PTO00000005100;;;;;;;;;;;;;;;;;
PTO00023365241;;;CT-2536-9377;23365241;0;PTO00023365241;PSIT0000000125;GSIT0000000140;CST;REC;2022-07-21 00-00-00;S;DTI1;PTO;PTO00000005100;;;;;;;;;;;;;;;;;
PTO00032616501;;;CT-2536-8761;32616501;0;PTO00032616501;PSIT0000000125;GSIT0000000140;CST;REC;2020-09-03 00-00-00;S;DTI1;PTO;PTO00000005100;;;;;;;;;;;;;;;;;
PTO00003444571;;;CT-2536-7694;3444571;0;PTO00003444571;PSIT0000000125;GSIT0000000140;CST;REC;2020-10-08 00-00-00;S;DTI1;PTO;PTO00000005100;;;;;;;;;;;;;;;;;
PTO00033096501;;;CT-2536-8167;33096501;1;PTO00033096501;PSIT0000000125;GSIT0000000140;CST;MCO;2021-06-29 00-00-00;E;DTI1;PTO;PTO00000005100;;;;;;;;;;;;;;;;;
PTO00019388531;;;WI-2656-5913;19388531;0;PTO00019388531;PSIT0000000125;GSIT0000000140;CST;REC;2021-10-22 00-00-00;S;DTI1;PTO;PTO00000005100;;;;;;;;;;;;;;;;;
PTO00093799901;;;WI-B208-5964;93799901;0;PTO00093799901;PSIT0000000125;GSIT0000000140;CST;REC;2024-05-31 00-00-00;S;DTI1;PTO;PTO00000005100;;;;;;;;;;;;;;;;;
PTO00014903021;;;CT-2536-9993;14903021;1;PTO00014903021;PSIT0000000125;GSIT0000000140;CST;MCO;2022-07-07 00-00-00;E;DTI1;PTO;PTO00000005100;;;;;;;;;;;;;;;;;
PTO00033499201;;;CT-2536-9905;33499201;1;PTO00033499201;PSIT0000000125;GSIT0000000140;CST;MCO;2020-09-25 00-00-00;E;DTI1;PTO;PTO00000005100;;;;;;;;;;;;;;;;;
PTO00031097711;;;CT-2536-6847;31097711;0;PTO00031097711;PSIT0000000125;GSIT0000000140;CST;REC;2020-11-03 00-00-00;S;DTI1;PTO;PTO00000005100;;;;;;;;;;;;;;;;;
PTO00019354671;;;CT-2536-7683;19354671;0;PTO00019354671;PSIT0000000125;GSIT0000000140;CST;REC;2021-12-08 00-00-00;S;DTI1;PTO;PTO00000005100;;;;;;;;;;;;;;;;;
PTO00089378951;;;WI-B194-1149;89378951;0;PTO00089378951;PSIT0000000125;GSIT0000000140;CST;REC;2024-01-03 00-00-00;S;DTI1;PTO;PTO00000005100;;;;;;;;;;;;;;;;;
PTO00016585201;;;CT-2536-9685;16585201;1;PTO00016585201;PSIT0000000125;GSIT0000000140;CST;MCO;2022-01-19 00-00-00;E;DTI1;PTO;PTO00000005100;;;;;;;;;;;;;;;;;
PTO00025160771;;;CT-2536-9102;25160771;0;PTO00025160771;PSIT0000000125;GSIT0000000140;CST;REC;2020-07-16 00-00-00;S;DTI1;PTO;PTO00000005100;;;;;;;;;;;;;;;;;
PTO00033157431;;;CT-2537-0279;33157431;0;PTO00033157431;PSIT0000000125;GSIT0000000140;CST;REC;2021-05-12 00-00-00;S;DTI1;PTO;PTO00000005100;;;;;;;;;;;;;;;;;
PTO00013850041;;;CT-2536-7617;13850041;0;PTO00013850041;PSIT0000000125;GSIT0000000140;CST;REC;2021-02-13 00-00-00;S;DTI1;PTO;PTO00000005100;;;;;;;;;;;;;;;;;
PTO00022901031;;;CT-2536-9553;22901031;1;PTO00022901031;PSIT0000000125;GSIT0000000140;CST;MCO;2022-11-06 00-00-00;E;DTI1;PTO;PTO00000005100;;;;;;;;;;;;;;;;;
PTO00019484671;;;WI-2656-5847;19484671;1;PTO00019484671;PSIT0000000125;GSIT0000000140;CST;MCO;2020-10-24 00-00-00;E;DTI1;PTO;PTO00000005100;;;;;;;;;;;;;;;;;
PTO00019349241;;;CT-2536-7650;19349241;0;PTO00019349241;PSIT0000000125;GSIT0000000140;CST;REC;2020-09-14 00-00-00;S;DTI1;PTO;PTO00000005100;;;;;;;;;;;;;;;;;
PTO00033783031;;;CT-2536-8948;33783031;1;PTO00033783031;PSIT0000000125;GSIT0000000140;CST;MCO;2020-09-11 00-00-00;E;DTI1;PTO;PTO00000005100;;;;;;;;;;;;;;;;;
PTO00005276871;;;CT-2536-7144;5276871;0;PTO00005276871;PSIT0000000125;GSIT0000000140;CST;REC;2022-09-08 00-00-00;S;DTI1;PTO;PTO00000005100;;;;;;;;;;;;;;;;;
PTO00003442091;;;CT-2536-7705;3442091;0;PTO00003442091;PSIT0000000125;GSIT0000000140;CST;REC;2021-06-04 00-00-00;S;DTI1;PTO;PTO00000005100;;;;;;;;;;;;;;;;;
PTO00022924231;;;CT-2536-9509;22924231;0;PTO00022924231;PSIT0000000125;GSIT0000000140;CST;REC;2020-12-14 00-00-00;S;DTI1;PTO;PTO00000005100;;;;;;;;;;;;;;;;;
PTO00014172851;;;CT-2536-7980;14172851;0;PTO00014172851;PSIT0000000125;GSIT0000000140;CST;REC;2022-04-08 00-00-00;S;DTI1;PTO;PTO00000005100;;;;;;;;;;;;;;;;;
PTO00093693101;;;WI-B187-4423;93693101;0;PTO00093693101;PSIT0000000125;GSIT0000000140;CST;REC;2024-05-28 00-00-00;S;DTI1;PTO;PTO00000005100;;;;;;;;;;;;;;;;;
PTO00029030811;;;CT-2536-7793;29030811;0;PTO00029030811;PSIT0000000125;GSIT0000000140;CST;REC;2021-10-29 00-00-00;S;DTI1;PTO;PTO00000005100;;;;;;;;;;;;;;;;;
PTO00013850251;;;CT-2536-7595;13850251;0;PTO00013850251;PSIT0000000125;GSIT0000000140;CST;REC;2020-08-28 00-00-00;S;DTI1;PTO;PTO00000005100;;;;;;;;;;;;;;;;;
PTO00032639341;;;CT-2536-8783;32639341;1;PTO00032639341;PSIT0000000125;GSIT0000000140;CST;MCO;2020-08-04 00-00-00;E;DTI1;PTO;PTO00000005100;;;;;;;;;;;;;;;;;
PTO00019461191;;;CT-2536-9729;19461191;0;PTO00019461191;PSIT0000000125;GSIT0000000140;CST;REC;2021-04-23 00-00-00;S;DTI1;PTO;PTO00000005100;;;;;;;;;;;;;;;;;
PTO00022285831;;;CT-2536-8827;22285831;1;PTO00022285831;PSIT0000000125;GSIT0000000140;CST;MCO;2021-06-29 00-00-00;E;DTI1;PTO;PTO00000005100;;;;;;;;;;;;;;;;;
PTO00002682121;;;CT-2536-7056;2682121;1;PTO00002682121;PSIT0000000125;GSIT0000000140;CST;MCO;2022-11-16 00-00-00;E;DTI1;PTO;PTO00000005100;;;;;;;;;;;;;;;;;
PTO00016579251;;;CT-2536-9663;16579251;0;PTO00016579251;PSIT0000000125;GSIT0000000140;CST;REC;2021-12-01 00-00-00;S;DTI1;PTO;PTO00000005100;;;;;;;;;;;;;;;;;
PTO00033358211;;;CT-2537-0004;33358211;0;PTO00033358211;PSIT0000000125;GSIT0000000140;CST;REC;2020-07-17 00-00-00;S;DTI1;PTO;PTO00000005100;;;;;;;;;;;;;;;;;
PTO00079159861;;;WI-7348-5511;79159861;0;PTO00079159861;PSIT0000000125;GSIT0000000140;CST;REC;2023-07-01 00-00-00;S;DTI1;PTO;PTO00000005100;;;;;;;;;;;;;;;;;
PTO00014688471;;;CT-2536-9949;14688471;0;PTO00014688471;PSIT0000000125;GSIT0000000140;CST;REC;2021-01-14 00-00-00;S;DTI1;PTO;PTO00000005100;;;;;;;;;;;;;;;;;
PTO00029233591;;;CT-2536-7782;29233591;0;PTO00029233591;PSIT0000000125;GSIT0000000140;CST;REC;2021-06-28 00-00-00;S;DTI1;PTO;PTO00000005100;;;;;;;;;;;;;;;;;
PTO00007566851;;;CT-2537-0521;7566851;0;PTO00007566851;PSIT0000000125;GSIT0000000140;CST;REC;2020-10-06 00-00-00;S;DTI1;PTO;PTO00000005100;;;;;;;;;;;;;;;;;
PTO00036210151;;;CT-2537-0389;36210151;0;PTO00036210151;PSIT0000000125;GSIT0000000140;CST;REC;2021-07-16 00-00-00;S;DTI1;PTO;PTO00000005100;;;;;;;;;;;;;;;;;
PTO00025566841;;;CT-2537-0268;25566841;0;PTO00025566841;PSIT0000000125;GSIT0000000140;CST;REC;2022-03-11 00-00-00;S;DTI1;PTO;PTO00000005100;;;;;;;;;;;;;;;;;
PTO00007545381;;;CT-2537-0565;7545381;0;PTO00007545381;PSIT0000000125;GSIT0000000140;CST;REC;2021-09-10 00-00-00;S;DTI1;PTO;PTO00000005100;;;;;;;;;;;;;;;;;
PTO00016595311;;;CT-2536-9586;16595311;0;PTO00016595311;PSIT0000000125;GSIT0000000140;CST;REC;2020-08-03 00-00-00;S;DTI1;PTO;PTO00000005100;;;;;;;;;;;;;;;;;
PTO00013734441;;;CT-2536-7628;13734441;1;PTO00013734441;PSIT0000000125;GSIT0000000140;CST;MCO;2022-06-22 00-00-00;E;DTI1;PTO;PTO00000005100;;;;;;;;;;;;;;;;;
PTO00029170381;;;CT-2536-7760;29170381;0;PTO00029170381;PSIT0000000125;GSIT0000000140;CST;REC;2020-10-26 00-00-00;S;DTI1;PTO;PTO00000005100;;;;;;;;;;;;;;;;;
PTO00033499371;;;CT-2537-0037;33499371;0;PTO00033499371;PSIT0000000125;GSIT0000000140;CST;REC;2021-09-25 00-00-00;S;DTI1;PTO;PTO00000005100;;;;;;;;;;;;;;;;;
PTO00081823701;;;WI-B180-2296;81823701;0;PTO00081823701;PSIT0000000125;GSIT0000000140;CST;REC;2023-08-09 00-00-00;S;DTI1;PTO;PTO00000005100;;;;;;;;;;;;;;;;;
PTO00019461161;;;CT-2536-9718;19461161;0;PTO00019461161;PSIT0000000125;GSIT0000000140;CST;REC;2021-04-22 00-00-00;S;DTI1;PTO;PTO00000005100;;;;;;;;;;;;;;;;;
PTO00039894261;;;WI-2698-1944;39894261;1;PTO00039894261;PSIT0000000125;GSIT0000000140;CST;MCO;2021-08-26 00-00-00;E;DTI1;PTO;PTO00000005100;;;;;;;;;;;;;;;;;
PTO00040103621;;;CT-2536-7463;40103621;0;PTO00040103621;PSIT0000000125;GSIT0000000140;CST;REC;2020-10-07 00-00-00;S;DTI1;PTO;PTO00000005100;;;;;;;;;;;;;;;;;
PTO00022354311;;;CT-2536-8838;22354311;0;PTO00022354311;PSIT0000000125;GSIT0000000140;CST;REC;2021-09-29 00-00-00;S;DTI1;PTO;PTO00000005100;;;;;;;;;;;;;;;;;
PTO00017720091;;;CT-2536-8387;17720091;1;PTO00017720091;PSIT0000000125;GSIT0000000140;CST;MCO;2020-06-22 00-00-00;E;DTI1;PTO;PTO00000005100;;;;;;;;;;;;;;;;;
PTO00019723471;;;CT-2536-9300;19723471;0;PTO00019723471;PSIT0000000125;GSIT0000000140;CST;REC;2021-06-08 00-00-00;S;DTI1;PTO;PTO00000005100;;;;;;;;;;;;;;;;;
PTO00007455651;;;CT-2536-8310;7455651;0;PTO00007455651;PSIT0000000125;GSIT0000000140;CST;REC;2021-10-02 00-00-00;S;DTI1;PTO;PTO00000005100;;;;;;;;;;;;;;;;;
PTO00028977361;;;CT-2536-7771;28977361;0;PTO00028977361;PSIT0000000125;GSIT0000000140;CST;REC;2021-02-03 00-00-00;S;DTI1;PTO;PTO00000005100;;;;;;;;;;;;;;;;;
PTO00036198891;;;CT-2537-0422;36198891;0;PTO00036198891;PSIT0000000125;GSIT0000000140;CST;REC;2021-10-07 00-00-00;S;DTI1;PTO;PTO00000005100;;;;;;;;;;;;;;;;;
PTO00025130971;;;CT-2537-0081;25130971;0;PTO00025130971;PSIT0000000125;GSIT0000000140;CST;REC;2021-12-24 00-00-00;S;DTI1;PTO;PTO00000005100;;;;;;;;;;;;;;;;;
PTO00026627821;;;CT-2536-7298;26627821;0;PTO00026627821;PSIT0000000125;GSIT0000000140;CST;REC;2021-07-13 00-00-00;S;DTI1;PTO;PTO00000005100;;;;;;;;;;;;;;;;;
PTO00033620401;;;CT-2536-8728;33620401;0;PTO00033620401;PSIT0000000125;GSIT0000000140;CST;REC;2022-05-14 00-00-00;S;DTI1;PTO;PTO00000005100;;;;;;;;;;;;;;;;;
PTO00033075061;;;CT-2536-8156;33075061;0;PTO00033075061;PSIT0000000125;GSIT0000000140;CST;REC;2021-06-23 00-00-00;S;DTI1;PTO;PTO00000005100;;;;;;;;;;;;;;;;;
PTO00094405851;;;WI-B210-3355;94405851;0;PTO00094405851;PSIT0000000125;GSIT0000000140;CST;REC;2024-06-27 00-00-00;S;DTI1;PTO;PTO00000005100;;;;;;;;;;;;;;;;;
PTO00019481921;;;WI-2656-5836;19481921;1;PTO00019481921;PSIT0000000125;GSIT0000000140;CST;MCO;2020-08-26 00-00-00;E;DTI1;PTO;PTO00000005100;;;;;;;;;;;;;;;;;
PTO00025210601;;;CT-2537-0070;25210601;0;PTO00025210601;PSIT0000000125;GSIT0000000140;CST;REC;2020-08-26 00-00-00;S;DTI1;PTO;PTO00000005100;;;;;;;;;;;;;;;;;
PTO00002682181;;;CT-2536-7045;2682181;0;PTO00002682181;PSIT0000000125;GSIT0000000140;CST;REC;2021-08-11 00-00-00;S;DTI1;PTO;PTO00000005100;;;;;;;;;;;;;;;;;
PTO00039899141;;;WI-2698-2032;39899141;1;PTO00039899141;PSIT0000000125;GSIT0000000140;CST;MCO;2020-10-29 00-00-00;E;DTI1;PTO;PTO00000005100;;;;;;;;;;;;;;;;;
PTO00039929581;;;WI-2698-1977;39929581;1;PTO00039929581;PSIT0000000125;GSIT0000000140;CST;MCO;2022-08-10 00-00-00;E;DTI1;PTO;PTO00000005100;;;;;;;;;;;;;;;;;
PTO00025118941;;;CT-2537-0114;25118941;0;PTO00025118941;PSIT0000000125;GSIT0000000140;CST;REC;2022-05-10 00-00-00;S;DTI1;PTO;PTO00000005100;;;;;;;;;;;;;;;;;
PTO00016577741;;;CT-2536-9597;16577741;1;PTO00016577741;PSIT0000000125;GSIT0000000140;CST;MCO;2020-11-04 00-00-00;E;DTI1;PTO;PTO00000005100;;;;;;;;;;;;;;;;;
PTO00080845611;;;WI-B178-1143;80845611;0;PTO00080845611;PSIT0000000125;GSIT0000000140;CST;REC;2023-07-28 00-00-00;S;DTI1;PTO;PTO00000005100;;;;;;;;;;;;;;;;;
PTO00033702061;;;CT-2536-9872;33702061;0;PTO00033702061;PSIT0000000125;GSIT0000000140;CST;REC;2021-10-14 00-00-00;S;DTI1;PTO;PTO00000005100;;;;;;;;;;;;;;;;;
PTO00005312021;;;CT-2536-7100;5312021;0;PTO00005312021;PSIT0000000125;GSIT0000000140;CST;REC;2021-05-25 00-00-00;S;DTI1;PTO;PTO00000005100;;;;;;;;;;;;;;;;;
PTO00029091171;;;CT-2537-0180;29091171;0;PTO00029091171;PSIT0000000125;GSIT0000000140;CST;REC;2020-10-06 00-00-00;S;DTI1;PTO;PTO00000005100;;;;;;;;;;;;;;;;;
PTO00017692881;;;CT-2536-8409;17692881;0;PTO00017692881;PSIT0000000125;GSIT0000000140;CST;REC;2021-09-27 00-00-00;S;DTI1;PTO;PTO00000005100;;;;;;;;;;;;;;;;;
PTO00025663181;;;CT-2536-7221;25663181;0;PTO00025663181;PSIT0000000125;GSIT0000000140;CST;REC;2021-03-16 00-00-00;S;DTI1;PTO;PTO00000005100;;;;;;;;;;;;;;;;;
PTO00039610501;;;CT-2537-0477;39610501;1;PTO00039610501;PSIT0000000125;GSIT0000000140;CST;MCO;2022-07-23 00-00-00;E;DTI1;PTO;PTO00000005100;;;;;;;;;;;;;;;;;
PTO00040077771;;;CT-2536-7485;40077771;0;PTO00040077771;PSIT0000000125;GSIT0000000140;CST;REC;2020-11-05 00-00-00;S;DTI1;PTO;PTO00000005100;;;;;;;;;;;;;;;;;
PTO00002196341;;;CT-2536-7859;2196341;0;PTO00002196341;PSIT0000000125;GSIT0000000140;CST;REC;2023-05-06 00-00-00;S;DTI1;PTO;PTO00000005100;;;;;;;;;;;;;;;;;
PTO00056980381;;;WI-8681-0570;56980381;0;PTO00056980381;PSIT0000000125;GSIT0000000140;CST;REC;2023-03-01 00-00-00;S;DTI1;PTO;PTO00000005100;;;;;;;;;;;;;;;;;
PTO00033538991;;;CT-2536-9927;33538991;0;PTO00033538991;PSIT0000000125;GSIT0000000140;CST;REC;2022-05-20 00-00-00;S;DTI1;PTO;PTO00000005100;;;;;;;;;;;;;;;;;
PTO00038427731;;;CT-2536-7848;38427731;0;PTO00038427731;PSIT0000000125;GSIT0000000140;CST;REC;2022-09-05 00-00-00;S;DTI1;PTO;PTO00000005100;;;;;;;;;;;;;;;;;
PTO00019689481;;;CT-2536-9179;19689481;0;PTO00019689481;PSIT0000000125;GSIT0000000140;CST;REC;2021-11-04 00-00-00;S;DTI1;PTO;PTO00000005100;;;;;;;;;;;;;;;;;
PTO00027284981;;;CT-2536-9333;27284981;1;PTO00027284981;PSIT0000000125;GSIT0000000140;CST;MCO;2020-07-28 00-00-00;E;DTI1;PTO;PTO00000005100;;;;;;;;;;;;;;;;;
PTO00025150681;;;CT-2536-7430;25150681;0;PTO00025150681;PSIT0000000125;GSIT0000000140;CST;REC;2022-09-07 00-00-00;S;DTI1;PTO;PTO00000005100;;;;;;;;;;;;;;;;;
PTO00025635561;;;CT-2536-7210;25635561;0;PTO00025635561;PSIT0000000125;GSIT0000000140;CST;REC;2021-01-14 00-00-00;S;DTI1;PTO;PTO00000005100;;;;;;;;;;;;;;;;;
PTO00026744171;;;CT-2536-7265;26744171;0;PTO00026744171;PSIT0000000125;GSIT0000000140;CST;REC;2020-09-14 00-00-00;S;DTI1;PTO;PTO00000005100;;;;;;;;;;;;;;;;;
PTO00015258971;;;CT-2536-8563;15258971;0;PTO00015258971;PSIT0000000125;GSIT0000000140;CST;REC;2021-06-16 00-00-00;S;DTI1;PTO;PTO00000005100;;;;;;;;;;;;;;;;;
PTO00039885301;;;WI-2698-2340;39885301;1;PTO00039885301;PSIT0000000125;GSIT0000000140;CST;MCO;2021-06-28 00-00-00;E;DTI1;PTO;PTO00000005100;;;;;;;;;;;;;;;;;
PTO00039993371;;;WI-2698-2406;39993371;1;PTO00039993371;PSIT0000000125;GSIT0000000140;CST;MCO;2020-09-16 00-00-00;E;DTI1;PTO;PTO00000005100;;;;;;;;;;;;;;;;;
PTO00010597491;;;CT-2536-9806;10597491;0;PTO00010597491;PSIT0000000125;GSIT0000000140;CST;REC;2022-10-19 00-00-00;S;DTI1;PTO;PTO00000005100;;;;;;;;;;;;;;;;;
PTO00081828641;;;WI-B180-2362;81828641;0;PTO00081828641;PSIT0000000125;GSIT0000000140;CST;REC;2023-08-07 00-00-00;S;DTI1;PTO;PTO00000005100;;;;;;;;;;;;;;;;;
PTO00017667011;;;CT-2536-8420;17667011;0;PTO00017667011;PSIT0000000125;GSIT0000000140;CST;REC;2022-12-22 00-00-00;S;DTI1;PTO;PTO00000005100;;;;;;;;;;;;;;;;;
PTO00091563781;;;WI-B200-6995;91563781;0;PTO00091563781;PSIT0000000125;GSIT0000000140;CST;REC;2024-03-06 00-00-00;S;DTI1;PTO;PTO00000005100;;;;;;;;;;;;;;;;;
PTO00013878251;;;CT-2536-7639;13878251;0;PTO00013878251;PSIT0000000125;GSIT0000000140;CST;REC;2023-06-12 00-00-00;S;DTI1;PTO;PTO00000005100;;;;;;;;;;;;;;;;;
PTO00014175521;;;CT-2536-7958;14175521;0;PTO00014175521;PSIT0000000125;GSIT0000000140;CST;REC;2021-10-18 00-00-00;S;DTI1;PTO;PTO00000005100;;;;;;;;;;;;;;;;;
PTO00036675361;;;CT-2536-7892;36675361;0;PTO00036675361;PSIT0000000125;GSIT0000000140;CST;REC;2021-03-23 00-00-00;S;DTI1;PTO;PTO00000005100;;;;;;;;;;;;;;;;;
PTO00014172761;;;CT-2536-7254;14172761;1;PTO00014172761;PSIT0000000125;GSIT0000000140;CST;MCO;2022-09-03 00-00-00;E;DTI1;PTO;PTO00000005100;;;;;;;;;;;;;;;;;
PTO00027293091;;;CT-2536-9344;27293091;0;PTO00027293091;PSIT0000000125;GSIT0000000140;CST;REC;2020-09-24 00-00-00;S;DTI1;PTO;PTO00000005100;;;;;;;;;;;;;;;;;
PTO00010861291;;;CT-2536-6990;10861291;0;PTO00010861291;PSIT0000000125;GSIT0000000140;CST;REC;2023-04-07 00-00-00;S;DTI1;PTO;PTO00000005100;;;;;;;;;;;;;;;;;
PTO00090873641;;;WI-B198-6139;90873641;0;PTO00090873641;PSIT0000000125;GSIT0000000140;CST;REC;2024-02-15 00-00-00;S;DTI1;PTO;PTO00000005100;;;;;;;;;;;;;;;;;
PTO00039919311;;;WI-2698-2076;39919311;0;PTO00039919311;PSIT0000000125;GSIT0000000140;CST;REC;2021-08-25 00-00-00;S;DTI1;PTO;PTO00000005100;;;;;;;;;;;;;;;;;
PTO00039899031;;;WI-2698-2593;39899031;1;PTO00039899031;PSIT0000000125;GSIT0000000140;CST;MCO;2021-04-07 00-00-00;E;DTI1;PTO;PTO00000005100;;;;;;;;;;;;;;;;;
PTO00039888741;;;WI-2698-2043;39888741;0;PTO00039888741;PSIT0000000125;GSIT0000000140;CST;REC;2020-12-11 00-00-00;S;DTI1;PTO;PTO00000005100;;;;;;;;;;;;;;;;;
PTO00016660281;;;CT-2536-9619;16660281;0;PTO00016660281;PSIT0000000125;GSIT0000000140;CST;REC;2021-11-19 00-00-00;S;DTI1;PTO;PTO00000005100;;;;;;;;;;;;;;;;;
PTO00035384591;;;CT-2536-8508;35384591;0;PTO00035384591;PSIT0000000125;GSIT0000000140;CST;REC;2023-03-17 00-00-00;S;DTI1;PTO;PTO00000005100;;;;;;;;;;;;;;;;;
PTO00033620361;;;CT-2537-0015;33620361;1;PTO00033620361;PSIT0000000125;GSIT0000000140;CST;MCO;2020-09-14 00-00-00;E;DTI1;PTO;PTO00000005100;;;;;;;;;;;;;;;;;
PTO00035337681;;;CT-2536-8475;35337681;1;PTO00035337681;PSIT0000000125;GSIT0000000140;CST;MCO;2021-05-18 00-00-00;E;DTI1;PTO;PTO00000005100;;;;;;;;;;;;;;;;;
PTO00033692761;;;CT-2536-8970;33692761;0;PTO00033692761;PSIT0000000125;GSIT0000000140;CST;REC;2020-10-17 00-00-00;S;DTI1;PTO;PTO00000005100;;;;;;;;;;;;;;;;;
PTO00011585771;;;CT-2536-7375;11585771;1;PTO00011585771;PSIT0000000125;GSIT0000000140;CST;MCO;2021-12-14 00-00-00;E;DTI1;PTO;PTO00000005100;;;;;;;;;;;;;;;;;
PTO00091087691;;;WI-B199-1738;91087691;0;PTO00091087691;PSIT0000000125;GSIT0000000140;CST;REC;2024-02-27 00-00-00;S;DTI1;PTO;PTO00000005100;;;;;;;;;;;;;;;;;
PTO00023507701;;;CT-2536-9410;23507701;1;PTO00023507701;PSIT0000000125;GSIT0000000140;CST;MCO;2020-10-24 00-00-00;E;DTI1;PTO;PTO00000005100;;;;;;;;;;;;;;;;;
PTO00019576981;;;CT-2536-9201;19576981;0;PTO00019576981;PSIT0000000125;GSIT0000000140;CST;REC;2023-02-27 00-00-00;S;DTI1;PTO;PTO00000005100;;;;;;;;;;;;;;;;;
PTO00033086661;;;CT-2536-8189;33086661;0;PTO00033086661;PSIT0000000125;GSIT0000000140;CST;REC;2021-08-30 00-00-00;S;DTI1;PTO;PTO00000005100;;;;;;;;;;;;;;;;;
PTO00091391021;;;WI-B200-1077;91391021;0;PTO00091391021;PSIT0000000125;GSIT0000000140;CST;REC;2024-03-01 00-00-00;S;DTI1;PTO;PTO00000005100;;;;;;;;;;;;;;;;;
PTO00019334051;;;CT-2536-7661;19334051;0;PTO00019334051;PSIT0000000125;GSIT0000000140;CST;REC;2020-10-06 00-00-00;S;DTI1;PTO;PTO00000005100;;;;;;;;;;;;;;;;;
PTO00010597461;;;CT-2536-9773;10597461;0;PTO00010597461;PSIT0000000125;GSIT0000000140;CST;REC;2022-02-28 00-00-00;S;DTI1;PTO;PTO00000005100;;;;;;;;;;;;;;;;;
PTO00025176021;;;CT-2537-0092;25176021;1;PTO00025176021;PSIT0000000125;GSIT0000000140;CST;MCO;2023-04-12 00-00-00;E;DTI1;PTO;PTO00000005100;;;;;;;;;;;;;;;;;
PTO00023004431;;;CT-2537-0708;23004431;0;PTO00023004431;PSIT0000000125;GSIT0000000140;CST;REC;2021-11-16 00-00-00;S;DTI1;PTO;PTO00000005100;;;;;;;;;;;;;;;;;
PTO00039940301;;;WI-2698-2285;39940301;1;PTO00039940301;PSIT0000000125;GSIT0000000140;CST;MCO;2020-10-26 00-00-00;E;DTI1;PTO;PTO00000005100;;;;;;;;;;;;;;;;;
PTO00039940281;;;WI-2698-2252;39940281;0;PTO00039940281;PSIT0000000125;GSIT0000000140;CST;REC;2020-09-16 00-00-00;S;DTI1;PTO;PTO00000005100;;;;;;;;;;;;;;;;;
PTO00007590921;;;CT-2537-0554;7590921;0;PTO00007590921;PSIT0000000125;GSIT0000000140;CST;REC;2021-01-27 00-00-00;S;DTI1;PTO;PTO00000005100;;;;;;;;;;;;;;;;;
PTO00019723301;;;CT-2536-9289;19723301;0;PTO00019723301;PSIT0000000125;GSIT0000000140;CST;REC;2021-01-23 00-00-00;S;DTI1;PTO;PTO00000005100;;;;;;;;;;;;;;;;;
PTO00019689021;;;CT-2536-9168;19689021;0;PTO00019689021;PSIT0000000125;GSIT0000000140;CST;REC;2021-09-04 00-00-00;S;DTI1;PTO;PTO00000005100;;;;;;;;;;;;;;;;;
PTO00004471121;;;CT-2537-0642;4471121;1;PTO00004471121;PSIT0000000125;GSIT0000000140;CST;MCO;2021-12-08 00-00-00;E;DTI1;PTO;PTO00000005100;;;;;;;;;;;;;;;;;
PTO00040147021;;;CT-2536-7474;40147021;0;PTO00040147021;PSIT0000000125;GSIT0000000140;CST;REC;2020-10-21 00-00-00;S;DTI1;PTO;PTO00000005100;;;;;;;;;;;;;;;;;
PTO00031097641;;;CT-2536-6869;31097641;0;PTO00031097641;PSIT0000000125;GSIT0000000140;CST;REC;2021-07-09 00-00-00;S;DTI1;PTO;PTO00000005100;;;;;;;;;;;;;;;;;
PTO00092688201;;;WI-B203-8015;92688201;0;PTO00092688201;PSIT0000000125;GSIT0000000140;CST;REC;2024-04-11 00-00-00;S;DTI1;PTO;PTO00000005100;;;;;;;;;;;;;;;;;
PTO00010605821;;;CT-2536-9784;10605821;1;PTO00010605821;PSIT0000000125;GSIT0000000140;CST;MCO;2020-08-19 00-00-00;E;DTI1;PTO;PTO00000005100;;;;;;;;;;;;;;;;;
PTO00036210201;;;CT-2537-0411;36210201;0;PTO00036210201;PSIT0000000125;GSIT0000000140;CST;REC;2021-09-15 00-00-00;S;DTI1;PTO;PTO00000005100;;;;;;;;;;;;;;;;;
PTO00033400921;;;CT-2536-9850;33400921;0;PTO00033400921;PSIT0000000125;GSIT0000000140;CST;REC;2021-01-14 00-00-00;S;DTI1;PTO;PTO00000005100;;;;;;;;;;;;;;;;;
PTO00033527511;;;CT-2536-8695;33527511;0;PTO00033527511;PSIT0000000125;GSIT0000000140;CST;REC;2021-02-27 00-00-00;S;DTI1;PTO;PTO00000005100;;;;;;;;;;;;;;;;;
PTO00020280691;;;CT-2536-7573;20280691;1;PTO00020280691;PSIT0000000125;GSIT0000000140;CST;MCO;2022-12-09 00-00-00;E;DTI1;PTO;PTO00000005100;;;;;;;;;;;;;;;;;
PTO00033620211;;;CT-2536-9916;33620211;0;PTO00033620211;PSIT0000000125;GSIT0000000140;CST;REC;2021-07-31 00-00-00;S;DTI1;PTO;PTO00000005100;;;;;;;;;;;;;;;;;
PTO00006500401;;;CT-2536-9234;6500401;0;PTO00006500401;PSIT0000000125;GSIT0000000140;CST;REC;2020-09-14 00-00-00;S;DTI1;PTO;PTO00000005100;;;;;;;;;;;;;;;;;
PTO00025484431;;;CT-2536-7199;25484431;0;PTO00025484431;PSIT0000000125;GSIT0000000140;CST;REC;2020-10-16 00-00-00;S;DTI1;PTO;PTO00000005100;;;;;;;;;;;;;;;;;
PTO00010861381;;;CT-2536-6968;10861381;0;PTO00010861381;PSIT0000000125;GSIT0000000140;CST;REC;2022-08-06 00-00-00;S;DTI1;PTO;PTO00000005100;;;;;;;;;;;;;;;;;
PTO00033692891;;;CT-2536-8321;33692891;0;PTO00033692891;PSIT0000000125;GSIT0000000140;CST;REC;2021-02-12 00-00-00;S;DTI1;PTO;PTO00000005100;;;;;;;;;;;;;;;;;
PTO00003442401;;;CT-2536-7749;3442401;0;PTO00003442401;PSIT0000000125;GSIT0000000140;CST;REC;2023-06-06 00-00-00;S;DTI1;PTO;PTO00000005100;;;;;;;;;;;;;;;;;
PTO00019615031;;;CT-2536-9146;19615031;0;PTO00019615031;PSIT0000000125;GSIT0000000140;CST;REC;2020-10-19 00-00-00;S;DTI1;PTO;PTO00000005100;;;;;;;;;;;;;;;;;
PTO00020305121;;;CT-2536-7562;20305121;0;PTO00020305121;PSIT0000000125;GSIT0000000140;CST;REC;2022-03-11 00-00-00;S;DTI1;PTO;PTO00000005100;;;;;;;;;;;;;;;;;
PTO00025632171;;;CT-2537-0257;25632171;0;PTO00025632171;PSIT0000000125;GSIT0000000140;CST;REC;2021-06-16 00-00-00;S;DTI1;PTO;PTO00000005100;;;;;;;;;;;;;;;;;
PTO00007495531;;;CT-2536-8354;7495531;0;PTO00007495531;PSIT0000000125;GSIT0000000140;CST;REC;2022-03-26 00-00-00;S;DTI1;PTO;PTO00000005100;;;;;;;;;;;;;;;;;
PTO00025203541;;;CT-2537-0125;25203541;0;PTO00025203541;PSIT0000000125;GSIT0000000140;CST;REC;2022-06-29 00-00-00;S;DTI1;PTO;PTO00000005100;;;;;;;;;;;;;;;;;
PTO00034883591;;;CT-2536-8035;34883591;0;PTO00034883591;PSIT0000000125;GSIT0000000140;CST;REC;2022-09-28 00-00-00;S;DTI1;PTO;PTO00000005100;;;;;;;;;;;;;;;;;
PTO00036048671;;;CT-2536-8112;36048671;0;PTO00036048671;PSIT0000000125;GSIT0000000140;CST;REC;2022-11-03 00-00-00;S;DTI1;PTO;PTO00000005100;;;;;;;;;;;;;;;;;
PTO00027357261;;;CT-2536-9366;27357261;1;PTO00027357261;PSIT0000000125;GSIT0000000140;CST;MCO;2021-04-27 00-00-00;E;DTI1;PTO;PTO00000005100;;;;;;;;;;;;;;;;;
PTO00027362131;;;CT-2536-9355;27362131;0;PTO00027362131;PSIT0000000125;GSIT0000000140;CST;REC;2021-03-26 00-00-00;S;DTI1;PTO;PTO00000005100;;;;;;;;;;;;;;;;;
PTO00035420151;;;CT-2536-8453;35420151;0;PTO00035420151;PSIT0000000125;GSIT0000000140;CST;REC;2020-10-14 00-00-00;S;DTI1;PTO;PTO00000005100;;;;;;;;;;;;;;;;;
PTO00039894271;;;WI-2698-1988;39894271;0;PTO00039894271;PSIT0000000125;GSIT0000000140;CST;REC;2022-05-14 00-00-00;S;DTI1;PTO;PTO00000005100;;;;;;;;;;;;;;;;;
PTO00039882451;;;WI-2698-2054;39882451;0;PTO00039882451;PSIT0000000125;GSIT0000000140;CST;REC;2020-12-23 00-00-00;S;DTI1;PTO;PTO00000005100;;;;;;;;;;;;;;;;;
PTO00004428451;;;CT-2537-0664;4428451;0;PTO00004428451;PSIT0000000125;GSIT0000000140;CST;REC;2023-01-21 00-00-00;S;DTI1;PTO;PTO00000005100;;;;;;;;;;;;;;;;;
PTO00019385681;;;WI-2656-5781;19385681;0;PTO00019385681;PSIT0000000125;GSIT0000000140;CST;REC;2020-10-29 00-00-00;S;DTI1;PTO;PTO00000005100;;;;;;;;;;;;;;;;;
PTO00019478771;;;WI-2656-5869;19478771;1;PTO00019478771;PSIT0000000125;GSIT0000000140;CST;MCO;2023-03-16 00-00-00;E;DTI1;PTO;PTO00000005100;;;;;;;;;;;;;;;;;
PTO00033548941;;;CT-2536-8299;33548941;0;PTO00033548941;PSIT0000000125;GSIT0000000140;CST;REC;2020-07-17 00-00-00;S;DTI1;PTO;PTO00000005100;;;;;;;;;;;;;;;;;
PTO00067706191;;;WI-B173-3766;67706191;0;PTO00067706191;PSIT0000000125;GSIT0000000140;CST;REC;2023-06-15 00-00-00;S;DTI1;PTO;PTO00000005100;;;;;;;;;;;;;;;;;
PTO00083028231;;;WI-B183-3393;83028231;0;PTO00083028231;PSIT0000000125;GSIT0000000140;CST;REC;2023-09-11 00-00-00;S;DTI1;PTO;PTO00000005100;;;;;;;;;;;;;;;;;
PTO00003033071;;;CT-2536-8618;3033071;0;PTO00003033071;PSIT0000000125;GSIT0000000140;CST;REC;2022-11-09 00-00-00;S;DTI1;PTO;PTO00000005100;;;;;;;;;;;;;;;;;
PTO00092322001;;;WI-B202-3440;92322001;0;PTO00092322001;PSIT0000000125;GSIT0000000140;CST;REC;2024-03-29 00-00-00;S;DTI1;PTO;PTO00000005100;;;;;;;;;;;;;;;;;
PTO00081711191;;;WI-B173-8606;81711191;0;PTO00081711191;PSIT0000000125;GSIT0000000140;CST;REC;2023-08-03 00-00-00;S;DTI1;PTO;PTO00000005100;;;;;;;;;;;;;;;;;
PTO00039927061;;;WI-2698-2296;39927061;1;PTO00039927061;PSIT0000000125;GSIT0000000140;CST;MCO;2021-01-21 00-00-00;E;DTI1;PTO;PTO00000005100;;;;;;;;;;;;;;;;;
PTO00067744121;;;WI-B173-5515;67744121;0;PTO00067744121;PSIT0000000125;GSIT0000000140;CST;REC;2023-06-16 00-00-00;S;DTI1;PTO;PTO00000005100;;;;;;;;;;;;;;;;;
PTO00035332631;;;CT-2536-8442;35332631;0;PTO00035332631;PSIT0000000125;GSIT0000000140;CST;REC;2020-08-26 00-00-00;S;DTI1;PTO;PTO00000005100;;;;;;;;;;;;;;;;;
PTO00019301211;;;CT-2536-7672;19301211;0;PTO00019301211;PSIT0000000125;GSIT0000000140;CST;REC;2021-05-07 00-00-00;S;DTI1;PTO;PTO00000005100;;;;;;;;;;;;;;;;;
BL000008255518;;;BE-06-117749607;8255518;0;RO000013308540;PSIT0000000125;GSIT0000000140;CST;REC;2019-11-22 17-00-13;E;B024;PBO;BL000000004816;;;;;;;;;;;;;;;;;
BL000008255520;;;BE-08-117749607;8255520;0;RO000013308542;PSIT0000000125;GSIT0000000140;CST;REC;2019-11-22 17-00-17;E;B024;PBO;BL000000004816;;;;;;;;;;;;;;;;;
BL000008255517;;;BE-05-117749607;8255517;0;RO000013308539;PSIT0000000125;GSIT0000000140;CST;REC;2019-11-22 17-00-10;E;B024;PBO;BL000000004816;;;;;;;;;;;;;;;;;
BL000008255515;;;BE-03-117749607;8255515;0;RO000013308537;PSIT0000000125;GSIT0000000140;CST;REC;2019-11-22 17-00-04;E;B024;PBO;BL000000004816;;;;;;;;;;;;;;;;;
BL000008255514;;;BE-02-117749607;8255514;0;RO000013308536;PSIT0000000125;GSIT0000000140;CST;REC;2019-11-22 17-00-02;E;B024;PBO;BL000000004816;;;;;;;;;;;;;;;;;
BL000008255513;;;BE-01-117749607;8255513;0;RO000013308535;PSIT0000000125;GSIT0000000140;CST;REC;2019-11-22 16-59-59;E;B024;PBO;BL000000004816;;;;;;;;;;;;;;;;;
BL000008202713;;;BE-02-117738031;8202713;0;RO000013248364;PSIT0000000125;GSIT0000000140;CST;REC;2019-11-18 10-06-34;E;B024;PBO;BL000000004816;;;;;;;;;;;;;;;;;
BL000008255516;;;BE-04-117749607;8255516;0;RO000013308538;PSIT0000000125;GSIT0000000140;CST;REC;2019-11-22 17-00-08;E;B024;PBO;BL000000004816;;;;;;;;;;;;;;;;;
BL000008202712;;;BE-01-117738031;8202712;0;RO000013248363;PSIT0000000125;GSIT0000000140;CST;REC;2019-11-18 10-06-32;E;B024;PBO;BL000000004816;;;;;;;;;;;;;;;;;
BL000008255519;;;BE-07-117749607;8255519;0;RO000013308541;PSIT0000000125;GSIT0000000140;CST;REC;2019-11-22 17-00-16;E;B024;PBO;BL000000004816;;;;;;;;;;;;;;;;;
BL000008028036;CH000004311707;;PBO-SRO-BPI-11363897-028;8028036;0;;PSIT0000000125;GSIT0000000140;CST;REC;2019-10-28 14-15-08;E;B048;PBO;BL000000004824;;;;;;;;;;;;;;;;;
BL000008028025;SU000000870110;;PBO-SRO-BPI-11363897-017;8028025;0;;PSIT0000000125;GSIT0000000140;CST;REC;2019-10-28 14-14-47;E;B048;PBO;BL000000004822;;;;;;;;;;;;;;;;;
BL000008028033;CH000004316479;;PBO-SRO-BPI-11363897-025;8028033;0;;PSIT0000000125;GSIT0000000140;CST;REC;2019-10-28 14-14-55;E;B048;PBO;BL000000004824;;;;;;;;;;;;;;;;;
BL000008028034;CH000004323214;;PBO-SRO-BPI-11363897-026;8028034;0;;PSIT0000000125;GSIT0000000140;CST;REC;2019-10-28 14-15-00;E;B048;PBO;BL000000004824;;;;;;;;;;;;;;;;;
BL000008028081;SU000000880790;;PBO-SRO-BPI-11363897-063;8028081;0;;PSIT0000000125;GSIT0000000140;CST;REC;2019-10-28 14-16-57;E;B048;PBO;BL000000004822;;;;;;;;;;;;;;;;;
BL000008028000;CH000004313905;;PBO-SRO-BPI-11363897-065;8028000;0;;PSIT0000000125;GSIT0000000140;CST;REC;2019-10-28 14-16-55;E;B048;PBO;BL000000004824;;;;;;;;;;;;;;;;;
BL000008027998;CH000004311359;;PBO-SRO-BPI-11363897-051;8027998;0;;PSIT0000000125;GSIT0000000140;CST;REC;2019-10-28 14-16-24;E;B048;PBO;BL000000004824;;;;;;;;;;;;;;;;;
BL000008028029;CH000004311346;;PBO-SRO-BPI-11363897-032;8028029;0;;PSIT0000000125;GSIT0000000140;CST;REC;2019-10-28 14-15-23;E;B048;PBO;BL000000004824;;;;;;;;;;;;;;;;;
BL000008028028;CH000004311345;;PBO-SRO-BPI-11363897-031;8028028;0;;PSIT0000000125;GSIT0000000140;CST;REC;2019-10-28 14-15-19;E;B048;PBO;BL000000004824;;;;;;;;;;;;;;;;;
BL000008026396;CH000004315505;;PBO-SRO-BPI-11363897-008;8026396;0;;PSIT0000000125;GSIT0000000140;CST;REC;2019-10-28 14-14-25;E;B048;PBO;BL000000004824;;;;;;;;;;;;;;;;;
BL000008028075;CH000004316467;;PBO-SRO-BPI-11363897-056;8028075;0;;PSIT0000000125;GSIT0000000140;CST;REC;2019-10-28 14-16-26;E;B048;PBO;BL000000004824;;;;;;;;;;;;;;;;;
BL000008028024;SU000000869762;;PBO-SRO-BPI-11363897-016;8028024;0;;PSIT0000000125;GSIT0000000140;CST;REC;2019-10-28 14-14-43;E;B048;PBO;BL000000004822;;;;;;;;;;;;;;;;;
BL000008028097;CH000004323244;;PBO-SRO-BPI-11363897-066;8028097;0;;PSIT0000000125;GSIT0000000140;CST;REC;2019-10-28 14-17-04;E;B048;PBO;BL000000004824;;;;;;;;;;;;;;;;;
BL000008028019;SU000000863688;;PBO-SRO-BPI-11363897-011;8028019;0;;PSIT0000000125;GSIT0000000140;CST;REC;2019-10-28 14-14-25;E;B048;PBO;BL000000004822;;;;;;;;;;;;;;;;;
BL000008027999;CH000004310408;;PBO-SRO-BPI-11363897-064;8027999;0;;PSIT0000000125;GSIT0000000140;CST;REC;2019-10-28 14-16-47;E;B048;PBO;BL000000004824;;;;;;;;;;;;;;;;;
BL000008028020;SU000000863688;;PBO-SRO-BPI-11363897-012;8028020;0;;PSIT0000000125;GSIT0000000140;CST;REC;2019-10-28 14-14-29;E;B048;PBO;BL000000004822;;;;;;;;;;;;;;;;;
BL000008028067;CH000004310066;;PBO-SRO-BPI-11363897-043;8028067;0;;PSIT0000000125;GSIT0000000140;CST;REC;2019-10-28 14-15-51;E;B048;PBO;BL000000004824;;;;;;;;;;;;;;;;;
BL000008026079;CH000004312320;;PBO-SRO-BPI-11363897-001;8026079;0;;PSIT0000000125;GSIT0000000140;CST;REC;2019-10-28 14-13-25;E;B048;PBO;BL000000004824;;;;;;;;;;;;;;;;;
BL000008028071;CH000004316476;;PBO-SRO-BPI-11363897-052;8028071;0;;PSIT0000000125;GSIT0000000140;CST;REC;2019-10-28 14-16-11;E;B048;PBO;BL000000004824;;;;;;;;;;;;;;;;;
BL000008027987;SU000000880765;;PBO-SRO-BPI-11363897-005;8027987;0;;PSIT0000000125;GSIT0000000140;CST;REC;2019-10-28 14-14-08;E;B048;PBO;BL000000004822;;;;;;;;;;;;;;;;;
BL000008028043;CH000004316155;;PBO-SRO-BPI-11363897-057;8028043;0;;PSIT0000000125;GSIT0000000140;CST;REC;2019-10-28 14-16-27;E;B048;PBO;BL000000004824;;;;;;;;;;;;;;;;;
BL000008028065;CH000003986231;;PBO-SRO-BPI-11363897-041;8028065;0;;PSIT0000000125;GSIT0000000140;CST;REC;2019-10-28 14-15-45;E;B048;PBO;BL000000004824;;;;;;;;;;;;;;;;;
BL000008028073;CH000004316159;;PBO-SRO-BPI-11363897-054;8028073;0;;PSIT0000000125;GSIT0000000140;CST;REC;2019-10-28 14-16-19;E;B048;PBO;BL000000004824;;;;;;;;;;;;;;;;;
BL000008028017;CH000004309432;;PBO-SRO-BPI-11363897-009;8028017;0;;PSIT0000000125;GSIT0000000140;CST;REC;2019-10-28 14-14-11;E;B048;PBO;BL000000004824;;;;;;;;;;;;;;;;;
BL000008028048;SU000000880663;;PBO-SRO-BPI-11363897-062;8028048;0;;PSIT0000000125;GSIT0000000140;CST;REC;2019-10-28 14-16-52;E;B048;PBO;BL000000004822;;;;;;;;;;;;;;;;;
BL000008026080;CH000004313607;;PBO-SRO-BPI-11363897-002;8026080;0;;PSIT0000000125;GSIT0000000140;CST;REC;2019-10-28 00-00-00;E;B048;PBO;BL000000004824;;;;;;;;;;;;;;;;;
BL000008028041;CH000004323264;;PBO-SRO-BPI-11363897-038;8028041;0;;PSIT0000000125;GSIT0000000140;CST;REC;2019-10-28 14-15-43;E;B048;PBO;BL000000004824;;;;;;;;;;;;;;;;;
BL000008028046;CH000004317117;;PBO-SRO-BPI-11363897-060;8028046;0;;PSIT0000000125;GSIT0000000140;CST;REC;2019-10-28 14-16-41;E;B048;PBO;BL000000004824;;;;;;;;;;;;;;;;;
BL000008028023;CH000004309426;;PBO-SRO-BPI-11363897-015;8028023;0;;PSIT0000000125;GSIT0000000140;CST;REC;2019-10-28 14-14-40;E;B048;PBO;BL000000004824;;;;;;;;;;;;;;;;;
BL000008027986;SU000000870120;;PBO-SRO-BPI-11363897-004;8027986;0;;PSIT0000000125;GSIT0000000140;CST;REC;2019-10-28 14-13-51;E;B048;PBO;BL000000004822;;;;;;;;;;;;;;;;;
BL000008027669;CH000004312318;;PBO-SRO-BPI-11363897-068;8027669;0;;PSIT0000000125;GSIT0000000140;CST;REC;2019-10-28 14-17-00;E;B048;PBO;BL000000004824;;;;;;;;;;;;;;;;;
BL000008028068;CH000004323204;;PBO-SRO-BPI-11363897-044;8028068;0;;PSIT0000000125;GSIT0000000140;CST;REC;2019-10-28 14-15-55;E;B048;PBO;BL000000004824;;;;;;;;;;;;;;;;;
BL000008028044;CH000004311358;;PBO-SRO-BPI-11363897-058;8028044;0;;PSIT0000000125;GSIT0000000140;CST;REC;2019-10-28 14-16-33;E;B048;PBO;BL000000004824;;;;;;;;;;;;;;;;;
BL000008028035;CH000004313616;;PBO-SRO-BPI-11363897-027;8028035;0;;PSIT0000000125;GSIT0000000140;CST;REC;2019-10-28 14-15-04;E;B048;PBO;BL000000004824;;;;;;;;;;;;;;;;;
BL000008028027;CH000004317429;;PBO-SRO-BPI-11363897-030;8028027;0;;PSIT0000000125;GSIT0000000140;CST;REC;2019-10-28 14-15-14;E;B048;PBO;BL000000004824;;;;;;;;;;;;;;;;;
BL000008027996;CH000004323203;;PBO-SRO-BPI-11363897-049;8027996;0;;PSIT0000000125;GSIT0000000140;CST;REC;2019-10-28 14-16-10;E;B048;PBO;BL000000004824;;;;;;;;;;;;;;;;;
BL000008027994;CH000004323219;;PBO-SRO-BPI-11363897-047;8027994;0;;PSIT0000000125;GSIT0000000140;CST;REC;2019-10-28 14-15-56;E;B048;PBO;BL000000004824;;;;;;;;;;;;;;;;;
BL000008027988;SU000000869763;;PBO-SRO-BPI-11363897-019;8027988;0;;PSIT0000000125;GSIT0000000140;CST;REC;2019-10-28 14-14-14;E;B048;PBO;BL000000004822;;;;;;;;;;;;;;;;;
BL000008027991;HU000013029986;;PBO-SRO-BPI-11363897-022;8027991;0;;PSIT0000000125;GSIT0000000140;CST;REC;2019-10-28 00-00-00;E;B048;PBO;BL000000004822;;;;;;;;;;;;;;;;;
BL000008028098;SU000000864654;;PBO-SRO-BPI-11363897-067;8028098;0;;PSIT0000000125;GSIT0000000140;CST;REC;2019-10-28 14-17-11;E;B048;PBO;BL000000004822;;;;;;;;;;;;;;;;;
BL000008028021;SU000000870112;;PBO-SRO-BPI-11363897-013;8028021;0;;PSIT0000000125;GSIT0000000140;CST;REC;2019-10-28 14-14-32;E;B048;PBO;BL000000004822;;;;;;;;;;;;;;;;;
BL000008028066;SU000000880767;;PBO-SRO-BPI-11363897-042;8028066;0;;PSIT0000000125;GSIT0000000140;CST;REC;2019-10-28 14-15-48;E;B048;PBO;BL000000004822;;;;;;;;;;;;;;;;;
BL000008028037;CH000004317428;;PBO-SRO-BPI-11363897-029;8028037;0;;PSIT0000000125;GSIT0000000140;CST;REC;2019-10-28 14-15-14;E;B048;PBO;BL000000004824;;;;;;;;;;;;;;;;;
BL000008027985;SU000000880805;;PBO-SRO-BPI-11363897-003;8027985;0;;PSIT0000000125;GSIT0000000140;CST;REC;2019-10-28 14-13-41;E;B048;PBO;BL000000004822;;;;;;;;;;;;;;;;;
BL000008027990;HU000013029985;;PBO-SRO-BPI-11363897-021;8027990;0;;PSIT0000000125;GSIT0000000140;CST;REC;2019-10-28 00-00-00;E;B048;PBO;BL000000004822;;;;;;;;;;;;;;;;;
BL000008028040;CH000004316800;;PBO-SRO-BPI-11363897-037;8028040;0;;PSIT0000000125;GSIT0000000140;CST;REC;2019-10-28 14-15-37;E;B048;PBO;BL000000004824;;;;;;;;;;;;;;;;;
BL000008027997;CH000004323202;;PBO-SRO-BPI-11363897-050;8027997;0;;PSIT0000000125;GSIT0000000140;CST;REC;2019-10-28 14-16-17;E;B048;PBO;BL000000004824;;;;;;;;;;;;;;;;;
BL000008027992;CH000004323206;;PBO-SRO-BPI-11363897-023;8027992;0;;PSIT0000000125;GSIT0000000140;CST;REC;2019-10-28 14-14-43;E;B048;PBO;BL000000004824;;;;;;;;;;;;;;;;;
BL000008028047;SU000000880789;;PBO-SRO-BPI-11363897-061;8028047;0;;PSIT0000000125;GSIT0000000140;CST;REC;2019-10-28 14-16-46;E;B048;PBO;BL000000004822;;;;;;;;;;;;;;;;;
BL000008028032;CH000004311353;;PBO-SRO-BPI-11363897-040;8028032;0;;PSIT0000000125;GSIT0000000140;CST;REC;2019-10-28 14-15-42;E;B048;PBO;BL000000004824;;;;;;;;;;;;;;;;;
BL000008028074;CH000004315511;;PBO-SRO-BPI-11363897-055;8028074;0;;PSIT0000000125;GSIT0000000140;CST;REC;2019-10-28 14-16-22;E;B048;PBO;BL000000004824;;;;;;;;;;;;;;;;;
BL000008028039;CH000004316798;;PBO-SRO-BPI-11363897-036;8028039;0;;PSIT0000000125;GSIT0000000140;CST;REC;2019-10-28 14-15-32;E;B048;PBO;BL000000004824;;;;;;;;;;;;;;;;;
BL000008028070;CH000004323207;;PBO-SRO-BPI-11363897-046;8028070;0;;PSIT0000000125;GSIT0000000140;CST;REC;2019-10-28 14-16-02;E;B048;PBO;BL000000004824;;;;;;;;;;;;;;;;;
BL000008027670;SU000000880791;;PBO-SRO-BPI-11363897-069;8027670;0;;PSIT0000000125;GSIT0000000140;CST;REC;2019-10-28 14-17-06;E;B048;PBO;BL000000004822;;;;;;;;;;;;;;;;;
BL000008028042;CH000004311348;;PBO-SRO-BPI-11363897-039;8028042;0;;PSIT0000000125;GSIT0000000140;CST;REC;2019-10-28 14-15-49;E;B048;PBO;BL000000004824;;;;;;;;;;;;;;;;;
BL000008026394;SU000000880668;;PBO-SRO-BPI-11363897-006;8026394;0;;PSIT0000000125;GSIT0000000140;CST;REC;2019-10-28 14-14-16;E;B048;PBO;BL000000004822;;;;;;;;;;;;;;;;;
BL000008027995;CH000004323220;;PBO-SRO-BPI-11363897-048;8027995;0;;PSIT0000000125;GSIT0000000140;CST;REC;2019-10-28 14-16-04;E;B048;PBO;BL000000004824;;;;;;;;;;;;;;;;;
BL000008027671;CH000004323232;;PBO-SRO-BPI-11363897-070;8027671;0;;PSIT0000000125;GSIT0000000140;CST;REC;2019-10-28 14-17-13;E;B048;PBO;BL000000004824;;;;;;;;;;;;;;;;;
BL000008028031;CH000004317426;;PBO-SRO-BPI-11363897-034;8028031;0;;PSIT0000000125;GSIT0000000140;CST;REC;2019-10-28 14-15-31;E;B048;PBO;BL000000004824;;;;;;;;;;;;;;;;;
BL000008028045;CH000004310408;;PBO-SRO-BPI-11363897-059;8028045;0;;PSIT0000000125;GSIT0000000140;CST;REC;2019-10-28 14-16-37;E;B048;PBO;BL000000004822;;;;;;;;;;;;;;;;;
BL000008027672;CH000004313914;;PBO-SRO-BPI-11363897-071;8027672;0;;PSIT0000000125;GSIT0000000140;CST;REC;2019-10-28 14-17-18;E;B048;PBO;BL000000004824;;;;;;;;;;;;;;;;;
BL000008028038;CH000004323190;;PBO-SRO-BPI-11363897-035;8028038;0;;PSIT0000000125;GSIT0000000140;CST;REC;2019-10-28 14-15-27;E;B048;PBO;BL000000004824;;;;;;;;;;;;;;;;;
BL000008028022;CH000004094397;;PBO-SRO-BPI-11363897-014;8028022;0;;PSIT0000000125;GSIT0000000140;CST;REC;2019-10-28 14-14-36;E;B048;PBO;BL000000004824;;;;;;;;;;;;;;;;;
BL000008028030;CH000004315506;;PBO-SRO-BPI-11363897-033;8028030;0;;PSIT0000000125;GSIT0000000140;CST;REC;2019-10-28 14-15-27;E;B048;PBO;BL000000004824;;;;;;;;;;;;;;;;;
BL000008028026;SU000000870111;;PBO-SRO-BPI-11363897-018;8028026;0;;PSIT0000000125;GSIT0000000140;CST;REC;2019-10-28 14-14-51;E;B048;PBO;BL000000004822;;;;;;;;;;;;;;;;;
BL000008027993;CH000004310416;;PBO-SRO-BPI-11363897-024;8027993;0;;PSIT0000000125;GSIT0000000140;CST;REC;2019-10-28 14-14-52;E;B048;PBO;BL000000004824;;;;;;;;;;;;;;;;;
BL000008028072;CH000004316158;;PBO-SRO-BPI-11363897-053;8028072;0;;PSIT0000000125;GSIT0000000140;CST;REC;2019-10-28 14-16-16;E;B048;PBO;BL000000004824;;;;;;;;;;;;;;;;;
BL000008026395;SU000000870123;;PBO-SRO-BPI-11363897-007;8026395;0;;PSIT0000000125;GSIT0000000140;CST;REC;2019-10-28 14-14-20;E;B048;PBO;BL000000004822;;;;;;;;;;;;;;;;;
BL000008028069;CH000004323245;;PBO-SRO-BPI-11363897-045;8028069;0;;PSIT0000000125;GSIT0000000140;CST;REC;2019-10-28 14-15-59;E;B048;PBO;BL000000004824;;;;;;;;;;;;;;;;;
BL000008027989;HU000013029984;;PBO-SRO-BPI-11363897-020;8027989;0;;PSIT0000000125;GSIT0000000140;CST;REC;2019-10-28 00-00-00;E;B048;PBO;BL000000004822;;;;;;;;;;;;;;;;;
BL000008028018;CH000004323262;;PBO-SRO-BPI-11363897-010;8028018;0;;PSIT0000000125;GSIT0000000140;CST;REC;2019-10-28 14-14-22;E;B048;PBO;BL000000004824;;;;;;;;;;;;;;;;;
BL000008624157;;;BE-01-117769131;8624157;0;;PSIT0000000125;GSIT0000000140;CST;REC;2019-12-27 16-36-02;E;B024;PBO;BL000000004816;;;;;;;;;;;;;;;;;
BL000008624158;;;BE-02-117769131;8624158;0;;PSIT0000000125;GSIT0000000140;CST;REC;2019-12-27 16-36-04;E;B024;PBO;BL000000004816;;;;;;;;;;;;;;;;;
BL000008192469;;;BE-01-117736231;8192469;0;;PSIT0000000125;GSIT0000000140;CST;REC;2019-11-15 14-49-11;E;B024;PBO;BL000000004816;;;;;;;;;;;;;;;;;
BL000008192470;;;BE-02-117736231;8192470;0;;PSIT0000000125;GSIT0000000140;CST;REC;2019-11-15 14-49-13;E;B024;PBO;BL000000004816;;;;;;;;;;;;;;;;;
BL000008624159;;;BE-03-117769131;8624159;0;;PSIT0000000125;GSIT0000000140;CST;REC;2019-12-27 16-36-08;E;B024;PBO;BL000000004816;;;;;;;;;;;;;;;;;
EN000012002771;SU000000540489;;M-AERIEN-11\PM897;12002771;0;;PENC0000000100;GENC0000000096;CST;REC;2019-10-28 12-05-54;E;B144;BPE;EN000000000206;;;;;;;;;;;;;;;;;
EN000012002775;CH000003986243;;mM-777/30117-FT;12002775;0;;PENC0000000100;GENC0000000096;CST;REC;2019-10-28 12-06-10;E;B048;BPE;EN000000000254;;;;;;;;;;;;;;;;;
EN000012002776;CH000003986231;;M-816/30117-FT;12002776;0;;PENC0000000100;GENC0000000096;CST;REC;2019-10-28 12-06-14;E;B144;BPE;EN000000000206;;;;;;;;;;;;;;;;;
EN000011946422;CH000004094397;;mM-AC10/30117-FT;11946422;0;;PENC0000000100;GENC0000000096;CST;PRO;2019-10-17 00-00-00;C;B048;BPE;EN000000000254;;;;;;;;;;;;;;;;;
EN000012002769;CH000003986249;;M-884/30117-FT;12002769;0;;PENC0000000100;GENC0000000096;CST;REC;2019-10-28 12-05-45;E;B144;BPE;EN000000000206;;;;;;;;;;;;;;;;;
EN000012002774;CH000003984947;;BPE-780/30117-FT;12002774;0;;PENC0000000100;GENC0000000096;CST;REC;2019-10-28 12-06-06;E;B336;BPE;EN000000000207;;;;;;;;;;;;;;;;;
EN000011946419;CH000003986242;;M-552/30117-FT;11946419;0;;PENC0000000100;GENC0000000096;CST;PRO;2019-10-17 00-00-00;C;B144;BPE;EN000000000206;;;;;;;;;;;;;;;;;
EN000011946417;CH000003985265;;BPE-477/30117-FT;11946417;0;;PENC0000000100;GENC0000000096;CST;PRO;2019-10-17 00-00-00;C;B144;BPE;EN000000000206;;;;;;;;;;;;;;;;;
EN000012002770;CH000003985909;;BPE-821/30117-FT;12002770;0;;PENC0000000100;GENC0000000096;CST;REC;2019-10-28 12-05-50;E;B336;BPE;EN000000000207;;;;;;;;;;;;;;;;;
EN000012002772;CH000004008955;;M-835/30117-FT;12002772;0;;PENC0000000100;GENC0000000096;CST;REC;2019-10-28 12-05-58;E;B144;BPE;EN000000000206;;;;;;;;;;;;;;;;;
EN000012002773;CH000004008959;;mM-975/30117-FT;12002773;0;;PENC0000000100;GENC0000000096;CST;REC;2019-10-28 12-06-02;E;B048;BPE;EN000000000254;;;;;;;;;;;;;;;;;
