lc_code;lc_bp_codf;lc_bp_codp;lc_codeext;lc_abandon;lc_prop;lc_gest;lc_statut;lc_dateins;lc_elec;lc_bat;lc_escal;lc_etage;lc_avct;lc_perirec;lc_etiquet;lc_st_code;lc_typelog;lc_proptyp;lc_user;lc_etat;lc_datemes;lc_local;lc_clim;lc_occp;lc_idmajic;lc_abddate;lc_abdsrc;lc_comment;lc_creadat;lc_majdate;lc_majsrc
PTO00092322001;BL000008028070;;;0;;;;;;;HABITATION;HABITATION;;;;IM00000000000000000000000ID-301170000048;FTTH;;;;;;;;;;;;;;
PTO00002196341;BL000008028026;;;0;;;;;;;HABITATION;HABITATION;;;;IM00000000000000000000000ID-301170000015;FTTH;;;;;;;;;;;;;;
PTO00022924231;BL000008027996;;;0;;;;;;;HABITATION;HABITATION;;;;IM00000000000000000000000ID-30117000008G;FTTH;;;;;;;;;;;;;;
PTO00014283441;BL000008028033;;;0;;;;;;;HABITATION;HABITATION;;;;IM00000000000000000000000ID-30117000006N;FTTH;;;;;;;;;;;;;;
PTO00014172641;BL000008028033;;;0;;;;;;;HABITATION;HABITATION;;;;IM00000000000000000000000ID-301170000088;FTTH;;;;;;;;;;;;;;
PTO00014252411;BL000008028033;;;0;;;;;;;HABITATION;HABITATION;;;;IM00000000000000000000000ID-301170000068;FTTH;;;;;;;;;;;;;;
PTO00014323171;BL000008028033;;;0;;;;;;;HABITATION;HABITATION;;;;IM00000000000000000000000ID-30117000002L;FTTH;;;;;;;;;;;;;;
PTO00036681521;BL000008027993;;;0;;;;;;;HABITATION;HABITATION;;;;IM00000000000000000000000ID-301170000060;FTTH;;;;;;;;;;;;;;
PTO00033358211;BL000008028043;;;0;;;;;;;HABITATION;HABITATION;;;;IM00000000000000000000000ID-30117000005S;FTTH;;;;;;;;;;;;;;
PTO00092688201;BL000008028069;;;0;;;;;;;HABITATION;HABITATION;;;;IM00000000000000000000000ID-30117000007J;FTTH;;;;;;;;;;;;;;
PTO00028977361;BL000008027992;;;0;;;;;;;HABITATION;HABITATION;;;;IM00000000000000000000000ID-30117000003T;FTTH;;;;;;;;;;;;;;
PTO00029030811;BL000008027992;;;0;;;;;;;HABITATION;HABITATION;;;;IM00000000000000000000000ID-30117000003L;FTTH;;;;;;;;;;;;;;
PTO00028970661;BL000008027992;;;0;;;;;;;HABITATION;HABITATION;;;;IM00000000000000000000000ID-30117000006O;FTTH;;;;;;;;;;;;;;
PTO00034398021;BL000008028021;;;0;;;;;;;HABITATION;HABITATION;;;;IM00000000000000000000000ID-30117000001C;FTTH;;;;;;;;;;;;;;
PTO00028977451;BL000008028046;;;0;;;;;;;HABITATION;HABITATION;;;;IM00000000000000000000000ID-301170000081;FTTH;;;;;;;;;;;;;;
PTO00007405291;BL000008028081;;;0;;;;;;;HABITATION;HABITATION;;;;IM00000000000000000000000ID-3011700000QQ;FTTH;;;;;;;;;;;;;;
PTO00026744171;BL000008027989;;;0;;;;;;;HABITATION;HABITATION;;;;IM00000000000000000000000ID-30117000001S;FTTH;;;;;;;;;;;;;;
PTO00056980381;BL000008028019;;;0;;;;;;;HABITATION;HABITATION;;;;IM00000000000000000000000ID-30117000001U;FTTH;;;;;;;;;;;;;;
PTO00030336331;BL000008028019;;;0;;;;;;;HABITATION;HABITATION;;;;IM00000000000000000000000ID-3011700000V9;FTTH;;;;;;;;;;;;;;
PTO00080845611;BL000008028073;;;0;;;;;;;HABITATION;HABITATION;;;;IM00000000000000000000000ID-30117000004G;FTTH;;;;;;;;;;;;;;
PTO00039387431;BL000008027669;;;0;;;;;;;HABITATION;HABITATION;;;;IM00000000000000000000000ID-30117000000G;FTTH;;;;;;;;;;;;;;
PTO00099409391;BL000008028018;;;0;;;;;;;HABITATION;HABITATION;;;;IM00000000000000000000000ID-30117000015F;FTTH;;;;;;;;;;;;;;
PTO00036210151;BL000008028000;;;0;;;;;;;HABITATION;HABITATION;;;;IM00000000000000000000000ID-30117000007T;FTTH;;;;;;;;;;;;;;
PTO00089336571;BL000008028000;;;0;;;;;;;HABITATION;HABITATION;;;;IM00000000000000000000000ID-301170000066;FTTH;;;;;;;;;;;;;;
PTO00033400921;BL000008028074;;;0;;;;;;;HABITATION;HABITATION;;;;IM00000000000000000000000ID-301170000043;FTTH;;;;;;;;;;;;;;
PTO00006500401;BL000008028068;;;0;;;;;;;HABITATION;HABITATION;;;;IM00000000000000000000000ID-301170000020;FTTH;;;;;;;;;;;;;;
PTO00039899141;BL000008255514;;;0;;;;;;;ESCALIER-1;ETAGE-01;;;;IM00000000000000000000000ID-30117000001L;FTTH;;;;;;;;;;;;;;
PTO00039894261;BL000008255513;;;0;;;;;;;ESCALIER-1;ETAGE-RDC;;;;IM00000000000000000000000ID-30117000001L;FTTH;;;;;;;;;;;;;;
PTO00039927061;BL000008255516;;;0;;;;;;;ESCALIER-1;ETAGE-RDC;;;;IM00000000000000000000000ID-30117000001L;FTTH;;;;;;;;;;;;;;
PTO00039894481;BL000008255516;;;0;;;;;;;ESCALIER-1;ETAGE-RDC;;;;IM00000000000000000000000ID-30117000001L;FTTH;;;;;;;;;;;;;;
LC000000000001;BL000008202712;;;0;;;;;;;ESCALIER-1;ETAGE-02;;;;IM00000000000000000000000ID-301170000006;FTTH;;;;;;;;;;;;;;
LC000000000002;BL000008202712;;;0;;;;;;;ESCALIER-1;ETAGE-02;;;;IM00000000000000000000000ID-301170000006;FTTH;;;;;;;;;;;;;;
LC000000000003;BL000008028043;;;0;;;;;;;HABITATION;HABITATION;;;;IM00000000000000000000000ID-301170000007;FTTH;;;;;;;;;;;;;;
LC000000000004;BL000008028043;;;0;;;;;;;HABITATION;HABITATION;;;;IM00000000000000000000000ID-301170000007;FTTH;;;;;;;;;;;;;;
LC000000000005;BL000008028043;;;0;;;;;;;HABITATION;HABITATION;;;;IM00000000000000000000000ID-301170000007;FTTH;;;;;;;;;;;;;;
LC000000000006;BL000008028043;;;0;;;;;;;HABITATION;HABITATION;;;;IM00000000000000000000000ID-301170000007;FTTH;;;;;;;;;;;;;;
LC000000000007;BL000008028040;;;0;;;;;;;HABITATION;HABITATION;;;;IM00000000000000000000000ID-301170000038;FTTH;;;;;;;;;;;;;;
LC000000000008;BL000008027989;;;0;;;;;;;HABITATION;HABITATION;;;;IM00000000000000000000000ID-30117000001T;FTTH;;;;;;;;;;;;;;
LC000000000009;BL000008255520;;;0;;;;;;;ESCALIER-1;ETAGE-02;;;;IM00000000000000000000000ID-30117000001L;FTTH;;;;;;;;;;;;;;
LC000000000010;BL000008255520;;;0;;;;;;;ESCALIER-1;ETAGE-02;;;;IM00000000000000000000000ID-30117000001L;FTTH;;;;;;;;;;;;;;
LC000000000011;BL000008255520;;;0;;;;;;;ESCALIER-1;ETAGE-02;;;;IM00000000000000000000000ID-30117000001L;FTTH;;;;;;;;;;;;;;
LC000000000012;BL000008255516;;;0;;;;;;;ESCALIER-1;ETAGE-02;;;;IM00000000000000000000000ID-301170000008;FTTH;;;;;;;;;;;;;;
LC000000000013;BL000008255517;;;0;;;;;;;ESCALIER-1;ETAGE-01;;;;IM00000000000000000000000ID-30117000001L;FTTH;;;;;;;;;;;;;;
LC000000000014;BL000008028024;;;0;;;;;;;HABITATION;HABITATION;;;;IM00000000000000000000000ID-30117000000Z;FTTH;;;;;;;;;;;;;;
LC000000000015;BL000008028018;;;0;;;;;;;ESCALIER-1;ETAGE-01;;;;IM00000000000000000000000ID-30117000000C;FTTH;;;;;;;;;;;;;;
LC000000000016;BL000008624159;;;0;;;;;;;ESCALIER-1;ETAGE-02;;;;IM00000000000000000000000ID-30117000000D;FTTH;;;;;;;;;;;;;;
LC000000000017;BL000008624159;;;0;;;;;;;ESCALIER-1;ETAGE-02;;;;IM00000000000000000000000ID-30117000000D;FTTH;;;;;;;;;;;;;;
LC000000000018;BL000008028067;;;0;;;;;;;HABITATION;HABITATION;;;;IM00000000000000000000000ID-30117000003H;FTTH;;;;;;;;;;;;;;
LC000000000019;BL000008028025;;;0;;;;;;;HABITATION;HABITATION;;;;IM00000000000000000000000ID-301170000016;FTTH;;;;;;;;;;;;;;
LC000000000020;BL000008027996;;;0;;;;;;;HABITATION;HABITATION;;;;IM00000000000000000000000ID-301170000042;FTTH;;;;;;;;;;;;;;
LC000000000021;BL000008028018;;;0;;;;;;;HABITATION;HABITATION;;;;IM00000000000000000000000ID-30117000000F;FTTH;;;;;;;;;;;;;;
LC000000000022;BL000008028038;;;0;;;;;;;HABITATION;HABITATION;;;;IM00000000000000000000000ID-30117000005B;FTTH;;;;;;;;;;;;;;
LC000000000023;BL000008192470;;;0;;;;;;;ESCALIER-1;ETAGE-02;;;;IM00000000000000000000000ID-301170000009;FTTH;;;;;;;;;;;;;;
LC000000000024;BL000008192470;;;0;;;;;;;ESCALIER-1;ETAGE-02;;;;IM00000000000000000000000ID-301170000009;FTTH;;;;;;;;;;;;;;
LC000000000025;BL000008192470;;;0;;;;;;;ESCALIER-1;ETAGE-02;;;;IM00000000000000000000000ID-301170000009;FTTH;;;;;;;;;;;;;;
LC000000000026;BL000008192470;;;0;;;;;;;ESCALIER-1;ETAGE-02;;;;IM00000000000000000000000ID-301170000009;FTTH;;;;;;;;;;;;;;
LC000000000027;BL000008192470;;;0;;;;;;;ESCALIER-1;ETAGE-02;;;;IM00000000000000000000000ID-301170000009;FTTH;;;;;;;;;;;;;;
LC000000000028;BL000008192470;;;0;;;;;;;ESCALIER-1;ETAGE-02;;;;IM00000000000000000000000ID-301170000009;FTTH;;;;;;;;;;;;;;
LC000000000029;BL000008192470;;;0;;;;;;;ESCALIER-1;ETAGE-02;;;;IM00000000000000000000000ID-301170000009;FTTH;;;;;;;;;;;;;;
LC000000000030;BL000008028029;;;0;;;;;;;HABITATION;HABITATION;;;;IM00000000000000000000000ID-301170000051;FTTH;;;;;;;;;;;;;;
LC000000000031;BL000008027672;;;0;;;;;;;HABITATION;HABITATION;;;;IM00000000000000000000000ID-301170000074;FTTH;;;;;;;;;;;;;;
LC000000000032;BL000008624157;;;0;;;;;;;ESCALIER-1;ETAGE-RDC;;;;IM00000000000000000000000ID-301170000009;FTTH;;;;;;;;;;;;;;
LC000000000033;BL000008624157;;;0;;;;;;;ESCALIER-1;ETAGE-RDC;;;;IM00000000000000000000000ID-301170000009;FTTH;;;;;;;;;;;;;;
LC000000000034;BL000008624157;;;0;;;;;;;ESCALIER-1;ETAGE-02;;;;IM00000000000000000000000ID-30117000000C;FTTH;;;;;;;;;;;;;;
LC000000000035;BL000008624157;;;0;;;;;;;ESCALIER-1;ETAGE-02;;;;IM00000000000000000000000ID-30117000000C;FTTH;;;;;;;;;;;;;;
LC000000000036;BL000008624159;;;0;;;;;;;ESCALIER-1;ETAGE-02;;;;IM00000000000000000000000ID-30117000000B;FTTH;;;;;;;;;;;;;;
LC000000000037;BL000008624159;;;0;;;;;;;ESCALIER-1;ETAGE-02;;;;IM00000000000000000000000ID-30117000000B;FTTH;;;;;;;;;;;;;;
LC000000000038;BL000008028038;;;0;;;;;;;HABITATION;HABITATION;;;;IM00000000000000000000000ID-30117000004J;FTTH;;;;;;;;;;;;;;
LC000000000039;BL000008028025;;;0;;;;;;;HABITATION;HABITATION;;;;IM00000000000000000000000ID-301170000012;FTTH;;;;;;;;;;;;;;
LC000000000040;BL000008624157;;;0;;;;;;;ESCALIER-1;ETAGE-02;;;;IM00000000000000000000000ID-30117000000D;FTTH;;;;;;;;;;;;;;
LC000000000041;BL000008624157;;;0;;;;;;;ESCALIER-1;ETAGE-02;;;;IM00000000000000000000000ID-30117000000D;FTTH;;;;;;;;;;;;;;
LC000000000042;BL000008026396;;;0;;;;;;;HABITATION;HABITATION;;;;IM00000000000000000000000ID-30117000005Q;FTTH;;;;;;;;;;;;;;
LC000000000043;BL000008027669;;;0;;;;;;;HABITATION;HABITATION;;;;IM00000000000000000000000ID-30117000004M;FTTH;;;;;;;;;;;;;;
LC000000000044;BL000008192469;;;0;;;;;;;HABITATION;HABITATION;;;;IM00000000000000000000000ID-30117000003K;FTTH;;;;;;;;;;;;;;
LC000000000045;BL000008028036;;;0;;;;;;;HABITATION;HABITATION;;;;IM00000000000000000000000ID-30117000003Z;FTTH;;;;;;;;;;;;;;
LC000000000046;BL000008255515;;;0;;;;;;;ESCALIER-1;ETAGE-02;;;;IM00000000000000000000000ID-30117000000D;FTTH;;;;;;;;;;;;;;
LC000000000047;BL000008624158;;;0;;;;;;;ESCALIER-1;ETAGE-01;;;;IM00000000000000000000000ID-30117000000C;FTTH;;;;;;;;;;;;;;
LC000000000048;BL000008624158;;;0;;;;;;;ESCALIER-1;ETAGE-01;;;;IM00000000000000000000000ID-30117000000C;FTTH;;;;;;;;;;;;;;
LC000000000049;BL000008028022;;;0;;;;;;;HABITATION;HABITATION;;;;IM00000000000000000000000ID-3011700000V7;FTTH;;;;;;;;;;;;;;
LC000000000050;BL000008028098;;;0;;;;;;;HABITATION;HABITATION;;;;IM00000000000000000000000ID-3011700000V3;FTTH;;;;;;;;;;;;;;
LC000000000051;BL000008028098;;;0;;;;;;;HABITATION;HABITATION;;;;IM00000000000000000000000ID-3011700000V3;FTTH;;;;;;;;;;;;;;
LC000000000052;BL000008202712;;;0;;;;;;;ESCALIER-1;ETAGE-RDC;;;;IM00000000000000000000000ID-301170000006;FTTH;;;;;;;;;;;;;;
LC000000000053;BL000008202712;;;0;;;;;;;ESCALIER-1;ETAGE-RDC;;;;IM00000000000000000000000ID-301170000006;FTTH;;;;;;;;;;;;;;
LC000000000054;BL000008202712;;;0;;;;;;;ESCALIER-1;ETAGE-RDC;;;;IM00000000000000000000000ID-301170000006;FTTH;;;;;;;;;;;;;;
LC000000000055;BL000008202712;;;0;;;;;;;ESCALIER-1;ETAGE-RDC;;;;IM00000000000000000000000ID-301170000006;FTTH;;;;;;;;;;;;;;
LC000000000056;BL000008028038;;;0;;;;;;;HABITATION;HABITATION;;;;IM00000000000000000000000ID-301170000076;FTTH;;;;;;;;;;;;;;
LC000000000057;BL000008192469;;;0;;;;;;;ESCALIER-1;ETAGE-RDC;;;;IM00000000000000000000000ID-30117000000B;FTTH;;;;;;;;;;;;;;
LC000000000058;BL000008624159;;;0;;;;;;;ESCALIER-1;ETAGE-01;;;;IM00000000000000000000000ID-30117000000C;FTTH;;;;;;;;;;;;;;
LC000000000059;BL000008028035;;;0;;;;;;;HABITATION;HABITATION;;;;IM00000000000000000000000ID-30117000006S;FTTH;;;;;;;;;;;;;;
LC000000000060;BL000008255517;;;0;;;;;;;ESCALIER-1;ETAGE-01;;;;IM00000000000000000000000ID-30117000001L;FTTH;;;;;;;;;;;;;;
LC000000000061;BL000008255517;;;0;;;;;;;ESCALIER-1;ETAGE-01;;;;IM00000000000000000000000ID-30117000001L;FTTH;;;;;;;;;;;;;;
LC000000000062;BL000008255517;;;0;;;;;;;ESCALIER-1;ETAGE-01;;;;IM00000000000000000000000ID-30117000001L;FTTH;;;;;;;;;;;;;;
LC000000000063;BL000008255517;;;0;;;;;;;ESCALIER-1;ETAGE-01;;;;IM00000000000000000000000ID-30117000001L;FTTH;;;;;;;;;;;;;;
LC000000000064;BL000008255517;;;0;;;;;;;ESCALIER-1;ETAGE-01;;;;IM00000000000000000000000ID-30117000001L;FTTH;;;;;;;;;;;;;;
LC000000000065;BL000008255516;;;0;;;;;;;ESCALIER-1;ETAGE-02;;;;IM00000000000000000000000ID-301170000009;FTTH;;;;;;;;;;;;;;
LC000000000066;BL000008255518;;;0;;;;;;;ESCALIER-1;ETAGE-RDC;;;;IM00000000000000000000000ID-30117000001L;FTTH;;;;;;;;;;;;;;
LC000000000067;BL000008255517;;;0;;;;;;;ESCALIER-1;ETAGE-03;;;;IM00000000000000000000000ID-30117000001L;FTTH;;;;;;;;;;;;;;
LC000000000068;BL000008028031;;;0;;;;;;;HABITATION;HABITATION;;;;IM00000000000000000000000ID-30117000003E;FTTH;;;;;;;;;;;;;;
LC000000000069;BL000008192469;;;0;;;;;;;ESCALIER-1;ETAGE-RDC;;;;IM00000000000000000000000ID-301170000009;FTTH;;;;;;;;;;;;;;
LC000000000070;BL000008192469;;;0;;;;;;;ESCALIER-1;ETAGE-RDC;;;;IM00000000000000000000000ID-301170000009;FTTH;;;;;;;;;;;;;;
RO000013308538;;;;0;PSIT0000000125;GSIT0000000140;;;;;ESCALIER-1;ETAGE-RDC;;;;IM00000000000000000000000ID-30117000001L;TEC;;;;;;;;;;;;;;
RO000013308542;;;;0;PSIT0000000125;GSIT0000000140;;;;;ESCALIER-1;ETAGE-01;;;;IM00000000000000000000000ID-30117000001L;TEC;;;;;;;;;;;;;;
RO000013308541;;;;0;PSIT0000000125;GSIT0000000140;;;;;ESCALIER-1;ETAGE-RDC;;;;IM00000000000000000000000ID-30117000001L;TEC;;;;;;;;;;;;;;
RO000013308539;;;;0;PSIT0000000125;GSIT0000000140;;;;;ESCALIER-1;ETAGE-01;;;;IM00000000000000000000000ID-30117000001L;TEC;;;;;;;;;;;;;;
RO000013308535;;;;0;PSIT0000000125;GSIT0000000140;;;;;ESCALIER-1;ETAGE-RDC;;;;IM00000000000000000000000ID-30117000001L;TEC;;;;;;;;;;;;;;
RO000013308540;;;;0;PSIT0000000125;GSIT0000000140;;;;;ESCALIER-1;ETAGE-02;;;;IM00000000000000000000000ID-30117000001L;TEC;;;;;;;;;;;;;;
RO000013308537;;;;0;PSIT0000000125;GSIT0000000140;;;;;ESCALIER-1;ETAGE-02;;;;IM00000000000000000000000ID-30117000001L;TEC;;;;;;;;;;;;;;
RO000013308536;;;;0;PSIT0000000125;GSIT0000000140;;;;;ESCALIER-1;ETAGE-01;;;;IM00000000000000000000000ID-30117000001L;TEC;;;;;;;;;;;;;;
RO000013248363;;;;0;PSIT0000000125;GSIT0000000140;;;;;ESCALIER-1;ETAGE-RDC;;;;IM00000000000000000000000ID-301170000006;TEC;;;;;;;;;;;;;;
RO000013248364;;;;0;PSIT0000000125;GSIT0000000140;;;;;ESCALIER-1;ETAGE-01;;;;IM00000000000000000000000ID-301170000006;TEC;;;;;;;;;;;;;;
PTO00033157431;BL000008027999;;;0;;;;;;;HABITATION;HABITATION;;;;IM00000000000000000000000ID-30117000007U;FTTH;;;;;;;;;;;;;;
PTO00019689021;BL000008028067;;;0;;;;;;;HABITATION;HABITATION;;;;IM00000000000000000000000ID-301170000072;FTTH;;;;;;;;;;;;;;
PTO00019689481;BL000008028067;;;0;;;;;;;HABITATION;HABITATION;;;;IM00000000000000000000000ID-30117000005G;FTTH;;;;;;;;;;;;;;
PTO00097001431;BL000008028017;;;0;;;;;;;HABITATION;HABITATION;;;;IM00000000000000000000000ID-30117000007V;FTTH;;;;;;;;;;;;;;
PTO00094405851;BL000008028017;;;0;;;;;;;HABITATION;HABITATION;;;;IM00000000000000000000000ID-3011700000ZN;FTTH;;;;;;;;;;;;;;
PTO00016595311;BL000008028071;;;0;;;;;;;HABITATION;HABITATION;;;;IM00000000000000000000000ID-30117000007L;FTTH;;;;;;;;;;;;;;
PTO00035337851;BL000008028029;;;0;;;;;;;HABITATION;HABITATION;;;;IM00000000000000000000000ID-30117000003M;FTTH;;;;;;;;;;;;;;
PTO00002682121;BL000008027987;;;0;;;;;;;HABITATION;HABITATION;;;;IM00000000000000000000000ID-3011700000V4;FTTH;;;;;;;;;;;;;;
PTO00007499011;BL000008028027;;;0;;;;;;;HABITATION;HABITATION;;;;IM00000000000000000000000ID-30117000007H;FTTH;;;;;;;;;;;;;;
PTO00023507701;BL000008028070;;;0;;;;;;;HABITATION;HABITATION;;;;IM00000000000000000000000ID-301170000030;FTTH;;;;;;;;;;;;;;
PTO00013878251;BL000008027991;;;0;;;;;;;HABITATION;HABITATION;;;;IM00000000000000000000000ID-30117000001N;FTTH;;;;;;;;;;;;;;
PTO00014846531;BL000008028075;;;0;;;;;;;HABITATION;HABITATION;;;;IM00000000000000000000000ID-30117000008B;FTTH;;;;;;;;;;;;;;
PTO00022354311;BL000008028040;;;0;;;;;;;HABITATION;HABITATION;;;;IM00000000000000000000000ID-301170000032;FTTH;;;;;;;;;;;;;;
PTO00019461191;BL000008027997;;;0;;;;;;;HABITATION;HABITATION;;;;IM00000000000000000000000ID-30117000006J;FTTH;;;;;;;;;;;;;;
PTO00033358301;BL000008028043;;;0;;;;;;;HABITATION;HABITATION;;;;IM00000000000000000000000ID-301170000046;FTTH;;;;;;;;;;;;;;
PTO00033499371;BL000008028043;;;0;;;;;;;HABITATION;HABITATION;;;;IM00000000000000000000000ID-30117000004Q;FTTH;;;;;;;;;;;;;;
PTO00003442091;BL000008028024;;;0;;;;;;;HABITATION;HABITATION;;;;IM00000000000000000000000ID-30117000000X;FTTH;;;;;;;;;;;;;;
PTO00033477161;BL000008028041;;;0;;;;;;;HABITATION;HABITATION;;;;IM00000000000000000000000ID-30117000003S;FTTH;;;;;;;;;;;;;;
PTO00033692761;BL000008028041;;;0;;;;;;;HABITATION;HABITATION;;;;IM00000000000000000000000ID-301170000089;FTTH;;;;;;;;;;;;;;
PTO00033381581;BL000008028041;;;0;;;;;;;HABITATION;HABITATION;;;;IM00000000000000000000000ID-30117000006T;FTTH;;;;;;;;;;;;;;
PTO00019334051;BL000008028023;;;0;;;;;;;HABITATION;HABITATION;;;;IM00000000000000000000000ID-30117000004L;FTTH;;;;;;;;;;;;;;
PTO00025105161;BL000008028042;;;0;;;;;;;HABITATION;HABITATION;;;;IM00000000000000000000000ID-30117000006X;FTTH;;;;;;;;;;;;;;
PTO00010597461;BL000008028073;;;0;;;;;;;HABITATION;HABITATION;;;;IM00000000000000000000000ID-30117000004K;FTTH;;;;;;;;;;;;;;
PTO00081711191;BL000008028018;;;0;;;;;;;HABITATION;HABITATION;;;;IM00000000000000000000000ID-301170000007;FTTH;;;;;;;;;;;;;;
PTO00033548941;BL000008028037;;;0;;;;;;;HABITATION;HABITATION;;;;IM00000000000000000000000ID-301170000085;FTTH;;;;;;;;;;;;;;
PTO00079773101;BL000008028039;;;0;;;;;;;HABITATION;HABITATION;;;;IM00000000000000000000000ID-301170000056;FTTH;;;;;;;;;;;;;;
PTO00032639341;BL000008028039;;;0;;;;;;;HABITATION;HABITATION;;;;IM00000000000000000000000ID-30117000002D;FTTH;;;;;;;;;;;;;;
PTO00039897551;BL000008255515;;;0;;;;;;;ESCALIER-1;ETAGE-01;;;;IM00000000000000000000000ID-30117000001L;FTTH;;;;;;;;;;;;;;
PTO00019478771;BL000008202712;;;0;;;;;;;ESCALIER-1;ETAGE-01;;;;IM00000000000000000000000ID-301170000006;FTTH;;;;;;;;;;;;;;
PTO00039993371;BL000008255513;;;0;;;;;;;ESCALIER-1;ETAGE-01;;;;IM00000000000000000000000ID-30117000001L;FTTH;;;;;;;;;;;;;;
PTO00019469861;BL000008202713;;;0;;;;;;;HABITATION;HABITATION;;;;IM00000000000000000000000ID-301170000054;FTTH;;;;;;;;;;;;;;
PTO00039899031;BL000008255516;;;0;;;;;;;ESCALIER-1;ETAGE-RDC;;;;IM00000000000000000000000ID-30117000001L;FTTH;;;;;;;;;;;;;;
PTO00027949721;BL000008027995;;;0;;;;;;;HABITATION;HABITATION;;;;IM00000000000000000000000ID-301170000080;FTTH;;;;;;;;;;;;;;
PTO00033075471;BL000008028036;;;0;;;;;;;HABITATION;HABITATION;;;;IM00000000000000000000000ID-30117000005C;FTTH;;;;;;;;;;;;;;
PTO00033620401;BL000008028031;;;0;;;;;;;HABITATION;HABITATION;;;;IM00000000000000000000000ID-30117000003Q;FTTH;;;;;;;;;;;;;;
PTO00033499301;BL000008028031;;;0;;;;;;;HABITATION;HABITATION;;;;IM00000000000000000000000ID-30117000002G;FTTH;;;;;;;;;;;;;;
PTO00040092111;BL000008028045;;;0;;;;;;;HABITATION;HABITATION;;;;IM00000000000000000000000ID-30117000000E;FTTH;;;;;;;;;;;;;;
PTO00031097641;BL000008026079;;;0;;;;;;;HABITATION;HABITATION;;;;IM00000000000000000000000ID-30117000007I;FTTH;;;;;;;;;;;;;;
PTO00082786451;BL000008028017;;;0;;;;;;;HABITATION;HABITATION;;;;IM00000000000000000000000ID-30117000003B;FTTH;;;;;;;;;;;;;;
PTO00040077771;BL000008027990;;;0;;;;;;;HABITATION;HABITATION;;;;IM00000000000000000000000ID-30117000001H;FTTH;;;;;;;;;;;;;;
PTO00099496801;BL000008028025;;;0;;;;;;;HABITATION;HABITATION;;;;IM00000000000000000000000ID-301170000011;FTTH;;;;;;;;;;;;;;
PTO00016626521;BL000008028071;;;0;;;;;;;HABITATION;HABITATION;;;;IM00000000000000000000000ID-301170000021;FTTH;;;;;;;;;;;;;;
PTO00035337681;BL000008028029;;;0;;;;;;;HABITATION;HABITATION;;;;IM00000000000000000000000ID-301170000070;FTTH;;;;;;;;;;;;;;
PTO00035420151;BL000008028029;;;0;;;;;;;HABITATION;HABITATION;;;;IM00000000000000000000000ID-30117000002Y;FTTH;;;;;;;;;;;;;;
PTO00033431911;BL000008028030;;;0;;;;;;;HABITATION;HABITATION;;;;IM00000000000000000000000ID-30117000005A;FTTH;;;;;;;;;;;;;;
PTO00007455681;BL000008028027;;;0;;;;;;;HABITATION;HABITATION;;;;IM00000000000000000000000ID-30117000004N;FTTH;;;;;;;;;;;;;;
PTO00007462491;BL000008028027;;;0;;;;;;;HABITATION;HABITATION;;;;IM00000000000000000000000ID-30117000007D;FTTH;;;;;;;;;;;;;;
PTO00007495531;BL000008028027;;;0;;;;;;;HABITATION;HABITATION;;;;IM00000000000000000000000ID-30117000002K;FTTH;;;;;;;;;;;;;;
PTO00023388951;BL000008028070;;;0;;;;;;;HABITATION;HABITATION;;;;IM00000000000000000000000ID-301170000054;FTTH;;;;;;;;;;;;;;
PTO00022924121;BL000008027996;;;0;;;;;;;HABITATION;HABITATION;;;;IM00000000000000000000000ID-30117000007W;FTTH;;;;;;;;;;;;;;
PTO00036685001;BL000008027993;;;0;;;;;;;HABITATION;HABITATION;;;;IM00000000000000000000000ID-30117000007N;FTTH;;;;;;;;;;;;;;
PTO00025663181;BL000008026395;;;0;;;;;;;HABITATION;HABITATION;;;;IM00000000000000000000000ID-30117000000F;FTTH;;;;;;;;;;;;;;
PTO00022285831;BL000008028040;;;0;;;;;;;HABITATION;HABITATION;;;;IM00000000000000000000000ID-30117000005D;FTTH;;;;;;;;;;;;;;
PTO00027362131;BL000008028069;;;0;;;;;;;HABITATION;HABITATION;;;;IM00000000000000000000000ID-30117000002B;FTTH;;;;;;;;;;;;;;
PTO00081093231;BL000008028024;;;0;;;;;;;HABITATION;HABITATION;;;;IM00000000000000000000000ID-30117000000Y;FTTH;;;;;;;;;;;;;;
PTO00025632121;BL000008028047;;;0;;;;;;;HABITATION;HABITATION;;;;IM00000000000000000000000ID-30117000000P;FTTH;;;;;;;;;;;;;;
PTO00025632171;BL000008028047;;;0;;;;;;;HABITATION;HABITATION;;;;IM00000000000000000000000ID-30117000000N;FTTH;;;;;;;;;;;;;;
PTO00025566821;BL000008028047;;;0;;;;;;;HABITATION;HABITATION;;;;IM00000000000000000000000ID-30117000000Q;FTTH;;;;;;;;;;;;;;
PTO00031799111;BL000008028032;;;0;;;;;;;HABITATION;HABITATION;;;;IM00000000000000000000000ID-3011700000QL;FTTH;;;;;;;;;;;;;;
PTO00007566851;BL000008028097;;;0;;;;;;;HABITATION;HABITATION;;;;IM00000000000000000000000ID-30117000005Z;FTTH;;;;;;;;;;;;;;
PTO00026627821;BL000008027989;;;0;;;;;;;HABITATION;HABITATION;;;;IM00000000000000000000000ID-30117000001K;FTTH;;;;;;;;;;;;;;
PTO00010597491;BL000008028073;;;0;;;;;;;HABITATION;HABITATION;;;;IM00000000000000000000000ID-30117000007K;FTTH;;;;;;;;;;;;;;
PTO00012824181;BL000008027986;;;0;;;;;;;HABITATION;HABITATION;;;;IM00000000000000000000000ID-30117000001X;FTTH;;;;;;;;;;;;;;
PTO00033647281;BL000008028037;;;0;;;;;;;HABITATION;HABITATION;;;;IM00000000000000000000000ID-301170000029;FTTH;;;;;;;;;;;;;;
PTO00006472471;BL000008028068;;;0;;;;;;;HABITATION;HABITATION;;;;IM00000000000000000000000ID-301170000062;FTTH;;;;;;;;;;;;;;
PTO00039882451;BL000008255514;;;0;;;;;;;ESCALIER-1;ETAGE-01;;;;IM00000000000000000000000ID-30117000001L;FTTH;;;;;;;;;;;;;;
PTO00039940251;BL000008255515;;;0;;;;;;;ESCALIER-1;ETAGE-02;;;;IM00000000000000000000000ID-30117000001L;FTTH;;;;;;;;;;;;;;
PTO00039894271;BL000008255513;;;0;;;;;;;ESCALIER-1;ETAGE-RDC;;;;IM00000000000000000000000ID-30117000001L;FTTH;;;;;;;;;;;;;;
PTO00039929581;BL000008255513;;;0;;;;;;;ESCALIER-1;ETAGE-RDC;;;;IM00000000000000000000000ID-30117000001L;FTTH;;;;;;;;;;;;;;
PTO00025118941;BL000008028044;;;0;;;;;;;HABITATION;HABITATION;;;;IM00000000000000000000000ID-30117000002A;FTTH;;;;;;;;;;;;;;
PTO00033002251;BL000008028036;;;0;;;;;;;HABITATION;HABITATION;;;;IM00000000000000000000000ID-30117000008I;FTTH;;;;;;;;;;;;;;
PTO00033538991;BL000008027998;;;0;;;;;;;HABITATION;HABITATION;;;;IM00000000000000000000000ID-30117000004A;FTTH;;;;;;;;;;;;;;
PTO00031077091;BL000008026079;;;0;;;;;;;HABITATION;HABITATION;;;;IM00000000000000000000000ID-30117000002N;FTTH;;;;;;;;;;;;;;
PTO00004070501;BL000008027672;;;0;;;;;;;HABITATION;HABITATION;;;;IM00000000000000000000000ID-3011700000QE;FTTH;;;;;;;;;;;;;;
PTO00093799901;BL000008028035;;;0;;;;;;;HABITATION;HABITATION;;;;IM00000000000000000000000ID-301170000026;FTTH;;;;;;;;;;;;;;
PTO00017692881;BL000008028028;;;0;;;;;;;HABITATION;HABITATION;;;;IM00000000000000000000000ID-30117000008C;FTTH;;;;;;;;;;;;;;
PTO00067706191;BL000008028022;;;0;;;;;;;HABITATION;HABITATION;;;;IM00000000000000000000000ID-301170000065;FTTH;;;;;;;;;;;;;;
PTO00023477421;BL000008028070;;;0;;;;;;;HABITATION;HABITATION;;;;IM00000000000000000000000ID-301170000048;FTTH;;;;;;;;;;;;;;
PTO00023023991;BL000008027996;;;0;;;;;;;HABITATION;HABITATION;;;;IM00000000000000000000000ID-30117000002E;FTTH;;;;;;;;;;;;;;
PTO00014175521;BL000008028033;;;0;;;;;;;HABITATION;HABITATION;;;;IM00000000000000000000000ID-301170000022;FTTH;;;;;;;;;;;;;;
PTO00019723471;BL000008027994;;;0;;;;;;;HABITATION;HABITATION;;;;IM00000000000000000000000ID-30117000003Y;FTTH;;;;;;;;;;;;;;
PTO00019723301;BL000008027994;;;0;;;;;;;HABITATION;HABITATION;;;;IM00000000000000000000000ID-30117000007X;FTTH;;;;;;;;;;;;;;
PTO00005424071;BL000008027988;;;0;;;;;;;HABITATION;HABITATION;;;;IM00000000000000000000000ID-30117000000J;FTTH;;;;;;;;;;;;;;
PTO00014903021;BL000008028075;;;0;;;;;;;HABITATION;HABITATION;;;;IM00000000000000000000000ID-301170000055;FTTH;;;;;;;;;;;;;;
PTO00019461161;BL000008027997;;;0;;;;;;;HABITATION;HABITATION;;;;IM00000000000000000000000ID-30117000002O;FTTH;;;;;;;;;;;;;;
PTO00034816861;BL000008028034;;;0;;;;;;;HABITATION;HABITATION;;;;IM00000000000000000000000ID-30117000008F;FTTH;;;;;;;;;;;;;;
PTO00025566841;BL000008028047;;;0;;;;;;;HABITATION;HABITATION;;;;IM00000000000000000000000ID-30117000000S;FTTH;;;;;;;;;;;;;;
PTO00007455771;BL000008028097;;;0;;;;;;;HABITATION;HABITATION;;;;IM00000000000000000000000ID-301170000059;FTTH;;;;;;;;;;;;;;
PTO00019354671;BL000008028023;;;0;;;;;;;HABITATION;HABITATION;;;;IM00000000000000000000000ID-30117000008E;FTTH;;;;;;;;;;;;;;
PTO00091563781;BL000008028081;;;0;;;;;;;HABITATION;HABITATION;;;;IM00000000000000000000000ID-3011700000QP;FTTH;;;;;;;;;;;;;;
PTO00082177871;BL000008028081;;;0;;;;;;;HABITATION;HABITATION;;;;IM00000000000000000000000ID-30117000000T;FTTH;;;;;;;;;;;;;;
PTO00067641551;BL000008028019;;;0;;;;;;;HABITATION;HABITATION;;;;IM00000000000000000000000ID-3011700000UO;FTTH;;;;;;;;;;;;;;
PTO00083028231;BL000008027669;;;0;;;;;;;HABITATION;HABITATION;;;;IM00000000000000000000000ID-30117000000G;FTTH;;;;;;;;;;;;;;
PTO00014172761;BL000008028018;;;0;;;;;;;HABITATION;HABITATION;;;;IM00000000000000000000000ID-30117000001F;FTTH;;;;;;;;;;;;;;
PTO00036198891;BL000008028000;;;0;;;;;;;HABITATION;HABITATION;;;;IM00000000000000000000000ID-30117000006A;FTTH;;;;;;;;;;;;;;
PTO00090623101;BL000008028000;;;0;;;;;;;HABITATION;HABITATION;;;;IM00000000000000000000000ID-30117000006M;FTTH;;;;;;;;;;;;;;
PTO00039888741;BL000008255514;;;0;;;;;;;ESCALIER-1;ETAGE-01;;;;IM00000000000000000000000ID-30117000001L;FTTH;;;;;;;;;;;;;;
PTO00090873641;BL000008255515;;;0;;;;;;;ESCALIER-1;ETAGE-01;;;;IM00000000000000000000000ID-30117000001L;FTTH;;;;;;;;;;;;;;
PTO00019385681;BL000008202712;;;0;;;;;;;ESCALIER-1;ETAGE-RDC;;;;IM00000000000000000000000ID-301170000006;FTTH;;;;;;;;;;;;;;
PTO00039919211;BL000008255513;;;0;;;;;;;ESCALIER-1;ETAGE-RDC;;;;IM00000000000000000000000ID-30117000001L;FTTH;;;;;;;;;;;;;;
PTO00004428451;BL000008027985;;;0;;;;;;;HABITATION;HABITATION;;;;IM00000000000000000000000ID-301170000156;FTTH;;;;;;;;;;;;;;
PTO00033169791;BL000008027999;;;0;;;;;;;HABITATION;HABITATION;;;;IM00000000000000000000000ID-301170000083;FTTH;;;;;;;;;;;;;;
PTO00025176021;BL000008028044;;;0;;;;;;;HABITATION;HABITATION;;;;IM00000000000000000000000ID-30117000004Q;FTTH;;;;;;;;;;;;;;
PTO00033096501;BL000008028036;;;0;;;;;;;HABITATION;HABITATION;;;;IM00000000000000000000000ID-30117000007O;FTTH;;;;;;;;;;;;;;
PTO00023004431;BL000008027671;;;0;;;;;;;HABITATION;HABITATION;;;;IM00000000000000000000000ID-30117000003N;FTTH;;;;;;;;;;;;;;
PTO00033449681;BL000008028031;;;0;;;;;;;HABITATION;HABITATION;;;;IM00000000000000000000000ID-30117000005U;FTTH;;;;;;;;;;;;;;
PTO00019615031;BL000008028067;;;0;;;;;;;HABITATION;HABITATION;;;;IM00000000000000000000000ID-30117000002W;FTTH;;;;;;;;;;;;;;
PTO00040103621;BL000008027990;;;0;;;;;;;HABITATION;HABITATION;;;;IM00000000000000000000000ID-30117000001I;FTTH;;;;;;;;;;;;;;
PTO00038427731;BL000008028025;;;0;;;;;;;HABITATION;HABITATION;;;;IM00000000000000000000000ID-301170000014;FTTH;;;;;;;;;;;;;;
PTO00016579251;BL000008028071;;;0;;;;;;;HABITATION;HABITATION;;;;IM00000000000000000000000ID-30117000005W;FTTH;;;;;;;;;;;;;;
PTO00035335981;BL000008028029;;;0;;;;;;;HABITATION;HABITATION;;;;IM00000000000000000000000ID-30117000006B;FTTH;;;;;;;;;;;;;;
PTO00002538371;BL000008027987;;;0;;;;;;;ESCALIER-1;ETAGE-01;;;;IM00000000000000000000000ID-30117000001L;FTTH;;;;;;;;;;;;;;
PTO00007556761;BL000008028027;;;0;;;;;;;HABITATION;HABITATION;;;;IM00000000000000000000000ID-30117000005L;FTTH;;;;;;;;;;;;;;
PTO00019765711;BL000008027994;;;0;;;;;;;HABITATION;HABITATION;;;;IM00000000000000000000000ID-30117000005F;FTTH;;;;;;;;;;;;;;
PTO00089442931;BL000008026396;;;0;;;;;;;HABITATION;HABITATION;;;;IM00000000000000000000000ID-30117000006Y;FTTH;;;;;;;;;;;;;;
PTO00013850251;BL000008027991;;;0;;;;;;;HABITATION;HABITATION;;;;IM00000000000000000000000ID-30117000001P;FTTH;;;;;;;;;;;;;;
PTO00014688471;BL000008028075;;;0;;;;;;;HABITATION;HABITATION;;;;IM00000000000000000000000ID-301170000073;FTTH;;;;;;;;;;;;;;
PTO00014696761;BL000008028075;;;0;;;;;;;HABITATION;HABITATION;;;;IM00000000000000000000000ID-30117000002H;FTTH;;;;;;;;;;;;;;
PTO00090970171;BL000008026395;;;0;;;;;;;HABITATION;HABITATION;;;;IM00000000000000000000000ID-30117000015F;FTTH;;;;;;;;;;;;;;
PTO00034883591;BL000008028034;;;0;;;;;;;HABITATION;HABITATION;;;;IM00000000000000000000000ID-30117000007F;FTTH;;;;;;;;;;;;;;
PTO00033620361;BL000008028043;;;0;;;;;;;HABITATION;HABITATION;;;;IM00000000000000000000000ID-30117000004T;FTTH;;;;;;;;;;;;;;
PTO00027284981;BL000008028069;;;0;;;;;;;HABITATION;HABITATION;;;;IM00000000000000000000000ID-30117000006C;FTTH;;;;;;;;;;;;;;
PTO00003444571;BL000008028024;;;0;;;;;;;HABITATION;HABITATION;;;;IM00000000000000000000000ID-30117000000W;FTTH;;;;;;;;;;;;;;
PTO00033673071;BL000008028041;;;0;;;;;;;HABITATION;HABITATION;;;;IM00000000000000000000000ID-30117000003O;FTTH;;;;;;;;;;;;;;
PTO00007590921;BL000008028097;;;0;;;;;;;HABITATION;HABITATION;;;;IM00000000000000000000000ID-30117000007A;FTTH;;;;;;;;;;;;;;
PTO00026738511;BL000008027989;;;0;;;;;;;HABITATION;HABITATION;;;;IM00000000000000000000000ID-30117000001R;FTTH;;;;;;;;;;;;;;
PTO00025230271;BL000008028042;;;0;;;;;;;HABITATION;HABITATION;;;;IM00000000000000000000000ID-301170000047;FTTH;;;;;;;;;;;;;;
PTO00010605821;BL000008028073;;;0;;;;;;;HABITATION;HABITATION;;;;IM00000000000000000000000ID-30117000007J;FTTH;;;;;;;;;;;;;;
PTO00033702061;BL000008028074;;;0;;;;;;;HABITATION;HABITATION;;;;IM00000000000000000000000ID-30117000004O;FTTH;;;;;;;;;;;;;;
PTO00033623341;BL000008028037;;;0;;;;;;;HABITATION;HABITATION;;;;IM00000000000000000000000ID-30117000006D;FTTH;;;;;;;;;;;;;;
PTO00091087691;BL000008028039;;;0;;;;;;;HABITATION;HABITATION;;;;IM00000000000000000000000ID-30117000005M;FTTH;;;;;;;;;;;;;;
PTO00032616501;BL000008028039;;;0;;;;;;;HABITATION;HABITATION;;;;IM00000000000000000000000ID-301170000075;FTTH;;;;;;;;;;;;;;
PTO00039919311;BL000008255514;;;0;;;;;;;ESCALIER-1;ETAGE-01;;;;IM00000000000000000000000ID-30117000001L;FTTH;;;;;;;;;;;;;;
PTO00039910091;BL000008255515;;;0;;;;;;;ESCALIER-1;ETAGE-02;;;;IM00000000000000000000000ID-30117000001L;FTTH;;;;;;;;;;;;;;
PTO00019484671;BL000008202713;;;0;;;;;;;ESCALIER-1;ETAGE-01;;;;IM00000000000000000000000ID-301170000006;FTTH;;;;;;;;;;;;;;
PTO00081823701;BL000008202713;;;0;;;;;;;HABITATION;HABITATION;;;;IM00000000000000000000000ID-301170000007;FTTH;;;;;;;;;;;;;;
PTO00010861291;BL000008027985;;;0;;;;;;;HABITATION;HABITATION;;;;IM00000000000000000000000ID-3011700000QM;FTTH;;;;;;;;;;;;;;
PTO00025130971;BL000008028044;;;0;;;;;;;HABITATION;HABITATION;;;;IM00000000000000000000000ID-301170000021;FTTH;;;;;;;;;;;;;;
PTO00040180311;BL000008028045;;;0;;;;;;;HABITATION;HABITATION;;;;IM00000000000000000000000ID-30117000000E;FTTH;;;;;;;;;;;;;;
PTO00033620211;BL000008027998;;;0;;;;;;;HABITATION;HABITATION;;;;IM00000000000000000000000ID-30117000004U;FTTH;;;;;;;;;;;;;;
PTO00019576981;BL000008028067;;;0;;;;;;;HABITATION;HABITATION;;;;IM00000000000000000000000ID-30117000002Q;FTTH;;;;;;;;;;;;;;
PTO00019580811;BL000008028067;;;0;;;;;;;HABITATION;HABITATION;;;;IM00000000000000000000000ID-30117000007G;FTTH;;;;;;;;;;;;;;
PTO00040147021;BL000008027990;;;0;;;;;;;HABITATION;HABITATION;;;;IM00000000000000000000000ID-30117000001Q;FTTH;;;;;;;;;;;;;;
PTO00036048671;BL000008028035;;;0;;;;;;;HABITATION;HABITATION;;;;IM00000000000000000000000ID-30117000007Z;FTTH;;;;;;;;;;;;;;
PTO00015383751;BL000008028038;;;0;;;;;;;HABITATION;HABITATION;;;;IM00000000000000000000000ID-30117000005J;FTTH;;;;;;;;;;;;;;
PTO00015258971;BL000008028038;;;0;;;;;;;HABITATION;HABITATION;;;;IM00000000000000000000000ID-30117000003C;FTTH;;;;;;;;;;;;;;
PTO00020305121;BL000008028022;;;0;;;;;;;HABITATION;HABITATION;;;;IM00000000000000000000000ID-301170000065;FTTH;;;;;;;;;;;;;;
PTO00023365241;BL000008028070;;;0;;;;;;;HABITATION;HABITATION;;;;IM00000000000000000000000ID-301170000033;FTTH;;;;;;;;;;;;;;
PTO00022924161;BL000008027996;;;0;;;;;;;HABITATION;HABITATION;;;;IM00000000000000000000000ID-30117000007P;FTTH;;;;;;;;;;;;;;
PTO00022901031;BL000008027996;;;0;;;;;;;HABITATION;HABITATION;;;;IM00000000000000000000000ID-30117000005X;FTTH;;;;;;;;;;;;;;
PTO00014172851;BL000008028033;;;0;;;;;;;HABITATION;HABITATION;;;;IM00000000000000000000000ID-30117000007B;FTTH;;;;;;;;;;;;;;
PTO00093693101;BL000008028048;;;0;;;;;;;HABITATION;HABITATION;;;;IM00000000000000000000000ID-30117000000V;FTTH;;;;;;;;;;;;;;
PTO00011585771;BL000008026396;;;0;;;;;;;HABITATION;HABITATION;;;;IM00000000000000000000000ID-3011700000RB;FTTH;;;;;;;;;;;;;;
PTO00005312021;BL000008027988;;;0;;;;;;;HABITATION;HABITATION;;;;IM00000000000000000000000ID-30117000000I;FTTH;;;;;;;;;;;;;;
PTO00036675361;BL000008027993;;;0;;;;;;;HABITATION;HABITATION;;;;IM00000000000000000000000ID-30117000006G;FTTH;;;;;;;;;;;;;;
PTO00014801281;BL000008028075;;;0;;;;;;;HABITATION;HABITATION;;;;IM00000000000000000000000ID-30117000006Q;FTTH;;;;;;;;;;;;;;
PTO00025484431;BL000008026395;;;0;;;;;;;HABITATION;HABITATION;;;;IM00000000000000000000000ID-30117000001G;FTTH;;;;;;;;;;;;;;
PTO00082786791;BL000008028040;;;0;;;;;;;HABITATION;HABITATION;;;;IM00000000000000000000000ID-30117000002T;FTTH;;;;;;;;;;;;;;
PTO00079159861;BL000008028043;;;0;;;;;;;HABITATION;HABITATION;;;;IM00000000000000000000000ID-30117000004T;FTTH;;;;;;;;;;;;;;
PTO00027357261;BL000008028069;;;0;;;;;;;HABITATION;HABITATION;;;;IM00000000000000000000000ID-30117000007J;FTTH;;;;;;;;;;;;;;
PTO00027272131;BL000008028069;;;0;;;;;;;HABITATION;HABITATION;;;;IM00000000000000000000000ID-301170000057;FTTH;;;;;;;;;;;;;;
PTO00027293091;BL000008028069;;;0;;;;;;;HABITATION;HABITATION;;;;IM00000000000000000000000ID-30117000002V;FTTH;;;;;;;;;;;;;;
PTO00010861381;BL000008028098;;;0;;;;;;;HABITATION;HABITATION;;;;IM00000000000000000000000ID-3011700000V3;FTTH;;;;;;;;;;;;;;
PTO00004428331;BL000008028098;;;0;;;;;;;HABITATION;HABITATION;;;;IM00000000000000000000000ID-3011700000V3;FTTH;;;;;;;;;;;;;;
PTO00029170381;BL000008027992;;;0;;;;;;;HABITATION;HABITATION;;;;IM00000000000000000000000ID-30117000002U;FTTH;;;;;;;;;;;;;;
PTO00034277141;BL000008028021;;;0;;;;;;;HABITATION;HABITATION;;;;IM00000000000000000000000ID-30117000001A;FTTH;;;;;;;;;;;;;;
PTO00033783031;BL000008028041;;;0;;;;;;;HABITATION;HABITATION;;;;IM00000000000000000000000ID-30117000007M;FTTH;;;;;;;;;;;;;;
PTO00019349241;BL000008028023;;;0;;;;;;;HABITATION;HABITATION;;;;IM00000000000000000000000ID-30117000003V;FTTH;;;;;;;;;;;;;;
PTO00019301211;BL000008028023;;;0;;;;;;;HABITATION;HABITATION;;;;IM00000000000000000000000ID-30117000007R;FTTH;;;;;;;;;;;;;;
PTO00030358581;BL000008028019;;;0;;;;;;;HABITATION;HABITATION;;;;IM00000000000000000000000ID-30117000001D;FTTH;;;;;;;;;;;;;;
PTO00056980391;BL000008028019;;;0;;;;;;;HABITATION;HABITATION;;;;IM00000000000000000000000ID-30117000005H;FTTH;;;;;;;;;;;;;;
PTO00033734211;BL000008028074;;;0;;;;;;;HABITATION;HABITATION;;;;IM00000000000000000000000ID-30117000006V;FTTH;;;;;;;;;;;;;;
PTO00033692891;BL000008028037;;;0;;;;;;;HABITATION;HABITATION;;;;IM00000000000000000000000ID-301170000082;FTTH;;;;;;;;;;;;;;
PTO00006490831;BL000008028068;;;0;;;;;;;HABITATION;HABITATION;;;;IM00000000000000000000000ID-30117000006I;FTTH;;;;;;;;;;;;;;
PTO00039910411;BL000008255515;;;0;;;;;;;ESCALIER-1;ETAGE-02;;;;IM00000000000000000000000ID-30117000001L;FTTH;;;;;;;;;;;;;;
PTO00019375771;BL000008202713;;;0;;;;;;;ESCALIER-1;ETAGE-01;;;;IM00000000000000000000000ID-301170000006;FTTH;;;;;;;;;;;;;;
PTO00039940301;BL000008255516;;;0;;;;;;;ESCALIER-1;ETAGE-RDC;;;;IM00000000000000000000000ID-30117000001L;FTTH;;;;;;;;;;;;;;
PTO00039885301;BL000008255516;;;0;;;;;;;ESCALIER-1;ETAGE-RDC;;;;IM00000000000000000000000ID-30117000001L;FTTH;;;;;;;;;;;;;;
PTO00025210601;BL000008028044;;;0;;;;;;;HABITATION;HABITATION;;;;IM00000000000000000000000ID-301170000037;FTTH;;;;;;;;;;;;;;
PTO00025150681;BL000008028020;;;0;;;;;;;HABITATION;HABITATION;;;;IM00000000000000000000000ID-3011700000UP;FTTH;;;;;;;;;;;;;;
PTO00019580601;BL000008028067;;;0;;;;;;;HABITATION;HABITATION;;;;IM00000000000000000000000ID-30117000007C;FTTH;;;;;;;;;;;;;;
PTO00089378951;BL000008027672;;;0;;;;;;;HABITATION;HABITATION;;;;IM00000000000000000000000ID-301170000034;FTTH;;;;;;;;;;;;;;
PTO00039980751;BL000008027990;;;0;;;;;;;HABITATION;HABITATION;;;;IM00000000000000000000000ID-30117000001J;FTTH;;;;;;;;;;;;;;
PTO00016660281;BL000008028071;;;0;;;;;;;HABITATION;HABITATION;;;;IM00000000000000000000000ID-30117000004B;FTTH;;;;;;;;;;;;;;
PTO00086659331;BL000008027987;;;0;;;;;;;ESCALIER-1;ETAGE-RDC;;;;IM00000000000000000000000ID-30117000001L;FTTH;;;;;;;;;;;;;;
PTO00017720091;BL000008028028;;;0;;;;;;;HABITATION;HABITATION;;;;IM00000000000000000000000ID-301170000051;FTTH;;;;;;;;;;;;;;
PTO00015261831;BL000008028038;;;0;;;;;;;HABITATION;HABITATION;;;;IM00000000000000000000000ID-301170000024;FTTH;;;;;;;;;;;;;;
PTO00005276871;BL000008027988;;;0;;;;;;;HABITATION;HABITATION;;;;IM00000000000000000000000ID-30117000000K;FTTH;;;;;;;;;;;;;;
PTO00005424011;BL000008027988;;;0;;;;;;;HABITATION;HABITATION;;;;IM00000000000000000000000ID-30117000000H;FTTH;;;;;;;;;;;;;;
PTO00091391021;BL000008027991;;;0;;;;;;;HABITATION;HABITATION;;;;IM00000000000000000000000ID-30117000001O;FTTH;;;;;;;;;;;;;;
PTO00013734441;BL000008027991;;;0;;;;;;;HABITATION;HABITATION;;;;IM00000000000000000000000ID-30117000001O;FTTH;;;;;;;;;;;;;;
PTO00013850041;BL000008027991;;;0;;;;;;;HABITATION;HABITATION;;;;IM00000000000000000000000ID-30117000001M;FTTH;;;;;;;;;;;;;;
PTO00037018611;BL000008027993;;;0;;;;;;;HABITATION;HABITATION;;;;IM00000000000000000000000ID-30117000004P;FTTH;;;;;;;;;;;;;;
PTO00025635561;BL000008026395;;;0;;;;;;;HABITATION;HABITATION;;;;IM00000000000000000000000ID-30117000001F;FTTH;;;;;;;;;;;;;;
PTO00019481921;BL000008028043;;;0;;;;;;;HABITATION;HABITATION;;;;IM00000000000000000000000ID-301170000007;FTTH;;;;;;;;;;;;;;
PTO00004471121;BL000008028098;;;0;;;;;;;HABITATION;HABITATION;;;;IM00000000000000000000000ID-3011700000V3;FTTH;;;;;;;;;;;;;;
PTO00029233591;BL000008027992;;;0;;;;;;;HABITATION;HABITATION;;;;IM00000000000000000000000ID-301170000087;FTTH;;;;;;;;;;;;;;
PTO00031784491;BL000008028032;;;0;;;;;;;HABITATION;HABITATION;;;;IM00000000000000000000000ID-3011700000QL;FTTH;;;;;;;;;;;;;;
PTO00007545381;BL000008028097;;;0;;;;;;;HABITATION;HABITATION;;;;IM00000000000000000000000ID-30117000004E;FTTH;;;;;;;;;;;;;;
PTO00012884221;BL000008027986;;;0;;;;;;;HABITATION;HABITATION;;;;IM00000000000000000000000ID-30117000001Y;FTTH;;;;;;;;;;;;;;
PTO00039610501;BL000008027669;;;0;;;;;;;HABITATION;HABITATION;;;;IM00000000000000000000000ID-30117000000G;FTTH;;;;;;;;;;;;;;
PTO00032587611;BL000008028039;;;0;;;;;;;HABITATION;HABITATION;;;;IM00000000000000000000000ID-301170000061;FTTH;;;;;;;;;;;;;;
PTO00019416901;BL000008202713;;;0;;;;;;;ESCALIER-1;ETAGE-02;;;;IM00000000000000000000000ID-301170000006;FTTH;;;;;;;;;;;;;;
PTO00039940281;BL000008255516;;;0;;;;;;;ESCALIER-1;ETAGE-RDC;;;;IM00000000000000000000000ID-30117000001L;FTTH;;;;;;;;;;;;;;
PTO00089705071;BL000008027985;;;0;;;;;;;ESCALIER-1;ETAGE-02;;;;IM00000000000000000000000ID-30117000001L;FTTH;;;;;;;;;;;;;;
PTO00033033141;BL000008027999;;;0;;;;;;;HABITATION;HABITATION;;;;IM00000000000000000000000ID-30117000003P;FTTH;;;;;;;;;;;;;;
PTO00033086661;BL000008028036;;;0;;;;;;;HABITATION;HABITATION;;;;IM00000000000000000000000ID-301170000031;FTTH;;;;;;;;;;;;;;
PTO00022895011;BL000008027671;;;0;;;;;;;HABITATION;HABITATION;;;;IM00000000000000000000000ID-30117000006K;FTTH;;;;;;;;;;;;;;
PTO00033527511;BL000008028031;;;0;;;;;;;HABITATION;HABITATION;;;;IM00000000000000000000000ID-30117000005E;FTTH;;;;;;;;;;;;;;
PTO00016577741;BL000008028071;;;0;;;;;;;HABITATION;HABITATION;;;;IM00000000000000000000000ID-30117000002M;FTTH;;;;;;;;;;;;;;
PTO00002682181;BL000008027987;;;0;;;;;;;HABITATION;HABITATION;;;;IM00000000000000000000000ID-3011700000QO;FTTH;;;;;;;;;;;;;;
PTO00017654101;BL000008028028;;;0;;;;;;;HABITATION;HABITATION;;;;IM00000000000000000000000ID-301170000039;FTTH;;;;;;;;;;;;;;
PTO00017667011;BL000008028028;;;0;;;;;;;HABITATION;HABITATION;;;;IM00000000000000000000000ID-301170000067;FTTH;;;;;;;;;;;;;;
PTO00020280691;BL000008028022;;;0;;;;;;;HABITATION;HABITATION;;;;IM00000000000000000000000ID-3011700000V8;FTTH;;;;;;;;;;;;;;
PTO00002949421;BL000008028030;;;0;;;;;;;HABITATION;HABITATION;;;;IM00000000000000000000000ID-30117000005I;FTTH;;;;;;;;;;;;;;
PTO00007455651;BL000008028027;;;0;;;;;;;HABITATION;HABITATION;;;;IM00000000000000000000000ID-30117000002X;FTTH;;;;;;;;;;;;;;
PTO00025553871;BL000008028048;;;0;;;;;;;HABITATION;HABITATION;;;;IM00000000000000000000000ID-30117000000R;FTTH;;;;;;;;;;;;;;
PTO00011556491;BL000008026396;;;0;;;;;;;HABITATION;HABITATION;;;;IM00000000000000000000000ID-30117000007S;FTTH;;;;;;;;;;;;;;
PTO00037018641;BL000008027993;;;0;;;;;;;HABITATION;HABITATION;;;;IM00000000000000000000000ID-301170000050;FTTH;;;;;;;;;;;;;;
PTO00092253931;BL000008026080;;;0;;;;;;;HABITATION;HABITATION;;;;IM00000000000000000000000ID-30117000002Z;FTTH;;;;;;;;;;;;;;
PTO00003442401;BL000008028024;;;0;;;;;;;HABITATION;HABITATION;;;;IM00000000000000000000000ID-301170000010;FTTH;;;;;;;;;;;;;;
PTO00029091171;BL000008028046;;;0;;;;;;;HABITATION;HABITATION;;;;IM00000000000000000000000ID-30117000005K;FTTH;;;;;;;;;;;;;;
PTO00025127431;BL000008028042;;;0;;;;;;;HABITATION;HABITATION;;;;IM00000000000000000000000ID-30117000005T;FTTH;;;;;;;;;;;;;;
PTO00025160771;BL000008028042;;;0;;;;;;;HABITATION;HABITATION;;;;IM00000000000000000000000ID-30117000003R;FTTH;;;;;;;;;;;;;;
PTO00081828641;BL000008028073;;;0;;;;;;;HABITATION;HABITATION;;;;IM00000000000000000000000ID-301170000078;FTTH;;;;;;;;;;;;;;
PTO00039458911;BL000008027669;;;0;;;;;;;HABITATION;HABITATION;;;;IM00000000000000000000000ID-30117000000G;FTTH;;;;;;;;;;;;;;
PTO00091663841;BL000008028018;;;0;;;;;;;HABITATION;HABITATION;;;;IM00000000000000000000000ID-30117000002I;FTTH;;;;;;;;;;;;;;
PTO00036210201;BL000008028000;;;0;;;;;;;HABITATION;HABITATION;;;;IM00000000000000000000000ID-30117000008D;FTTH;;;;;;;;;;;;;;
PTO00032656961;BL000008028039;;;0;;;;;;;HABITATION;HABITATION;;;;IM00000000000000000000000ID-30117000003A;FTTH;;;;;;;;;;;;;;
PTO00006472371;BL000008028068;;;0;;;;;;;HABITATION;HABITATION;;;;IM00000000000000000000000ID-30117000007E;FTTH;;;;;;;;;;;;;;
PTO00039936851;BL000008255514;;;0;;;;;;;ESCALIER-1;ETAGE-02;;;;IM00000000000000000000000ID-30117000001L;FTTH;;;;;;;;;;;;;;
PTO00039885011;BL000008255514;;;0;;;;;;;ESCALIER-1;ETAGE-01;;;;IM00000000000000000000000ID-30117000001L;FTTH;;;;;;;;;;;;;;
PTO00019388531;BL000008202712;;;0;;;;;;;ESCALIER-1;ETAGE-02;;;;IM00000000000000000000000ID-301170000006;FTTH;;;;;;;;;;;;;;
PTO00010839491;BL000008027985;;;0;;;;;;;HABITATION;HABITATION;;;;IM00000000000000000000000ID-301170000156;FTTH;;;;;;;;;;;;;;
PTO00025203541;BL000008028044;;;0;;;;;;;HABITATION;HABITATION;;;;IM00000000000000000000000ID-30117000003J;FTTH;;;;;;;;;;;;;;
PTO00033075061;BL000008028036;;;0;;;;;;;HABITATION;HABITATION;;;;IM00000000000000000000000ID-301170000069;FTTH;;;;;;;;;;;;;;
PTO00033499201;BL000008027998;;;0;;;;;;;HABITATION;HABITATION;;;;IM00000000000000000000000ID-30117000004D;FTTH;;;;;;;;;;;;;;
PTO00031097711;BL000008026079;;;0;;;;;;;HABITATION;HABITATION;;;;IM00000000000000000000000ID-301170000071;FTTH;;;;;;;;;;;;;;
PTO00016585201;BL000008028071;;;0;;;;;;;HABITATION;HABITATION;;;;IM00000000000000000000000ID-301170000034;FTTH;;;;;;;;;;;;;;
PTO00035381241;BL000008028029;;;0;;;;;;;HABITATION;HABITATION;;;;IM00000000000000000000000ID-30117000002C;FTTH;;;;;;;;;;;;;;
PTO00035332631;BL000008028029;;;0;;;;;;;HABITATION;HABITATION;;;;IM00000000000000000000000ID-301170000077;FTTH;;;;;;;;;;;;;;
PTO00035930271;BL000008028035;;;0;;;;;;;HABITATION;HABITATION;;;;IM00000000000000000000000ID-30117000006L;FTTH;;;;;;;;;;;;;;
PTO00067744121;BL000008027987;;;0;;;;;;;ESCALIER-1;ETAGE-01;;;;IM00000000000000000000000ID-30117000001L;FTTH;;;;;;;;;;;;;;
PTO00017754891;BL000008028028;;;0;;;;;;;HABITATION;HABITATION;;;;IM00000000000000000000000ID-30117000002P;FTTH;;;;;;;;;;;;;;
PTO00035384591;BL000008028028;;;0;;;;;;;HABITATION;HABITATION;;;;IM00000000000000000000000ID-301170000058;FTTH;;;;;;;;;;;;;;
PTO00003033071;BL000008028030;;;0;;;;;;;HABITATION;HABITATION;;;;IM00000000000000000000000ID-30117000006U;FTTH;;;;;;;;;;;;;;
LC000000000121;BL000008255517;;;0;;;;;;;ESCALIER-1;ETAGE-02;;;;IM00000000000000000000000ID-30117000001L;FTTH;;;;;;;;;;;;;;
LC000000000122;BL000008192469;;;0;;;;;;;HABITATION;HABITATION;;;;IM00000000000000000000000ID-301170000007;FTTH;;;;;;;;;;;;;;
LC000000000123;BL000008028074;;;0;;;;;;;HABITATION;HABITATION;;;;IM00000000000000000000000ID-30117000004F;FTTH;;;;;;;;;;;;;;
LC000000000124;BL000008028040;;;0;;;;;;;HABITATION;HABITATION;;;;IM00000000000000000000000ID-301170000049;FTTH;;;;;;;;;;;;;;
LC000000000125;BL000008624158;;;0;;;;;;;ESCALIER-1;ETAGE-RDC;;;;IM00000000000000000000000ID-30117000000B;FTTH;;;;;;;;;;;;;;
LC000000000126;BL000008624158;;;0;;;;;;;ESCALIER-1;ETAGE-RDC;;;;IM00000000000000000000000ID-30117000000B;FTTH;;;;;;;;;;;;;;
LC000000000127;BL000008624158;;;0;;;;;;;ESCALIER-1;ETAGE-RDC;;;;IM00000000000000000000000ID-30117000000B;FTTH;;;;;;;;;;;;;;
LC000000000128;BL000008028018;;;0;;;;;;;HABITATION;HABITATION;;;;IM00000000000000000000000ID-30117000002I;FTTH;;;;;;;;;;;;;;
LC000000000129;BL000008027672;;;0;;;;;;;HABITATION;HABITATION;;;;IM00000000000000000000000ID-3011700000QE;FTTH;;;;;;;;;;;;;;
LC000000000130;BL000008027672;;;0;;;;;;;HABITATION;HABITATION;;;;IM00000000000000000000000ID-3011700000QE;FTTH;;;;;;;;;;;;;;
LC000000000131;BL000008027672;;;0;;;;;;;HABITATION;HABITATION;;;;IM00000000000000000000000ID-3011700000QE;FTTH;;;;;;;;;;;;;;
LC000000000132;BL000008027672;;;0;;;;;;;HABITATION;HABITATION;;;;IM00000000000000000000000ID-3011700000QE;FTTH;;;;;;;;;;;;;;
LC000000000133;BL000008027672;;;0;;;;;;;HABITATION;HABITATION;;;;IM00000000000000000000000ID-3011700000QE;FTTH;;;;;;;;;;;;;;
LC000000000134;BL000008255515;;;0;;;;;;;ESCALIER-1;ETAGE-02;;;;IM00000000000000000000000ID-30117000001L;FTTH;;;;;;;;;;;;;;
LC000000000135;BL000008255515;;;0;;;;;;;ESCALIER-1;ETAGE-02;;;;IM00000000000000000000000ID-30117000001L;FTTH;;;;;;;;;;;;;;
LC000000000136;BL000008255515;;;0;;;;;;;ESCALIER-1;ETAGE-02;;;;IM00000000000000000000000ID-30117000001L;FTTH;;;;;;;;;;;;;;
LC000000000137;BL000008028018;;;0;;;;;;;HABITATION;HABITATION;;;;IM00000000000000000000000ID-301170000007;FTTH;;;;;;;;;;;;;;
LC000000000138;BL000008028018;;;0;;;;;;;HABITATION;HABITATION;;;;IM00000000000000000000000ID-301170000007;FTTH;;;;;;;;;;;;;;
LC000000000139;BL000008028020;;;0;;;;;;;HABITATION;HABITATION;;;;IM00000000000000000000000ID-301170000017;FTTH;;;;;;;;;;;;;;
LC000000000140;BL000008026079;;;0;;;;;;;ESCALIER-1;ETAGE-01;;;;IM00000000000000000000000ID-301170000008;FTTH;;;;;;;;;;;;;;
LC000000000141;BL000008624158;;;0;;;;;;;ESCALIER-1;ETAGE-03;;;;IM00000000000000000000000ID-30117000000C;FTTH;;;;;;;;;;;;;;
LC000000000142;BL000008624158;;;0;;;;;;;ESCALIER-1;ETAGE-03;;;;IM00000000000000000000000ID-30117000000C;FTTH;;;;;;;;;;;;;;
LC000000000143;BL000008624158;;;0;;;;;;;ESCALIER-1;ETAGE-03;;;;IM00000000000000000000000ID-30117000000C;FTTH;;;;;;;;;;;;;;
LC000000000144;BL000008028048;;;0;;;;;;;HABITATION;HABITATION;;;;IM00000000000000000000000ID-30117000000U;FTTH;;;;;;;;;;;;;;
LC000000000145;BL000008255513;;;0;;;;;;;ESCALIER-1;ETAGE-RDC;;;;IM00000000000000000000000ID-30117000000B;FTTH;;;;;;;;;;;;;;
LC000000000146;BL000008255520;;;0;;;;;;;HABITATION;HABITATION;;;;IM00000000000000000000000ID-301170000073;FTTH;;;;;;;;;;;;;;
LC000000000147;BL000008028031;;;0;;;;;;;HABITATION;HABITATION;;;;IM00000000000000000000000ID-30117000006W;FTTH;;;;;;;;;;;;;;
LC000000000148;BL000008028041;;;0;;;;;;;HABITATION;HABITATION;;;;IM00000000000000000000000ID-30117000002S;FTTH;;;;;;;;;;;;;;
LC000000000149;BL000008028027;;;0;;;;;;;HABITATION;HABITATION;;;;IM00000000000000000000000ID-30117000005R;FTTH;;;;;;;;;;;;;;
LC000000000150;BL000008028030;;;0;;;;;;;HABITATION;HABITATION;;;;IM00000000000000000000000ID-30117000005P;FTTH;;;;;;;;;;;;;;
LC000000000151;BL000008028034;;;0;;;;;;;HABITATION;HABITATION;;;;IM00000000000000000000000ID-30117000008H;FTTH;;;;;;;;;;;;;;
LC000000000152;BL000008624158;;;0;;;;;;;ESCALIER-1;ETAGE-01;;;;IM00000000000000000000000ID-30117000000B;FTTH;;;;;;;;;;;;;;
LC000000000153;BL000008624158;;;0;;;;;;;ESCALIER-1;ETAGE-01;;;;IM00000000000000000000000ID-30117000000B;FTTH;;;;;;;;;;;;;;
LC000000000154;BL000008192469;;;0;;;;;;;ESCALIER-1;ETAGE-01;;;;IM00000000000000000000000ID-301170000009;FTTH;;;;;;;;;;;;;;
LC000000000155;BL000008192469;;;0;;;;;;;ESCALIER-1;ETAGE-01;;;;IM00000000000000000000000ID-301170000009;FTTH;;;;;;;;;;;;;;
LC000000000156;BL000008192469;;;0;;;;;;;ESCALIER-1;ETAGE-01;;;;IM00000000000000000000000ID-301170000009;FTTH;;;;;;;;;;;;;;
LC000000000157;BL000008192469;;;0;;;;;;;ESCALIER-1;ETAGE-01;;;;IM00000000000000000000000ID-301170000009;FTTH;;;;;;;;;;;;;;
LC000000000158;BL000008192469;;;0;;;;;;;ESCALIER-1;ETAGE-01;;;;IM00000000000000000000000ID-301170000009;FTTH;;;;;;;;;;;;;;
LC000000000159;BL000008192469;;;0;;;;;;;ESCALIER-1;ETAGE-01;;;;IM00000000000000000000000ID-301170000009;FTTH;;;;;;;;;;;;;;
LC000000000160;BL000008192469;;;0;;;;;;;ESCALIER-1;ETAGE-01;;;;IM00000000000000000000000ID-301170000009;FTTH;;;;;;;;;;;;;;
LC000000000161;BL000008624158;;;0;;;;;;;ESCALIER-1;ETAGE-RDC;;;;IM00000000000000000000000ID-30117000000D;FTTH;;;;;;;;;;;;;;
LC000000000162;BL000008624158;;;0;;;;;;;ESCALIER-1;ETAGE-RDC;;;;IM00000000000000000000000ID-30117000000D;FTTH;;;;;;;;;;;;;;
LC000000000163;BL000008624158;;;0;;;;;;;ESCALIER-1;ETAGE-RDC;;;;IM00000000000000000000000ID-30117000000D;FTTH;;;;;;;;;;;;;;
LC000000000164;BL000008028022;;;0;;;;;;;HABITATION;HABITATION;;;;IM00000000000000000000000ID-3011700000V6;FTTH;;;;;;;;;;;;;;
LC000000000165;BL000008028040;;;0;;;;;;;HABITATION;HABITATION;;;;IM00000000000000000000000ID-30117000003U;FTTH;;;;;;;;;;;;;;
LC000000000166;BL000008028040;;;0;;;;;;;HABITATION;HABITATION;;;;IM00000000000000000000000ID-30117000004H;FTTH;;;;;;;;;;;;;;
LC000000000167;BL000008255518;;;0;;;;;;;ESCALIER-1;ETAGE-02;;;;IM00000000000000000000000ID-30117000001L;FTTH;;;;;;;;;;;;;;
LC000000000168;BL000008255514;;;0;;;;;;;ESCALIER-1;ETAGE-01;;;;IM00000000000000000000000ID-30117000001L;FTTH;;;;;;;;;;;;;;
LC000000000169;BL000008192470;;;0;;;;;;;ESCALIER-1;ETAGE-RDC;;;;IM00000000000000000000000ID-30117000001L;FTTH;;;;;;;;;;;;;;
LC000000000170;BL000008624157;;;0;;;;;;;ESCALIER-1;ETAGE-01;;;;IM00000000000000000000000ID-30117000000D;FTTH;;;;;;;;;;;;;;
LC000000000171;BL000008028018;;;0;;;;;;;HABITATION;HABITATION;;;;IM00000000000000000000000ID-30117000007Y;FTTH;;;;;;;;;;;;;;
LC000000000172;BL000008624159;;;0;;;;;;;ESCALIER-1;ETAGE-01;;;;IM00000000000000000000000ID-30117000000D;FTTH;;;;;;;;;;;;;;
LC000000000173;BL000008028036;;;0;;;;;;;HABITATION;HABITATION;;;;IM00000000000000000000000ID-30117000006P;FTTH;;;;;;;;;;;;;;
LC000000000174;BL000008028020;;;0;;;;;;;HABITATION;HABITATION;;;;IM00000000000000000000000ID-3011700000UQ;FTTH;;;;;;;;;;;;;;
LC000000000175;BL000008255520;;;0;;;;;;;ESCALIER-1;ETAGE-01;;;;IM00000000000000000000000ID-30117000001L;FTTH;;;;;;;;;;;;;;
LC000000000176;BL000008255520;;;0;;;;;;;ESCALIER-1;ETAGE-01;;;;IM00000000000000000000000ID-30117000001L;FTTH;;;;;;;;;;;;;;
LC000000000177;BL000008255520;;;0;;;;;;;ESCALIER-1;ETAGE-01;;;;IM00000000000000000000000ID-30117000001L;FTTH;;;;;;;;;;;;;;
LC000000000178;BL000008255520;;;0;;;;;;;ESCALIER-1;ETAGE-01;;;;IM00000000000000000000000ID-30117000001L;FTTH;;;;;;;;;;;;;;
LC000000000179;BL000008255520;;;0;;;;;;;ESCALIER-1;ETAGE-01;;;;IM00000000000000000000000ID-30117000001L;FTTH;;;;;;;;;;;;;;
LC000000000180;BL000008255513;;;0;;;;;;;ESCALIER-1;ETAGE-RDC;;;;IM00000000000000000000000ID-30117000001L;FTTH;;;;;;;;;;;;;;
LC000000000181;BL000008255513;;;0;;;;;;;ESCALIER-1;ETAGE-RDC;;;;IM00000000000000000000000ID-30117000001L;FTTH;;;;;;;;;;;;;;
LC000000000182;BL000008028035;;;0;;;;;;;HABITATION;HABITATION;;;;IM00000000000000000000000ID-30117000006L;FTTH;;;;;;;;;;;;;;
LC000000000183;BL000008026079;;;0;;;;;;;HABITATION;HABITATION;;;;IM00000000000000000000000ID-301170000052;FTTH;;;;;;;;;;;;;;
LC000000000184;BL000008026079;;;0;;;;;;;HABITATION;HABITATION;;;;IM00000000000000000000000ID-30117000007Q;FTTH;;;;;;;;;;;;;;
LC000000000185;BL000008624157;;;0;;;;;;;ESCALIER-1;ETAGE-RDC;;;;IM00000000000000000000000ID-30117000000B;FTTH;;;;;;;;;;;;;;
LC000000000186;BL000008624157;;;0;;;;;;;ESCALIER-1;ETAGE-RDC;;;;IM00000000000000000000000ID-30117000000B;FTTH;;;;;;;;;;;;;;
LC000000000187;BL000008026079;;;0;;;;;;;HABITATION;HABITATION;;;;IM00000000000000000000000ID-30117000004Y;FTTH;;;;;;;;;;;;;;
LC000000000188;BL000008028068;;;0;;;;;;;HABITATION;HABITATION;;;;IM00000000000000000000000ID-30117000002F;FTTH;;;;;;;;;;;;;;
LC000000000189;BL000008255515;;;0;;;;;;;ESCALIER-1;ETAGE-02;;;;IM00000000000000000000000ID-30117000000B;FTTH;;;;;;;;;;;;;;
LC000000000190;BL000008027988;;;0;;;;;;;HABITATION;HABITATION;;;;IM00000000000000000000000ID-30117000000L;FTTH;;;;;;;;;;;;;;
LC000000000191;BL000008028033;;;0;;;;;;;HABITATION;HABITATION;;;;IM00000000000000000000000ID-301170000040;FTTH;;;;;;;;;;;;;;
LC000000000192;BL000008026396;;;0;;;;;;;HABITATION;HABITATION;;;;IM00000000000000000000000ID-30117000006F;FTTH;;;;;;;;;;;;;;
LC000000000193;BL000008624158;;;0;;;;;;;ESCALIER-1;ETAGE-02;;;;IM00000000000000000000000ID-30117000000C;FTTH;;;;;;;;;;;;;;
LC000000000194;BL000008624158;;;0;;;;;;;ESCALIER-1;ETAGE-02;;;;IM00000000000000000000000ID-30117000000C;FTTH;;;;;;;;;;;;;;
LC000000000195;BL000008624158;;;0;;;;;;;ESCALIER-1;ETAGE-02;;;;IM00000000000000000000000ID-30117000000C;FTTH;;;;;;;;;;;;;;
LC000000000196;BL000008624157;;;0;;;;;;;ESCALIER-1;ETAGE-01;;;;IM00000000000000000000000ID-30117000000C;FTTH;;;;;;;;;;;;;;
LC000000000197;BL000008624157;;;0;;;;;;;ESCALIER-1;ETAGE-01;;;;IM00000000000000000000000ID-30117000000C;FTTH;;;;;;;;;;;;;;
LC000000000198;BL000008624157;;;0;;;;;;;ESCALIER-1;ETAGE-01;;;;IM00000000000000000000000ID-30117000000C;FTTH;;;;;;;;;;;;;;
LC000000000199;BL000008028097;;;0;;;;;;;HABITATION;HABITATION;;;;IM00000000000000000000000ID-301170000057;FTTH;;;;;;;;;;;;;;
LC000000000200;BL000008255515;;;0;;;;;;;ESCALIER-1;ETAGE-03;;;;IM00000000000000000000000ID-30117000001L;FTTH;;;;;;;;;;;;;;
LC000000000201;BL000008255515;;;0;;;;;;;ESCALIER-1;ETAGE-03;;;;IM00000000000000000000000ID-30117000001L;FTTH;;;;;;;;;;;;;;
LC000000000202;BL000008026079;;;0;;;;;;;ESCALIER-1;ETAGE-01;;;;IM00000000000000000000000ID-301170000009;FTTH;;;;;;;;;;;;;;
LC000000000203;BL000008192470;;;0;;;;;;;ESCALIER-1;ETAGE-02;;;;IM00000000000000000000000ID-301170000008;FTTH;;;;;;;;;;;;;;
LC000000000204;BL000008192470;;;0;;;;;;;ESCALIER-1;ETAGE-02;;;;IM00000000000000000000000ID-301170000008;FTTH;;;;;;;;;;;;;;
LC000000000205;BL000008192470;;;0;;;;;;;ESCALIER-1;ETAGE-02;;;;IM00000000000000000000000ID-301170000008;FTTH;;;;;;;;;;;;;;
LC000000000206;BL000008192470;;;0;;;;;;;ESCALIER-1;ETAGE-02;;;;IM00000000000000000000000ID-301170000008;FTTH;;;;;;;;;;;;;;
LC000000000207;BL000008192470;;;0;;;;;;;ESCALIER-1;ETAGE-02;;;;IM00000000000000000000000ID-301170000008;FTTH;;;;;;;;;;;;;;
LC000000000208;BL000008192470;;;0;;;;;;;ESCALIER-1;ETAGE-02;;;;IM00000000000000000000000ID-301170000008;FTTH;;;;;;;;;;;;;;
LC000000000209;BL000008192470;;;0;;;;;;;ESCALIER-1;ETAGE-02;;;;IM00000000000000000000000ID-301170000008;FTTH;;;;;;;;;;;;;;
LC000000000210;BL000008624158;;;0;;;;;;;HABITATION;HABITATION;;;;IM00000000000000000000000ID-301170000054;FTTH;;;;;;;;;;;;;;
LC000000000211;BL000008624159;;;0;;;;;;;ESCALIER-1;ETAGE-02;;;;IM00000000000000000000000ID-30117000000B;FTTH;;;;;;;;;;;;;;
LC000000000212;BL000008624157;;;0;;;;;;;ESCALIER-1;ETAGE-02;;;;IM00000000000000000000000ID-30117000000B;FTTH;;;;;;;;;;;;;;
LC000000000213;BL000008624157;;;0;;;;;;;ESCALIER-1;ETAGE-02;;;;IM00000000000000000000000ID-30117000000B;FTTH;;;;;;;;;;;;;;
LC000000000214;BL000008028031;;;0;;;;;;;HABITATION;HABITATION;;;;IM00000000000000000000000ID-30117000003I;FTTH;;;;;;;;;;;;;;
LC000000000215;BL000008028027;;;0;;;;;;;HABITATION;HABITATION;;;;IM00000000000000000000000ID-301170000053;FTTH;;;;;;;;;;;;;;
LC000000000216;BL000008255514;;;0;;;;;;;ESCALIER-1;ETAGE-01;;;;IM00000000000000000000000ID-30117000001L;FTTH;;;;;;;;;;;;;;
LC000000000217;BL000008026080;;;0;;;;;;;HABITATION;HABITATION;;;;IM00000000000000000000000ID-30117000002Z;FTTH;;;;;;;;;;;;;;
LC000000000218;BL000008026395;;;0;;;;;;;HABITATION;HABITATION;;;;IM00000000000000000000000ID-30117000000F;FTTH;;;;;;;;;;;;;;
LC000000000219;BL000008255516;;;0;;;;;;;ESCALIER-1;ETAGE-RDC;;;;IM00000000000000000000000ID-30117000001L;FTTH;;;;;;;;;;;;;;
LC000000000220;BL000008255516;;;0;;;;;;;ESCALIER-1;ETAGE-RDC;;;;IM00000000000000000000000ID-30117000001L;FTTH;;;;;;;;;;;;;;
LC000000000271;BL000008624158;;;0;;;;;;;ESCALIER-1;ETAGE-03;;;;IM00000000000000000000000ID-30117000000D;FTTH;;;;;;;;;;;;;;
LC000000000272;BL000008624158;;;0;;;;;;;ESCALIER-1;ETAGE-03;;;;IM00000000000000000000000ID-30117000000D;FTTH;;;;;;;;;;;;;;
LC000000000273;BL000008028074;;;0;;;;;;;HABITATION;HABITATION;;;;IM00000000000000000000000ID-30117000002R;FTTH;;;;;;;;;;;;;;
LC000000000274;BL000008624158;;;0;;;;;;;ESCALIER-1;ETAGE-02;;;;IM00000000000000000000000ID-30117000000D;FTTH;;;;;;;;;;;;;;
LC000000000275;BL000008624158;;;0;;;;;;;ESCALIER-1;ETAGE-02;;;;IM00000000000000000000000ID-30117000000D;FTTH;;;;;;;;;;;;;;
LC000000000276;BL000008624158;;;0;;;;;;;ESCALIER-1;ETAGE-02;;;;IM00000000000000000000000ID-30117000000D;FTTH;;;;;;;;;;;;;;
LC000000000277;BL000008255520;;;0;;;;;;;ESCALIER-1;ETAGE-01;;;;IM00000000000000000000000ID-30117000001L;FTTH;;;;;;;;;;;;;;
LC000000000278;BL000008028071;;;0;;;;;;;HABITATION;HABITATION;;;;IM00000000000000000000000ID-30117000004C;FTTH;;;;;;;;;;;;;;
LC000000000279;BL000008255515;;;0;;;;;;;ESCALIER-1;ETAGE-03;;;;IM00000000000000000000000ID-30117000001L;FTTH;;;;;;;;;;;;;;
LC000000000280;BL000008624157;;;0;;;;;;;ESCALIER-1;ETAGE-RDC;;;;IM00000000000000000000000ID-30117000000D;FTTH;;;;;;;;;;;;;;
LC000000000281;BL000008624157;;;0;;;;;;;ESCALIER-1;ETAGE-RDC;;;;IM00000000000000000000000ID-30117000000D;FTTH;;;;;;;;;;;;;;
LC000000000282;BL000008028018;;;0;;;;;;;ESCALIER-1;ETAGE-01;;;;IM00000000000000000000000ID-30117000000D;FTTH;;;;;;;;;;;;;;
LC000000000283;BL000008255520;;;0;;;;;;;ESCALIER-1;ETAGE-02;;;;IM00000000000000000000000ID-30117000001L;FTTH;;;;;;;;;;;;;;
LC000000000284;BL000008255520;;;0;;;;;;;ESCALIER-1;ETAGE-02;;;;IM00000000000000000000000ID-30117000001L;FTTH;;;;;;;;;;;;;;
LC000000000285;BL000008255520;;;0;;;;;;;ESCALIER-1;ETAGE-02;;;;IM00000000000000000000000ID-30117000001L;FTTH;;;;;;;;;;;;;;
LC000000000286;BL000008028025;;;0;;;;;;;HABITATION;HABITATION;;;;IM00000000000000000000000ID-301170000013;FTTH;;;;;;;;;;;;;;
LC000000000287;BL000008028044;;;0;;;;;;;HABITATION;HABITATION;;;;IM00000000000000000000000ID-30117000004I;FTTH;;;;;;;;;;;;;;
LC000000000288;BL000008028044;;;0;;;;;;;HABITATION;HABITATION;;;;IM00000000000000000000000ID-3011700000QE;FTTH;;;;;;;;;;;;;;
LC000000000289;BL000008028037;;;0;;;;;;;HABITATION;HABITATION;;;;IM00000000000000000000000ID-30117000003G;FTTH;;;;;;;;;;;;;;
LC000000000290;BL000008255518;;;0;;;;;;;ESCALIER-1;ETAGE-03;;;;IM00000000000000000000000ID-30117000001L;FTTH;;;;;;;;;;;;;;
LC000000000291;BL000008255518;;;0;;;;;;;ESCALIER-1;ETAGE-03;;;;IM00000000000000000000000ID-30117000001L;FTTH;;;;;;;;;;;;;;
LC000000000292;BL000008255518;;;0;;;;;;;ESCALIER-1;ETAGE-03;;;;IM00000000000000000000000ID-30117000001L;FTTH;;;;;;;;;;;;;;
LC000000000293;BL000008027997;;;0;;;;;;;HABITATION;HABITATION;;;;IM00000000000000000000000ID-301170000041;FTTH;;;;;;;;;;;;;;
LC000000000294;BL000008028018;;;0;;;;;;;ESCALIER-1;ETAGE-01;;;;IM00000000000000000000000ID-30117000000B;FTTH;;;;;;;;;;;;;;
LC000000000295;BL000008202713;;;0;;;;;;;HABITATION;HABITATION;;;;IM00000000000000000000000ID-301170000027;FTTH;;;;;;;;;;;;;;
LC000000000296;BL000008624157;;;0;;;;;;;ESCALIER-1;ETAGE-01;;;;IM00000000000000000000000ID-30117000000C;FTTH;;;;;;;;;;;;;;
LC000000000297;BL000008027995;;;0;;;;;;;HABITATION;HABITATION;;;;IM00000000000000000000000ID-301170000044;FTTH;;;;;;;;;;;;;;
LC000000000298;BL000008027993;;;0;;;;;;;HABITATION;HABITATION;;;;IM00000000000000000000000ID-30117000005N;FTTH;;;;;;;;;;;;;;
LC000000000299;BL000008028071;;;0;;;;;;;HABITATION;HABITATION;;;;IM00000000000000000000000ID-301170000025;FTTH;;;;;;;;;;;;;;
LC000000000300;BL000008028046;;;0;;;;;;;HABITATION;HABITATION;;;;IM00000000000000000000000ID-301170000036;FTTH;;;;;;;;;;;;;;
LC000000000301;BL000008028047;;;0;;;;;;;HABITATION;HABITATION;;;;IM00000000000000000000000ID-30117000000O;FTTH;;;;;;;;;;;;;;
LC000000000302;BL000008028030;;;0;;;;;;;HABITATION;HABITATION;;;;IM00000000000000000000000ID-30117000002J;FTTH;;;;;;;;;;;;;;
LC000000000303;BL000008255516;;;0;;;;;;;ESCALIER-1;ETAGE-RDC;;;;IM00000000000000000000000ID-30117000001L;FTTH;;;;;;;;;;;;;;
LC000000000304;BL000008624158;;;0;;;;;;;ESCALIER-1;ETAGE-RDC;;;;IM00000000000000000000000ID-30117000000C;FTTH;;;;;;;;;;;;;;
LC000000000305;BL000008624158;;;0;;;;;;;ESCALIER-1;ETAGE-RDC;;;;IM00000000000000000000000ID-30117000000C;FTTH;;;;;;;;;;;;;;
LC000000000306;BL000008624158;;;0;;;;;;;ESCALIER-1;ETAGE-RDC;;;;IM00000000000000000000000ID-30117000000C;FTTH;;;;;;;;;;;;;;
LC000000000307;BL000008624157;;;0;;;;;;;ESCALIER-1;ETAGE-RDC;;;;IM00000000000000000000000ID-301170000008;FTTH;;;;;;;;;;;;;;
LC000000000308;BL000008624157;;;0;;;;;;;ESCALIER-1;ETAGE-RDC;;;;IM00000000000000000000000ID-301170000008;FTTH;;;;;;;;;;;;;;
LC000000000309;BL000008027997;;;0;;;;;;;HABITATION;HABITATION;;;;IM00000000000000000000000ID-30117000003F;FTTH;;;;;;;;;;;;;;
LC000000000310;BL000008027994;;;0;;;;;;;HABITATION;HABITATION;;;;IM00000000000000000000000ID-301170000028;FTTH;;;;;;;;;;;;;;
LC000000000311;BL000008624159;;;0;;;;;;;ESCALIER-1;ETAGE-02;;;;IM00000000000000000000000ID-30117000000C;FTTH;;;;;;;;;;;;;;
LC000000000312;BL000008624159;;;0;;;;;;;ESCALIER-1;ETAGE-02;;;;IM00000000000000000000000ID-30117000000C;FTTH;;;;;;;;;;;;;;
RO000012060534;;;12060534;0;PSIT0000000125;GSIT0000000140;REC;20191229;0;;;;E;;SRO-BPI-11363897;PE000001906307;SRO;;;;;;;;;;;;;;
RO000012949828;;;12949828;0;PSIT0000000125;GSIT0000000140;REC;20191009000000;0;;;;E;;LOCAL POP;HU000012858770;NRO;;;;;;;;;;;;;;
LC000000000221;BL000008028046;;;0;;;;;;;HABITATION;HABITATION;;;;IM00000000000000000000000ID-3011700000QG;FTTH;;;;;;;;;;;;;;
LC000000000222;BL000008255513;;;0;;;;;;;ESCALIER-1;ETAGE-RDC;;;;IM00000000000000000000000ID-30117000000D;FTTH;;;;;;;;;;;;;;
LC000000000223;BL000008028041;;;0;;;;;;;HABITATION;HABITATION;;;;IM00000000000000000000000ID-30117000005Y;FTTH;;;;;;;;;;;;;;
LC000000000224;BL000008192469;;;0;;;;;;;ESCALIER-1;ETAGE-RDC;;;;IM00000000000000000000000ID-301170000008;FTTH;;;;;;;;;;;;;;
LC000000000225;BL000008192469;;;0;;;;;;;ESCALIER-1;ETAGE-RDC;;;;IM00000000000000000000000ID-301170000008;FTTH;;;;;;;;;;;;;;
LC000000000226;BL000008028072;;;0;;;;;;;HABITATION;HABITATION;;;;IM00000000000000000000000ID-3011700000QN;FTTH;;;;;;;;;;;;;;
LC000000000227;BL000008026079;;;0;;;;;;;HABITATION;HABITATION;;;;IM00000000000000000000000ID-30117000008A;FTTH;;;;;;;;;;;;;;
LC000000000228;BL000008028046;;;0;;;;;;;HABITATION;HABITATION;;;;IM00000000000000000000000ID-3011700000QH;FTTH;;;;;;;;;;;;;;
LC000000000229;BL000008028021;;;0;;;;;;;HABITATION;HABITATION;;;;IM00000000000000000000000ID-30117000001B;FTTH;;;;;;;;;;;;;;
LC000000000230;BL000008624159;;;0;;;;;;;ESCALIER-1;ETAGE-02;;;;IM00000000000000000000000ID-30117000000C;FTTH;;;;;;;;;;;;;;
LC000000000231;BL000008028066;;;0;;;;;;;HABITATION;HABITATION;;;;IM00000000000000000000000ID-3011700000V5;FTTH;;;;;;;;;;;;;;
LC000000000232;BL000008028066;;;0;;;;;;;HABITATION;HABITATION;;;;IM00000000000000000000000ID-3011700000V5;FTTH;;;;;;;;;;;;;;
LC000000000233;BL000008027995;;;0;;;;;;;HABITATION;HABITATION;;;;IM00000000000000000000000ID-301170000079;FTTH;;;;;;;;;;;;;;
LC000000000234;BL000008624159;;;0;;;;;;;ESCALIER-1;ETAGE-02;;;;IM00000000000000000000000ID-30117000000D;FTTH;;;;;;;;;;;;;;
LC000000000235;BL000008255519;;;0;;;;;;;ESCALIER-1;ETAGE-RDC;;;;IM00000000000000000000000ID-30117000001L;FTTH;;;;;;;;;;;;;;
LC000000000236;BL000008624159;;;0;;;;;;;ESCALIER-1;ETAGE-03;;;;IM00000000000000000000000ID-30117000001L;FTTH;;;;;;;;;;;;;;
LC000000000237;BL000008255515;;;0;;;;;;;ESCALIER-1;ETAGE-01;;;;IM00000000000000000000000ID-30117000001L;FTTH;;;;;;;;;;;;;;
LC000000000238;BL000008255518;;;0;;;;;;;ESCALIER-1;ETAGE-03;;;;IM00000000000000000000000ID-30117000001L;FTTH;;;;;;;;;;;;;;
LC000000000239;BL000008026396;;;0;;;;;;;HABITATION;HABITATION;;;;IM00000000000000000000000ID-30117000006E;FTTH;;;;;;;;;;;;;;
LC000000000240;BL000008028045;;;0;;;;;;;HABITATION;HABITATION;;;;IM00000000000000000000000ID-30117000000E;FTTH;;;;;;;;;;;;;;
LC000000000241;BL000008202713;;;0;;;;;;;HABITATION;HABITATION;;;;IM00000000000000000000000ID-301170000007;FTTH;;;;;;;;;;;;;;
LC000000000242;BL000008202713;;;0;;;;;;;HABITATION;HABITATION;;;;IM00000000000000000000000ID-301170000007;FTTH;;;;;;;;;;;;;;
LC000000000243;BL000008202713;;;0;;;;;;;HABITATION;HABITATION;;;;IM00000000000000000000000ID-301170000007;FTTH;;;;;;;;;;;;;;
LC000000000244;BL000008202713;;;0;;;;;;;HABITATION;HABITATION;;;;IM00000000000000000000000ID-301170000007;FTTH;;;;;;;;;;;;;;
LC000000000245;BL000008028017;;;0;;;;;;;HABITATION;HABITATION;;;;IM00000000000000000000000ID-30117000007V;FTTH;;;;;;;;;;;;;;
LC000000000246;BL000008027998;;;0;;;;;;;HABITATION;HABITATION;;;;IM00000000000000000000000ID-30117000006Z;FTTH;;;;;;;;;;;;;;
LC000000000247;BL000008028041;;;0;;;;;;;HABITATION;HABITATION;;;;IM00000000000000000000000ID-30117000003D;FTTH;;;;;;;;;;;;;;
LC000000000248;BL000008028041;;;0;;;;;;;HABITATION;HABITATION;;;;IM00000000000000000000000ID-30117000003D;FTTH;;;;;;;;;;;;;;
LC000000000249;BL000008028034;;;0;;;;;;;HABITATION;HABITATION;;;;IM00000000000000000000000ID-30117000005O;FTTH;;;;;;;;;;;;;;
LC000000000250;BL000008028026;;;0;;;;;;;HABITATION;HABITATION;;;;IM00000000000000000000000ID-301170000018;FTTH;;;;;;;;;;;;;;
LC000000000251;BL000008028041;;;0;;;;;;;HABITATION;HABITATION;;;;IM00000000000000000000000ID-30117000003X;FTTH;;;;;;;;;;;;;;
LC000000000252;BL000008192469;;;0;;;;;;;HABITATION;HABITATION;;;;IM00000000000000000000000ID-3011700000QL;FTTH;;;;;;;;;;;;;;
LC000000000253;BL000008255518;;;0;;;;;;;ESCALIER-1;ETAGE-02;;;;IM00000000000000000000000ID-30117000001L;FTTH;;;;;;;;;;;;;;
LC000000000254;BL000008624157;;;0;;;;;;;ESCALIER-1;ETAGE-01;;;;IM00000000000000000000000ID-30117000000D;FTTH;;;;;;;;;;;;;;
LC000000000255;BL000008624157;;;0;;;;;;;ESCALIER-1;ETAGE-01;;;;IM00000000000000000000000ID-30117000000D;FTTH;;;;;;;;;;;;;;
LC000000000256;BL000008624157;;;0;;;;;;;ESCALIER-1;ETAGE-01;;;;IM00000000000000000000000ID-30117000000D;FTTH;;;;;;;;;;;;;;
LC000000000257;BL000008028017;;;0;;;;;;;HABITATION;HABITATION;;;;IM00000000000000000000000ID-30117000005V;FTTH;;;;;;;;;;;;;;
LC000000000258;BL000008624158;;;0;;;;;;;ESCALIER-1;ETAGE-03;;;;IM00000000000000000000000ID-30117000000B;FTTH;;;;;;;;;;;;;;
LC000000000259;BL000008624158;;;0;;;;;;;ESCALIER-1;ETAGE-03;;;;IM00000000000000000000000ID-30117000000B;FTTH;;;;;;;;;;;;;;
LC000000000260;BL000008624158;;;0;;;;;;;ESCALIER-1;ETAGE-03;;;;IM00000000000000000000000ID-30117000000B;FTTH;;;;;;;;;;;;;;
LC000000000261;BL000008028021;;;0;;;;;;;HABITATION;HABITATION;;;;IM00000000000000000000000ID-301170000019;FTTH;;;;;;;;;;;;;;
LC000000000262;BL000008028029;;;0;;;;;;;HABITATION;HABITATION;;;;IM00000000000000000000000ID-30117000006H;FTTH;;;;;;;;;;;;;;
LC000000000263;BL000008624157;;;0;;;;;;;ESCALIER-1;ETAGE-RDC;;;;IM00000000000000000000000ID-30117000001L;FTTH;;;;;;;;;;;;;;
LC000000000264;BL000008028034;;;0;;;;;;;HABITATION;HABITATION;;;;IM00000000000000000000000ID-30117000004S;FTTH;;;;;;;;;;;;;;
LC000000000265;BL000008028038;;;0;;;;;;;HABITATION;HABITATION;;;;IM00000000000000000000000ID-301170000064;FTTH;;;;;;;;;;;;;;
LC000000000266;BL000008255513;;;0;;;;;;;ESCALIER-1;ETAGE-RDC;;;;IM00000000000000000000000ID-30117000000C;FTTH;;;;;;;;;;;;;;
LC000000000267;BL000008028040;;;0;;;;;;;HABITATION;HABITATION;;;;IM00000000000000000000000ID-30117000004R;FTTH;;;;;;;;;;;;;;
LC000000000268;BL000008028017;;;0;;;;;;;HABITATION;HABITATION;;;;IM00000000000000000000000ID-301170000063;FTTH;;;;;;;;;;;;;;
LC000000000269;BL000008028065;;;0;;;;;;;HABITATION;HABITATION;;;;IM00000000000000000000000ID-30117000002Z;FTTH;;;;;;;;;;;;;;
LC000000000270;BL000008624158;;;0;;;;;;;ESCALIER-1;ETAGE-03;;;;IM00000000000000000000000ID-30117000000D;FTTH;;;;;;;;;;;;;;
LC000000000071;BL000008027995;;;0;;;;;;;HABITATION;HABITATION;;;;IM00000000000000000000000ID-30117000004Z;FTTH;;;;;;;;;;;;;;
LC000000000072;BL000008192469;;;0;;;;;;;ESCALIER-1;ETAGE-RDC;;;;IM00000000000000000000000ID-30117000000D;FTTH;;;;;;;;;;;;;;
LC000000000073;BL000008027670;;;0;;;;;;;HABITATION;HABITATION;;;;IM00000000000000000000000ID-301170000157;FTTH;;;;;;;;;;;;;;
LC000000000074;BL000008027670;;;0;;;;;;;HABITATION;HABITATION;;;;IM00000000000000000000000ID-301170000157;FTTH;;;;;;;;;;;;;;
LC000000000075;BL000008027670;;;0;;;;;;;HABITATION;HABITATION;;;;IM00000000000000000000000ID-301170000157;FTTH;;;;;;;;;;;;;;
LC000000000076;BL000008027670;;;0;;;;;;;HABITATION;HABITATION;;;;IM00000000000000000000000ID-301170000157;FTTH;;;;;;;;;;;;;;
LC000000000077;BL000008255519;;;0;;;;;;;ESCALIER-1;ETAGE-RDC;;;;IM00000000000000000000000ID-30117000001L;FTTH;;;;;;;;;;;;;;
LC000000000078;BL000008255519;;;0;;;;;;;ESCALIER-1;ETAGE-RDC;;;;IM00000000000000000000000ID-30117000001L;FTTH;;;;;;;;;;;;;;
LC000000000079;BL000008255519;;;0;;;;;;;ESCALIER-1;ETAGE-RDC;;;;IM00000000000000000000000ID-30117000001L;FTTH;;;;;;;;;;;;;;
LC000000000080;BL000008255519;;;0;;;;;;;ESCALIER-1;ETAGE-RDC;;;;IM00000000000000000000000ID-30117000001L;FTTH;;;;;;;;;;;;;;
LC000000000081;BL000008255519;;;0;;;;;;;ESCALIER-1;ETAGE-RDC;;;;IM00000000000000000000000ID-30117000001L;FTTH;;;;;;;;;;;;;;
LC000000000082;BL000008624158;;;0;;;;;;;ESCALIER-1;ETAGE-01;;;;IM00000000000000000000000ID-30117000000D;FTTH;;;;;;;;;;;;;;
LC000000000083;BL000008624158;;;0;;;;;;;ESCALIER-1;ETAGE-01;;;;IM00000000000000000000000ID-30117000000D;FTTH;;;;;;;;;;;;;;
LC000000000084;BL000008028000;;;0;;;;;;;HABITATION;HABITATION;;;;IM00000000000000000000000ID-30117000004X;FTTH;;;;;;;;;;;;;;
LC000000000085;BL000008624158;;;0;;;;;;;ESCALIER-1;ETAGE-02;;;;IM00000000000000000000000ID-30117000000B;FTTH;;;;;;;;;;;;;;
LC000000000086;BL000008624158;;;0;;;;;;;ESCALIER-1;ETAGE-02;;;;IM00000000000000000000000ID-30117000000B;FTTH;;;;;;;;;;;;;;
LC000000000087;BL000008624158;;;0;;;;;;;ESCALIER-1;ETAGE-02;;;;IM00000000000000000000000ID-30117000000B;FTTH;;;;;;;;;;;;;;
LC000000000088;BL000008027987;;;0;;;;;;;ESCALIER-1;ETAGE-02;;;;IM00000000000000000000000ID-30117000001L;FTTH;;;;;;;;;;;;;;
LC000000000089;BL000008026396;;;0;;;;;;;ESCALIER-1;ETAGE-01;;;;IM00000000000000000000000ID-30117000001L;FTTH;;;;;;;;;;;;;;
LC000000000090;BL000008192469;;;0;;;;;;;ESCALIER-1;ETAGE-RDC;;;;IM00000000000000000000000ID-30117000000C;FTTH;;;;;;;;;;;;;;
LC000000000091;BL000008028038;;;0;;;;;;;HABITATION;HABITATION;;;;IM00000000000000000000000ID-301170000035;FTTH;;;;;;;;;;;;;;
LC000000000092;BL000008624157;;;0;;;;;;;ESCALIER-1;ETAGE-01;;;;IM00000000000000000000000ID-30117000000B;FTTH;;;;;;;;;;;;;;
LC000000000093;BL000008624157;;;0;;;;;;;ESCALIER-1;ETAGE-01;;;;IM00000000000000000000000ID-30117000000B;FTTH;;;;;;;;;;;;;;
LC000000000094;BL000008624157;;;0;;;;;;;ESCALIER-1;ETAGE-01;;;;IM00000000000000000000000ID-30117000000B;FTTH;;;;;;;;;;;;;;
LC000000000095;BL000008624157;;;0;;;;;;;ESCALIER-1;ETAGE-01;;;;IM00000000000000000000000ID-30117000000B;FTTH;;;;;;;;;;;;;;
LC000000000096;BL000008255517;;;0;;;;;;;ESCALIER-1;ETAGE-01;;;;IM00000000000000000000000ID-30117000001L;FTTH;;;;;;;;;;;;;;
LC000000000097;BL000008202713;;;0;;;;;;;ESCALIER-1;ETAGE-01;;;;IM00000000000000000000000ID-301170000006;FTTH;;;;;;;;;;;;;;
LC000000000098;BL000008202713;;;0;;;;;;;ESCALIER-1;ETAGE-01;;;;IM00000000000000000000000ID-301170000006;FTTH;;;;;;;;;;;;;;
LC000000000099;BL000008028040;;;0;;;;;;;HABITATION;HABITATION;;;;IM00000000000000000000000ID-30117000005D;FTTH;;;;;;;;;;;;;;
LC000000000100;BL000008028018;;;0;;;;;;;HABITATION;HABITATION;;;;IM00000000000000000000000ID-30117000003W;FTTH;;;;;;;;;;;;;;
LC000000000101;BL000008624159;;;0;;;;;;;ESCALIER-1;ETAGE-01;;;;IM00000000000000000000000ID-30117000000B;FTTH;;;;;;;;;;;;;;
LC000000000102;BL000008028073;;;0;;;;;;;HABITATION;HABITATION;;;;IM00000000000000000000000ID-301170000023;FTTH;;;;;;;;;;;;;;
LC000000000103;BL000008028041;;;0;;;;;;;HABITATION;HABITATION;;;;IM00000000000000000000000ID-301170000045;FTTH;;;;;;;;;;;;;;
LC000000000104;BL000008028038;;;0;;;;;;;HABITATION;HABITATION;;;;IM00000000000000000000000ID-301170000086;FTTH;;;;;;;;;;;;;;
LC000000000105;BL000008026396;;;0;;;;;;;HABITATION;HABITATION;;;;IM00000000000000000000000ID-30117000006R;FTTH;;;;;;;;;;;;;;
LC000000000106;BL000008192469;;;0;;;;;;;ESCALIER-1;ETAGE-01;;;;IM00000000000000000000000ID-301170000008;FTTH;;;;;;;;;;;;;;
LC000000000107;BL000008192469;;;0;;;;;;;ESCALIER-1;ETAGE-01;;;;IM00000000000000000000000ID-301170000008;FTTH;;;;;;;;;;;;;;
LC000000000108;BL000008192469;;;0;;;;;;;ESCALIER-1;ETAGE-01;;;;IM00000000000000000000000ID-301170000008;FTTH;;;;;;;;;;;;;;
LC000000000109;BL000008192469;;;0;;;;;;;ESCALIER-1;ETAGE-01;;;;IM00000000000000000000000ID-301170000008;FTTH;;;;;;;;;;;;;;
LC000000000110;BL000008192469;;;0;;;;;;;ESCALIER-1;ETAGE-01;;;;IM00000000000000000000000ID-301170000008;FTTH;;;;;;;;;;;;;;
LC000000000111;BL000008192469;;;0;;;;;;;ESCALIER-1;ETAGE-01;;;;IM00000000000000000000000ID-301170000008;FTTH;;;;;;;;;;;;;;
LC000000000112;BL000008192469;;;0;;;;;;;ESCALIER-1;ETAGE-01;;;;IM00000000000000000000000ID-301170000008;FTTH;;;;;;;;;;;;;;
LC000000000113;BL000008255515;;;0;;;;;;;ESCALIER-1;ETAGE-02;;;;IM00000000000000000000000ID-30117000000C;FTTH;;;;;;;;;;;;;;
LC000000000114;BL000008028019;;;0;;;;;;;HABITATION;HABITATION;;;;IM00000000000000000000000ID-30117000001E;FTTH;;;;;;;;;;;;;;
LC000000000115;BL000008624157;;;0;;;;;;;ESCALIER-1;ETAGE-RDC;;;;IM00000000000000000000000ID-30117000000C;FTTH;;;;;;;;;;;;;;
LC000000000116;BL000008624157;;;0;;;;;;;ESCALIER-1;ETAGE-RDC;;;;IM00000000000000000000000ID-30117000000C;FTTH;;;;;;;;;;;;;;
LC000000000117;BL000008255515;;;0;;;;;;;ESCALIER-1;ETAGE-RDC;;;;IM00000000000000000000000ID-30117000001L;FTTH;;;;;;;;;;;;;;
LC000000000118;BL000008028038;;;0;;;;;;;HABITATION;HABITATION;;;;IM00000000000000000000000ID-30117000004W;FTTH;;;;;;;;;;;;;;
LC000000000119;BL000008028036;;;0;;;;;;;HABITATION;HABITATION;;;;IM00000000000000000000000ID-301170000084;FTTH;;;;;;;;;;;;;;
LC000000000120;BL000008255517;;;0;;;;;;;ESCALIER-1;ETAGE-02;;;;IM00000000000000000000000ID-30117000001L;FTTH;;;;;;;;;;;;;;
