st_code;st_perirec;st_nd_code;st_codeext;st_abandon;st_nra;st_prop;st_gest;st_proptyp;st_statut;st_dateins;st_avct;st_typephy;st_typelog;st_design;st_ad_code;st_postal;st_insee;st_commune;st_nomvoie;st_numero;st_rep;st_nombat;st_nom;st_user;st_etat;st_datemes;st_nblines;st_ban_id;st_section;st_idpar;st_hexacle;st_comment;st_creadat;st_majdate;st_majsrc;st_abddate;st_abdsrc
IM00000000000000000000000ID-30117000006Q;;IM00000000000000000000000ID-30117000006Q;ID-30117000006Q;0;0;;;;;;;BAT;CLIENT;;AD00000000000000000000000ID-30117000006Q;;;;;0;;;;;;;;;;;;;;;;;
IM00000000000000000000000ID-30117000007P;;IM00000000000000000000000ID-30117000007P;ID-30117000007P;0;0;;;;;;;BAT;CLIENT;;AD00000000000000000000000ID-30117000007P;;;;;0;;;;;;;;;;;;;;;;;
IM00000000000000000000000ID-30117000000H;;IM00000000000000000000000ID-30117000000H;ID-30117000000H;0;0;;;;;;;BAT;CLIENT;;AD00000000000000000000000ID-30117000000H;;;;;0;;;;;;;;;;;;;;;;;
IM00000000000000000000000ID-30117000007B;;IM00000000000000000000000ID-30117000007B;ID-30117000007B;0;0;;;;;;;BAT;CLIENT;;AD00000000000000000000000ID-30117000007B;;;;;0;;;;;;;;;;;;;;;;;
IM00000000000000000000000ID-30117000006X;;IM00000000000000000000000ID-30117000006X;ID-30117000006X;0;0;;;;;;;BAT;CLIENT;;AD00000000000000000000000ID-30117000006X;;;;;0;;;;;;;;;;;;;;;;;
IM00000000000000000000000ID-301170000089;;IM00000000000000000000000ID-301170000089;ID-301170000089;0;0;;;;;;;BAT;CLIENT;;AD00000000000000000000000ID-301170000089;;;;;0;;;;;;;;;;;;;;;;;
IM00000000000000000000000ID-301170000071;;IM00000000000000000000000ID-301170000071;ID-301170000071;0;0;;;;;;;BAT;CLIENT;;AD00000000000000000000000ID-301170000071;;;;;0;;;;;;;;;;;;;;;;;
IM00000000000000000000000ID-30117000006M;;IM00000000000000000000000ID-30117000006M;ID-30117000006M;0;0;;;;;;;BAT;CLIENT;;AD00000000000000000000000ID-30117000006M;;;;;0;;;;;;;;;;;;;;;;;
IM00000000000000000000000ID-301170000085;;IM00000000000000000000000ID-301170000085;ID-301170000085;0;0;;;;;;;BAT;CLIENT;;AD00000000000000000000000ID-301170000085;;;;;0;;;;;;;;;;;;;;;;;
IM00000000000000000000000ID-30117000002Q;;IM00000000000000000000000ID-30117000002Q;ID-30117000002Q;0;0;;;;;;;BAT;CLIENT;;AD00000000000000000000000ID-30117000002Q;;;;;0;;;;;;;;;;;;;;;;;
IM00000000000000000000000ID-30117000007O;;IM00000000000000000000000ID-30117000007O;ID-30117000007O;0;0;;;;;;;BAT;CLIENT;;AD00000000000000000000000ID-30117000007O;;;;;0;;;;;;;;;;;;;;;;;
IM00000000000000000000000ID-301170000072;;IM00000000000000000000000ID-301170000072;ID-301170000072;0;0;;;;;;;BAT;CLIENT;;AD00000000000000000000000ID-301170000072;;;;;0;;;;;;;;;;;;;;;;;
IM00000000000000000000000ID-30117000000P;;IM00000000000000000000000ID-30117000000P;ID-30117000000P;0;0;;;;;;;BAT;CLIENT;;AD00000000000000000000000ID-30117000000P;;;;;0;;;;;;;;;;;;;;;;;
IM00000000000000000000000ID-30117000001D;;IM00000000000000000000000ID-30117000001D;ID-30117000001D;0;0;;;;;;;BAT;CLIENT;;AD00000000000000000000000ID-30117000001D;;;;;0;;;;;;;;;;;;;;;;;
IM00000000000000000000000ID-301170000029;;IM00000000000000000000000ID-301170000029;ID-301170000029;0;0;;;;;;;BAT;CLIENT;;AD00000000000000000000000ID-301170000029;;;;;0;;;;;;;;;;;;;;;;;
IM00000000000000000000000ID-30117000006L;;IM00000000000000000000000ID-30117000006L;ID-30117000006L;0;0;;;;;;;BAT;CLIENT;;AD00000000000000000000000ID-30117000006L;;;;;0;;;;;;;;;;;;;;;;;
IM00000000000000000000000ID-3011700000V3;;IM00000000000000000000000ID-3011700000V3;ID-3011700000V3;0;0;;;;;;;BAT;CLIENT;;AD00000000000000000000000ID-3011700000V3;;;;;0;;;;;;;;;;;;;;;;;
IM00000000000000000000000ID-30117000002M;;IM00000000000000000000000ID-30117000002M;ID-30117000002M;0;0;;;;;;;BAT;CLIENT;;AD00000000000000000000000ID-30117000002M;;;;;0;;;;;;;;;;;;;;;;;
IM00000000000000000000000ID-301170000081;;IM00000000000000000000000ID-301170000081;ID-301170000081;0;0;;;;;;;BAT;CLIENT;;AD00000000000000000000000ID-301170000081;;;;;0;;;;;;;;;;;;;;;;;
IM00000000000000000000000ID-301170000021;;IM00000000000000000000000ID-301170000021;ID-301170000021;0;0;;;;;;;BAT;CLIENT;;AD00000000000000000000000ID-301170000021;;;;;0;;;;;;;;;;;;;;;;;
IM00000000000000000000000ID-30117000007M;;IM00000000000000000000000ID-30117000007M;ID-30117000007M;0;0;;;;;;;BAT;CLIENT;;AD00000000000000000000000ID-30117000007M;;;;;0;;;;;;;;;;;;;;;;;
IM00000000000000000000000ID-30117000003A;;IM00000000000000000000000ID-30117000003A;ID-30117000003A;0;0;;;;;;;BAT;CLIENT;;AD00000000000000000000000ID-30117000003A;;;;;0;;;;;;;;;;;;;;;;;
IM00000000000000000000000ID-30117000001X;;IM00000000000000000000000ID-30117000001X;ID-30117000001X;0;0;;;;;;;BAT;CLIENT;;AD00000000000000000000000ID-30117000001X;;;;;0;;;;;;;;;;;;;;;;;
IM00000000000000000000000ID-30117000005J;;IM00000000000000000000000ID-30117000005J;ID-30117000005J;0;0;;;;;;;BAT;CLIENT;;AD00000000000000000000000ID-30117000005J;;;;;0;;;;;;;;;;;;;;;;;
IM00000000000000000000000ID-30117000008G;;IM00000000000000000000000ID-30117000008G;ID-30117000008G;0;0;;;;;;;BAT;CLIENT;;AD00000000000000000000000ID-30117000008G;;;;;0;;;;;;;;;;;;;;;;;
IM00000000000000000000000ID-301170000059;;IM00000000000000000000000ID-301170000059;ID-301170000059;0;0;;;;;;;BAT;CLIENT;;AD00000000000000000000000ID-301170000059;;;;;0;;;;;;;;;;;;;;;;;
IM00000000000000000000000ID-30117000003L;;IM00000000000000000000000ID-30117000003L;ID-30117000003L;0;0;;;;;;;BAT;CLIENT;;AD00000000000000000000000ID-30117000003L;;;;;0;;;;;;;;;;;;;;;;;
IM00000000000000000000000ID-301170000078;;IM00000000000000000000000ID-301170000078;ID-301170000078;0;0;;;;;;;BAT;CLIENT;;AD00000000000000000000000ID-301170000078;;;;;0;;;;;;;;;;;;;;;;;
IM00000000000000000000000ID-30117000006D;;IM00000000000000000000000ID-30117000006D;ID-30117000006D;0;0;;;;;;;BAT;CLIENT;;AD00000000000000000000000ID-30117000006D;;;;;0;;;;;;;;;;;;;;;;;
IM00000000000000000000000ID-30117000003M;;IM00000000000000000000000ID-30117000003M;ID-30117000003M;0;0;;;;;;;BAT;CLIENT;;AD00000000000000000000000ID-30117000003M;;;;;0;;;;;;;;;;;;;;;;;
IM00000000000000000000000ID-301170000067;;IM00000000000000000000000ID-301170000067;ID-301170000067;0;0;;;;;;;BAT;CLIENT;;AD00000000000000000000000ID-301170000067;;;;;0;;;;;;;;;;;;;;;;;
IM00000000000000000000000ID-301170000061;;IM00000000000000000000000ID-301170000061;ID-301170000061;0;0;;;;;;;BAT;CLIENT;;AD00000000000000000000000ID-301170000061;;;;;0;;;;;;;;;;;;;;;;;
IM00000000000000000000000ID-30117000006O;;IM00000000000000000000000ID-30117000006O;ID-30117000006O;0;0;;;;;;;BAT;CLIENT;;AD00000000000000000000000ID-30117000006O;;;;;0;;;;;;;;;;;;;;;;;
IM00000000000000000000000ID-30117000005L;;IM00000000000000000000000ID-30117000005L;ID-30117000005L;0;0;;;;;;;BAT;CLIENT;;AD00000000000000000000000ID-30117000005L;;;;;0;;;;;;;;;;;;;;;;;
IM00000000000000000000000ID-301170000048;;IM00000000000000000000000ID-301170000048;ID-301170000048;0;0;;;;;;;BAT;CLIENT;;AD00000000000000000000000ID-301170000048;;;;;0;;;;;;;;;;;;;;;;;
IM00000000000000000000000ID-30117000002Z;;IM00000000000000000000000ID-30117000002Z;ID-30117000002Z;0;0;;;;;;;BAT;CLIENT;;AD00000000000000000000000ID-30117000002Z;;;;;0;;;;;;;;;;;;;;;;;
IM00000000000000000000000ID-30117000001Q;;IM00000000000000000000000ID-30117000001Q;ID-30117000001Q;0;0;;;;;;;BAT;CLIENT;;AD00000000000000000000000ID-30117000001Q;;;;;0;;;;;;;;;;;;;;;;;
IM00000000000000000000000ID-30117000007K;;IM00000000000000000000000ID-30117000007K;ID-30117000007K;0;0;;;;;;;BAT;CLIENT;;AD00000000000000000000000ID-30117000007K;;;;;0;;;;;;;;;;;;;;;;;
IM00000000000000000000000ID-30117000008D;;IM00000000000000000000000ID-30117000008D;ID-30117000008D;0;0;;;;;;;BAT;CLIENT;;AD00000000000000000000000ID-30117000008D;;;;;0;;;;;;;;;;;;;;;;;
IM00000000000000000000000ID-30117000000E;;IM00000000000000000000000ID-30117000000E;ID-30117000000E;0;0;;;;;;;BAT;CLIENT;;AD00000000000000000000000ID-30117000000E;;;;;0;;;;;;;;;;;;;;;;;
IM00000000000000000000000ID-301170000069;;IM00000000000000000000000ID-301170000069;ID-301170000069;0;0;;;;;;;BAT;CLIENT;;AD00000000000000000000000ID-301170000069;;;;;0;;;;;;;;;;;;;;;;;
IM00000000000000000000000ID-30117000007V;;IM00000000000000000000000ID-30117000007V;ID-30117000007V;0;0;;;;;;;BAT;CLIENT;;AD00000000000000000000000ID-30117000007V;;;;;0;;;;;;;;;;;;;;;;;
IM00000000000000000000000ID-30117000001U;;IM00000000000000000000000ID-30117000001U;ID-30117000001U;0;0;;;;;;;BAT;CLIENT;;AD00000000000000000000000ID-30117000001U;;;;;0;;;;;;;;;;;;;;;;;
IM00000000000000000000000ID-30117000006J;;IM00000000000000000000000ID-30117000006J;ID-30117000006J;0;0;;;;;;;BAT;CLIENT;;AD00000000000000000000000ID-30117000006J;;;;;0;;;;;;;;;;;;;;;;;
IM00000000000000000000000ID-30117000003Q;;IM00000000000000000000000ID-30117000003Q;ID-30117000003Q;0;0;;;;;;;BAT;CLIENT;;AD00000000000000000000000ID-30117000003Q;;;;;0;;;;;;;;;;;;;;;;;
IM00000000000000000000000ID-30117000002D;;IM00000000000000000000000ID-30117000002D;ID-30117000002D;0;0;;;;;;;BAT;CLIENT;;AD00000000000000000000000ID-30117000002D;;;;;0;;;;;;;;;;;;;;;;;
HU000012858770;;HU000012858770;12858770;0;0;PSIT0000000125;GSIT0000000140;CST;REC;;E;BAT;RESEAU;;;30300;30117;FOURQUES;du vieux Pont;2;;;;;;;;;;;;;;;;;
PE000001906307;;PE000001906307;1906307;0;0;PSIT0000000125;GSIT0000000140;CST;REC;2019-12-29 00:00:00;E;ADR;RESEAU;Ideaoptical Simple peau - IBER-C-1635;;30300;30117;FOURQUES;AVENUE;35;;;;;;;;;;;;;;;;;
IM00000000000000000000000ID-301170000006;;IM00000000000000000000000ID-301170000006;ID-301170000006;0;0;;;;;;;BAT;CLIENT;;AD00000000000000000000000ID-301170000006;;;;;0;;;;;;;;;;;;;;;;;
IM00000000000000000000000ID-30117000000G;;IM00000000000000000000000ID-30117000000G;ID-30117000000G;0;0;;;;;;;BAT;CLIENT;;AD00000000000000000000000ID-30117000000G;;;;;0;;;;;;;;;;;;;;;;;
IM00000000000000000000000ID-30117000007Z;;IM00000000000000000000000ID-30117000007Z;ID-30117000007Z;0;0;;;;;;;BAT;CLIENT;;AD00000000000000000000000ID-30117000007Z;;;;;0;;;;;;;;;;;;;;;;;
IM00000000000000000000000ID-301170000024;;IM00000000000000000000000ID-301170000024;ID-301170000024;0;0;;;;;;;BAT;CLIENT;;AD00000000000000000000000ID-301170000024;;;;;0;;;;;;;;;;;;;;;;;
IM00000000000000000000000ID-301170000032;;IM00000000000000000000000ID-301170000032;ID-301170000032;0;0;;;;;;;BAT;CLIENT;;AD00000000000000000000000ID-301170000032;;;;;0;;;;;;;;;;;;;;;;;
IM00000000000000000000000ID-30117000007U;;IM00000000000000000000000ID-30117000007U;ID-30117000007U;0;0;;;;;;;BAT;CLIENT;;AD00000000000000000000000ID-30117000007U;;;;;0;;;;;;;;;;;;;;;;;
IM00000000000000000000000ID-301170000075;;IM00000000000000000000000ID-301170000075;ID-301170000075;0;0;;;;;;;BAT;CLIENT;;AD00000000000000000000000ID-301170000075;;;;;0;;;;;;;;;;;;;;;;;
IM00000000000000000000000ID-30117000007W;;IM00000000000000000000000ID-30117000007W;ID-30117000007W;0;0;;;;;;;BAT;CLIENT;;AD00000000000000000000000ID-30117000007W;;;;;0;;;;;;;;;;;;;;;;;
IM00000000000000000000000ID-301170000065;;IM00000000000000000000000ID-301170000065;ID-301170000065;0;0;;;;;;;BAT;CLIENT;;AD00000000000000000000000ID-301170000065;;;;;0;;;;;;;;;;;;;;;;;
IM00000000000000000000000ID-30117000002I;;IM00000000000000000000000ID-30117000002I;ID-30117000002I;0;0;;;;;;;BAT;CLIENT;;AD00000000000000000000000ID-30117000002I;;;;;0;;;;;;;;;;;;;;;;;
IM00000000000000000000000ID-30117000001M;;IM00000000000000000000000ID-30117000001M;ID-30117000001M;0;0;;;;;;;BAT;CLIENT;;AD00000000000000000000000ID-30117000001M;;;;;0;;;;;;;;;;;;;;;;;
IM00000000000000000000000ID-30117000007G;;IM00000000000000000000000ID-30117000007G;ID-30117000007G;0;0;;;;;;;BAT;CLIENT;;AD00000000000000000000000ID-30117000007G;;;;;0;;;;;;;;;;;;;;;;;
IM00000000000000000000000ID-30117000001A;;IM00000000000000000000000ID-30117000001A;ID-30117000001A;0;0;;;;;;;BAT;CLIENT;;AD00000000000000000000000ID-30117000001A;;;;;0;;;;;;;;;;;;;;;;;
IM00000000000000000000000ID-30117000007T;;IM00000000000000000000000ID-30117000007T;ID-30117000007T;0;0;;;;;;;BAT;CLIENT;;AD00000000000000000000000ID-30117000007T;;;;;0;;;;;;;;;;;;;;;;;
IM00000000000000000000000ID-301170000007;;IM00000000000000000000000ID-301170000007;ID-301170000007;0;0;;;;;;;BAT;CLIENT;;AD00000000000000000000000ID-301170000007;;;;;0;;;;;;;;;;;;;;;;;
IM00000000000000000000000ID-301170000034;;IM00000000000000000000000ID-301170000034;ID-301170000034;0;0;;;;;;;BAT;CLIENT;;AD00000000000000000000000ID-301170000034;;;;;0;;;;;;;;;;;;;;;;;
IM00000000000000000000000ID-30117000008I;;IM00000000000000000000000ID-30117000008I;ID-30117000008I;0;0;;;;;;;BAT;CLIENT;;AD00000000000000000000000ID-30117000008I;;;;;0;;;;;;;;;;;;;;;;;
IM00000000000000000000000ID-30117000004P;;IM00000000000000000000000ID-30117000004P;ID-30117000004P;0;0;;;;;;;BAT;CLIENT;;AD00000000000000000000000ID-30117000004P;;;;;0;;;;;;;;;;;;;;;;;
IM00000000000000000000000ID-30117000005X;;IM00000000000000000000000ID-30117000005X;ID-30117000005X;0;0;;;;;;;BAT;CLIENT;;AD00000000000000000000000ID-30117000005X;;;;;0;;;;;;;;;;;;;;;;;
IM00000000000000000000000ID-301170000056;;IM00000000000000000000000ID-301170000056;ID-301170000056;0;0;;;;;;;BAT;CLIENT;;AD00000000000000000000000ID-301170000056;;;;;0;;;;;;;;;;;;;;;;;
IM00000000000000000000000ID-30117000001R;;IM00000000000000000000000ID-30117000001R;ID-30117000001R;0;0;;;;;;;BAT;CLIENT;;AD00000000000000000000000ID-30117000001R;;;;;0;;;;;;;;;;;;;;;;;
IM00000000000000000000000ID-30117000008E;;IM00000000000000000000000ID-30117000008E;ID-30117000008E;0;0;;;;;;;BAT;CLIENT;;AD00000000000000000000000ID-30117000008E;;;;;0;;;;;;;;;;;;;;;;;
IM00000000000000000000000ID-3011700000V8;;IM00000000000000000000000ID-3011700000V8;ID-3011700000V8;0;0;;;;;;;BAT;CLIENT;;AD00000000000000000000000ID-3011700000V8;;;;;0;;;;;;;;;;;;;;;;;
IM00000000000000000000000ID-30117000001N;;IM00000000000000000000000ID-30117000001N;ID-30117000001N;0;0;;;;;;;BAT;CLIENT;;AD00000000000000000000000ID-30117000001N;;;;;0;;;;;;;;;;;;;;;;;
IM00000000000000000000000ID-301170000047;;IM00000000000000000000000ID-301170000047;ID-301170000047;0;0;;;;;;;BAT;CLIENT;;AD00000000000000000000000ID-301170000047;;;;;0;;;;;;;;;;;;;;;;;
IM00000000000000000000000ID-3011700000ZN;;IM00000000000000000000000ID-3011700000ZN;ID-3011700000ZN;0;0;;;;;;;BAT;CLIENT;;AD00000000000000000000000ID-3011700000ZN;;;;;0;;;;;;;;;;;;;;;;;
IM00000000000000000000000ID-30117000002T;;IM00000000000000000000000ID-30117000002T;ID-30117000002T;0;0;;;;;;;BAT;CLIENT;;AD00000000000000000000000ID-30117000002T;;;;;0;;;;;;;;;;;;;;;;;
IM00000000000000000000000ID-301170000070;;IM00000000000000000000000ID-301170000070;ID-301170000070;0;0;;;;;;;BAT;CLIENT;;AD00000000000000000000000ID-301170000070;;;;;0;;;;;;;;;;;;;;;;;
IM00000000000000000000000ID-301170000156;;IM00000000000000000000000ID-301170000156;ID-301170000156;0;0;;;;;;;BAT;CLIENT;;AD00000000000000000000000ID-301170000156;;;;;0;;;;;;;;;;;;;;;;;
IM00000000000000000000000ID-301170000087;;IM00000000000000000000000ID-301170000087;ID-301170000087;0;0;;;;;;;BAT;CLIENT;;AD00000000000000000000000ID-301170000087;;;;;0;;;;;;;;;;;;;;;;;
IM00000000000000000000000ID-30117000001P;;IM00000000000000000000000ID-30117000001P;ID-30117000001P;0;0;;;;;;;BAT;CLIENT;;AD00000000000000000000000ID-30117000001P;;;;;0;;;;;;;;;;;;;;;;;
IM00000000000000000000000ID-3011700000QO;;IM00000000000000000000000ID-3011700000QO;ID-3011700000QO;0;0;;;;;;;BAT;CLIENT;;AD00000000000000000000000ID-3011700000QO;;;;;0;;;;;;;;;;;;;;;;;
IM00000000000000000000000ID-3011700000V9;;IM00000000000000000000000ID-3011700000V9;ID-3011700000V9;0;0;;;;;;;BAT;CLIENT;;AD00000000000000000000000ID-3011700000V9;;;;;0;;;;;;;;;;;;;;;;;
IM00000000000000000000000ID-30117000003C;;IM00000000000000000000000ID-30117000003C;ID-30117000003C;0;0;;;;;;;BAT;CLIENT;;AD00000000000000000000000ID-30117000003C;;;;;0;;;;;;;;;;;;;;;;;
IM00000000000000000000000ID-301170000033;;IM00000000000000000000000ID-301170000033;ID-301170000033;0;0;;;;;;;BAT;CLIENT;;AD00000000000000000000000ID-301170000033;;;;;0;;;;;;;;;;;;;;;;;
IM00000000000000000000000ID-30117000007H;;IM00000000000000000000000ID-30117000007H;ID-30117000007H;0;0;;;;;;;BAT;CLIENT;;AD00000000000000000000000ID-30117000007H;;;;;0;;;;;;;;;;;;;;;;;
IM00000000000000000000000ID-30117000004E;;IM00000000000000000000000ID-30117000004E;ID-30117000004E;0;0;;;;;;;BAT;CLIENT;;AD00000000000000000000000ID-30117000004E;;;;;0;;;;;;;;;;;;;;;;;
IM00000000000000000000000ID-301170000080;;IM00000000000000000000000ID-301170000080;ID-301170000080;0;0;;;;;;;BAT;CLIENT;;AD00000000000000000000000ID-301170000080;;;;;0;;;;;;;;;;;;;;;;;
IM00000000000000000000000ID-301170000082;;IM00000000000000000000000ID-301170000082;ID-301170000082;0;0;;;;;;;BAT;CLIENT;;AD00000000000000000000000ID-301170000082;;;;;0;;;;;;;;;;;;;;;;;
IM00000000000000000000000ID-301170000058;;IM00000000000000000000000ID-301170000058;ID-301170000058;0;0;;;;;;;BAT;CLIENT;;AD00000000000000000000000ID-301170000058;;;;;0;;;;;;;;;;;;;;;;;
IM00000000000000000000000ID-30117000003V;;IM00000000000000000000000ID-30117000003V;ID-30117000003V;0;0;;;;;;;BAT;CLIENT;;AD00000000000000000000000ID-30117000003V;;;;;0;;;;;;;;;;;;;;;;;
IM00000000000000000000000ID-30117000000S;;IM00000000000000000000000ID-30117000000S;ID-30117000000S;0;0;;;;;;;BAT;CLIENT;;AD00000000000000000000000ID-30117000000S;;;;;0;;;;;;;;;;;;;;;;;
IM00000000000000000000000ID-30117000006V;;IM00000000000000000000000ID-30117000006V;ID-30117000006V;0;0;;;;;;;BAT;CLIENT;;AD00000000000000000000000ID-30117000006V;;;;;0;;;;;;;;;;;;;;;;;
IM00000000000000000000000ID-30117000006G;;IM00000000000000000000000ID-30117000006G;ID-30117000006G;0;0;;;;;;;BAT;CLIENT;;AD00000000000000000000000ID-30117000006G;;;;;0;;;;;;;;;;;;;;;;;
IM00000000000000000000000ID-30117000002Y;;IM00000000000000000000000ID-30117000002Y;ID-30117000002Y;0;0;;;;;;;BAT;CLIENT;;AD00000000000000000000000ID-30117000002Y;;;;;0;;;;;;;;;;;;;;;;;
IM00000000000000000000000ID-30117000004B;;IM00000000000000000000000ID-30117000004B;ID-30117000004B;0;0;;;;;;;BAT;CLIENT;;AD00000000000000000000000ID-30117000004B;;;;;0;;;;;;;;;;;;;;;;;
IM00000000000000000000000ID-30117000000W;;IM00000000000000000000000ID-30117000000W;ID-30117000000W;0;0;;;;;;;BAT;CLIENT;;AD00000000000000000000000ID-30117000000W;;;;;0;;;;;;;;;;;;;;;;;
IM00000000000000000000000ID-30117000008F;;IM00000000000000000000000ID-30117000008F;ID-30117000008F;0;0;;;;;;;BAT;CLIENT;;AD00000000000000000000000ID-30117000008F;;;;;0;;;;;;;;;;;;;;;;;
IM00000000000000000000000ID-30117000003T;;IM00000000000000000000000ID-30117000003T;ID-30117000003T;0;0;;;;;;;BAT;CLIENT;;AD00000000000000000000000ID-30117000003T;;;;;0;;;;;;;;;;;;;;;;;
IM00000000000000000000000ID-30117000015F;;IM00000000000000000000000ID-30117000015F;ID-30117000015F;0;0;;;;;;;BAT;CLIENT;;AD00000000000000000000000ID-30117000015F;;;;;0;;;;;;;;;;;;;;;;;
IM00000000000000000000000ID-3011700000QL;;IM00000000000000000000000ID-3011700000QL;ID-3011700000QL;0;0;;;;;;;BAT;CLIENT;;AD00000000000000000000000ID-3011700000QL;;;;;0;;;;;;;;;;;;;;;;;
IM00000000000000000000000ID-30117000007J;;IM00000000000000000000000ID-30117000007J;ID-30117000007J;0;0;;;;;;;BAT;CLIENT;;AD00000000000000000000000ID-30117000007J;;;;;0;;;;;;;;;;;;;;;;;
IM00000000000000000000000ID-30117000004O;;IM00000000000000000000000ID-30117000004O;ID-30117000004O;0;0;;;;;;;BAT;CLIENT;;AD00000000000000000000000ID-30117000004O;;;;;0;;;;;;;;;;;;;;;;;
IM00000000000000000000000ID-30117000007A;;IM00000000000000000000000ID-30117000007A;ID-30117000007A;0;0;;;;;;;BAT;CLIENT;;AD00000000000000000000000ID-30117000007A;;;;;0;;;;;;;;;;;;;;;;;
IM00000000000000000000000ID-30117000000T;;IM00000000000000000000000ID-30117000000T;ID-30117000000T;0;0;;;;;;;BAT;CLIENT;;AD00000000000000000000000ID-30117000000T;;;;;0;;;;;;;;;;;;;;;;;
IM00000000000000000000000ID-30117000007C;;IM00000000000000000000000ID-30117000007C;ID-30117000007C;0;0;;;;;;;BAT;CLIENT;;AD00000000000000000000000ID-30117000007C;;;;;0;;;;;;;;;;;;;;;;;
IM00000000000000000000000ID-301170000083;;IM00000000000000000000000ID-301170000083;ID-301170000083;0;0;;;;;;;BAT;CLIENT;;AD00000000000000000000000ID-301170000083;;;;;0;;;;;;;;;;;;;;;;;
IM00000000000000000000000ID-30117000007F;;IM00000000000000000000000ID-30117000007F;ID-30117000007F;0;0;;;;;;;BAT;CLIENT;;AD00000000000000000000000ID-30117000007F;;;;;0;;;;;;;;;;;;;;;;;
IM00000000000000000000000ID-30117000005C;;IM00000000000000000000000ID-30117000005C;ID-30117000005C;0;0;;;;;;;BAT;CLIENT;;AD00000000000000000000000ID-30117000005C;;;;;0;;;;;;;;;;;;;;;;;
IM00000000000000000000000ID-30117000001F;;IM00000000000000000000000ID-30117000001F;ID-30117000001F;0;0;;;;;;;BAT;CLIENT;;AD00000000000000000000000ID-30117000001F;;;;;0;;;;;;;;;;;;;;;;;
IM00000000000000000000000ID-3011700000RB;;IM00000000000000000000000ID-3011700000RB;ID-3011700000RB;0;0;;;;;;;BAT;CLIENT;;AD00000000000000000000000ID-3011700000RB;;;;;0;;;;;;;;;;;;;;;;;
IM00000000000000000000000ID-3011700000UP;;IM00000000000000000000000ID-3011700000UP;ID-3011700000UP;0;0;;;;;;;BAT;CLIENT;;AD00000000000000000000000ID-3011700000UP;;;;;0;;;;;;;;;;;;;;;;;
IM00000000000000000000000ID-30117000002B;;IM00000000000000000000000ID-30117000002B;ID-30117000002B;0;0;;;;;;;BAT;CLIENT;;AD00000000000000000000000ID-30117000002B;;;;;0;;;;;;;;;;;;;;;;;
IM00000000000000000000000ID-30117000001G;;IM00000000000000000000000ID-30117000001G;ID-30117000001G;0;0;;;;;;;BAT;CLIENT;;AD00000000000000000000000ID-30117000001G;;;;;0;;;;;;;;;;;;;;;;;
IM00000000000000000000000ID-30117000003J;;IM00000000000000000000000ID-30117000003J;ID-30117000003J;0;0;;;;;;;BAT;CLIENT;;AD00000000000000000000000ID-30117000003J;;;;;0;;;;;;;;;;;;;;;;;
IM00000000000000000000000ID-301170000051;;IM00000000000000000000000ID-301170000051;ID-301170000051;0;0;;;;;;;BAT;CLIENT;;AD00000000000000000000000ID-301170000051;;;;;0;;;;;;;;;;;;;;;;;
IM00000000000000000000000ID-301170000088;;IM00000000000000000000000ID-301170000088;ID-301170000088;0;0;;;;;;;BAT;CLIENT;;AD00000000000000000000000ID-301170000088;;;;;0;;;;;;;;;;;;;;;;;
IM00000000000000000000000ID-301170000015;;IM00000000000000000000000ID-301170000015;ID-301170000015;0;0;;;;;;;BAT;CLIENT;;AD00000000000000000000000ID-301170000015;;;;;0;;;;;;;;;;;;;;;;;
IM00000000000000000000000ID-30117000000N;;IM00000000000000000000000ID-30117000000N;ID-30117000000N;0;0;;;;;;;BAT;CLIENT;;AD00000000000000000000000ID-30117000000N;;;;;0;;;;;;;;;;;;;;;;;
IM00000000000000000000000ID-301170000066;;IM00000000000000000000000ID-301170000066;ID-301170000066;0;0;;;;;;;BAT;CLIENT;;AD00000000000000000000000ID-301170000066;;;;;0;;;;;;;;;;;;;;;;;
IM00000000000000000000000ID-30117000002X;;IM00000000000000000000000ID-30117000002X;ID-30117000002X;0;0;;;;;;;BAT;CLIENT;;AD00000000000000000000000ID-30117000002X;;;;;0;;;;;;;;;;;;;;;;;
IM00000000000000000000000ID-30117000005S;;IM00000000000000000000000ID-30117000005S;ID-30117000005S;0;0;;;;;;;BAT;CLIENT;;AD00000000000000000000000ID-30117000005S;;;;;0;;;;;;;;;;;;;;;;;
IM00000000000000000000000ID-30117000000R;;IM00000000000000000000000ID-30117000000R;ID-30117000000R;0;0;;;;;;;BAT;CLIENT;;AD00000000000000000000000ID-30117000000R;;;;;0;;;;;;;;;;;;;;;;;
IM00000000000000000000000ID-30117000005E;;IM00000000000000000000000ID-30117000005E;ID-30117000005E;0;0;;;;;;;BAT;CLIENT;;AD00000000000000000000000ID-30117000005E;;;;;0;;;;;;;;;;;;;;;;;
IM00000000000000000000000ID-301170000014;;IM00000000000000000000000ID-301170000014;ID-301170000014;0;0;;;;;;;BAT;CLIENT;;AD00000000000000000000000ID-301170000014;;;;;0;;;;;;;;;;;;;;;;;
IM00000000000000000000000ID-30117000005H;;IM00000000000000000000000ID-30117000005H;ID-30117000005H;0;0;;;;;;;BAT;CLIENT;;AD00000000000000000000000ID-30117000005H;;;;;0;;;;;;;;;;;;;;;;;
IM00000000000000000000000ID-301170000057;;IM00000000000000000000000ID-301170000057;ID-301170000057;0;0;;;;;;;BAT;CLIENT;;AD00000000000000000000000ID-301170000057;;;;;0;;;;;;;;;;;;;;;;;
IM00000000000000000000000ID-30117000005G;;IM00000000000000000000000ID-30117000005G;ID-30117000005G;0;0;;;;;;;BAT;CLIENT;;AD00000000000000000000000ID-30117000005G;;;;;0;;;;;;;;;;;;;;;;;
IM00000000000000000000000ID-30117000002C;;IM00000000000000000000000ID-30117000002C;ID-30117000002C;0;0;;;;;;;BAT;CLIENT;;AD00000000000000000000000ID-30117000002C;;;;;0;;;;;;;;;;;;;;;;;
IM00000000000000000000000ID-301170000062;;IM00000000000000000000000ID-301170000062;ID-301170000062;0;0;;;;;;;BAT;CLIENT;;AD00000000000000000000000ID-301170000062;;;;;0;;;;;;;;;;;;;;;;;
IM00000000000000000000000ID-301170000055;;IM00000000000000000000000ID-301170000055;ID-301170000055;0;0;;;;;;;BAT;CLIENT;;AD00000000000000000000000ID-301170000055;;;;;0;;;;;;;;;;;;;;;;;
IM00000000000000000000000ID-30117000001C;;IM00000000000000000000000ID-30117000001C;ID-30117000001C;0;0;;;;;;;BAT;CLIENT;;AD00000000000000000000000ID-30117000001C;;;;;0;;;;;;;;;;;;;;;;;
IM00000000000000000000000ID-30117000000K;;IM00000000000000000000000ID-30117000000K;ID-30117000000K;0;0;;;;;;;BAT;CLIENT;;AD00000000000000000000000ID-30117000000K;;;;;0;;;;;;;;;;;;;;;;;
IM00000000000000000000000ID-30117000001L;;IM00000000000000000000000ID-30117000001L;ID-30117000001L;0;0;;;;;;;BAT;CLIENT;;AD00000000000000000000000ID-30117000001L;;;;;0;;;;;;;;;;;;;;;;;
IM00000000000000000000000ID-301170000039;;IM00000000000000000000000ID-301170000039;ID-301170000039;0;0;;;;;;;BAT;CLIENT;;AD00000000000000000000000ID-301170000039;;;;;0;;;;;;;;;;;;;;;;;
IM00000000000000000000000ID-30117000001I;;IM00000000000000000000000ID-30117000001I;ID-30117000001I;0;0;;;;;;;BAT;CLIENT;;AD00000000000000000000000ID-30117000001I;;;;;0;;;;;;;;;;;;;;;;;
IM00000000000000000000000ID-30117000004Q;;IM00000000000000000000000ID-30117000004Q;ID-30117000004Q;0;0;;;;;;;BAT;CLIENT;;AD00000000000000000000000ID-30117000004Q;;;;;0;;;;;;;;;;;;;;;;;
IM00000000000000000000000ID-30117000000F;;IM00000000000000000000000ID-30117000000F;ID-30117000000F;0;0;;;;;;;BAT;CLIENT;;AD00000000000000000000000ID-30117000000F;;;;;0;;;;;;;;;;;;;;;;;
IM00000000000000000000000ID-30117000002A;;IM00000000000000000000000ID-30117000002A;ID-30117000002A;0;0;;;;;;;BAT;CLIENT;;AD00000000000000000000000ID-30117000002A;;;;;0;;;;;;;;;;;;;;;;;
IM00000000000000000000000ID-301170000050;;IM00000000000000000000000ID-301170000050;ID-301170000050;0;0;;;;;;;BAT;CLIENT;;AD00000000000000000000000ID-301170000050;;;;;0;;;;;;;;;;;;;;;;;
IM00000000000000000000000ID-3011700000QP;;IM00000000000000000000000ID-3011700000QP;ID-3011700000QP;0;0;;;;;;;BAT;CLIENT;;AD00000000000000000000000ID-3011700000QP;;;;;0;;;;;;;;;;;;;;;;;
IM00000000000000000000000ID-30117000001O;;IM00000000000000000000000ID-30117000001O;ID-30117000001O;0;0;;;;;;;BAT;CLIENT;;AD00000000000000000000000ID-30117000001O;;;;;0;;;;;;;;;;;;;;;;;
IM00000000000000000000000ID-30117000007I;;IM00000000000000000000000ID-30117000007I;ID-30117000007I;0;0;;;;;;;BAT;CLIENT;;AD00000000000000000000000ID-30117000007I;;;;;0;;;;;;;;;;;;;;;;;
IM00000000000000000000000ID-30117000001S;;IM00000000000000000000000ID-30117000001S;ID-30117000001S;0;0;;;;;;;BAT;CLIENT;;AD00000000000000000000000ID-30117000001S;;;;;0;;;;;;;;;;;;;;;;;
IM00000000000000000000000ID-30117000003Y;;IM00000000000000000000000ID-30117000003Y;ID-30117000003Y;0;0;;;;;;;BAT;CLIENT;;AD00000000000000000000000ID-30117000003Y;;;;;0;;;;;;;;;;;;;;;;;
IM00000000000000000000000ID-30117000005I;;IM00000000000000000000000ID-30117000005I;ID-30117000005I;0;0;;;;;;;BAT;CLIENT;;AD00000000000000000000000ID-30117000005I;;;;;0;;;;;;;;;;;;;;;;;
IM00000000000000000000000ID-30117000006C;;IM00000000000000000000000ID-30117000006C;ID-30117000006C;0;0;;;;;;;BAT;CLIENT;;AD00000000000000000000000ID-30117000006C;;;;;0;;;;;;;;;;;;;;;;;
IM00000000000000000000000ID-30117000004U;;IM00000000000000000000000ID-30117000004U;ID-30117000004U;0;0;;;;;;;BAT;CLIENT;;AD00000000000000000000000ID-30117000004U;;;;;0;;;;;;;;;;;;;;;;;
IM00000000000000000000000ID-30117000004K;;IM00000000000000000000000ID-30117000004K;ID-30117000004K;0;0;;;;;;;BAT;CLIENT;;AD00000000000000000000000ID-30117000004K;;;;;0;;;;;;;;;;;;;;;;;
IM00000000000000000000000ID-30117000003R;;IM00000000000000000000000ID-30117000003R;ID-30117000003R;0;0;;;;;;;BAT;CLIENT;;AD00000000000000000000000ID-30117000003R;;;;;0;;;;;;;;;;;;;;;;;
IM00000000000000000000000ID-30117000003P;;IM00000000000000000000000ID-30117000003P;ID-30117000003P;0;0;;;;;;;BAT;CLIENT;;AD00000000000000000000000ID-30117000003P;;;;;0;;;;;;;;;;;;;;;;;
IM00000000000000000000000ID-30117000007S;;IM00000000000000000000000ID-30117000007S;ID-30117000007S;0;0;;;;;;;BAT;CLIENT;;AD00000000000000000000000ID-30117000007S;;;;;0;;;;;;;;;;;;;;;;;
IM00000000000000000000000ID-3011700000QM;;IM00000000000000000000000ID-3011700000QM;ID-3011700000QM;0;0;;;;;;;BAT;CLIENT;;AD00000000000000000000000ID-3011700000QM;;;;;0;;;;;;;;;;;;;;;;;
IM00000000000000000000000ID-30117000004T;;IM00000000000000000000000ID-30117000004T;ID-30117000004T;0;0;;;;;;;BAT;CLIENT;;AD00000000000000000000000ID-30117000004T;;;;;0;;;;;;;;;;;;;;;;;
IM00000000000000000000000ID-30117000000V;;IM00000000000000000000000ID-30117000000V;ID-30117000000V;0;0;;;;;;;BAT;CLIENT;;AD00000000000000000000000ID-30117000000V;;;;;0;;;;;;;;;;;;;;;;;
IM00000000000000000000000ID-30117000001Y;;IM00000000000000000000000ID-30117000001Y;ID-30117000001Y;0;0;;;;;;;BAT;CLIENT;;AD00000000000000000000000ID-30117000001Y;;;;;0;;;;;;;;;;;;;;;;;
IM00000000000000000000000ID-30117000003N;;IM00000000000000000000000ID-30117000003N;ID-30117000003N;0;0;;;;;;;BAT;CLIENT;;AD00000000000000000000000ID-30117000003N;;;;;0;;;;;;;;;;;;;;;;;
IM00000000000000000000000ID-30117000000Q;;IM00000000000000000000000ID-30117000000Q;ID-30117000000Q;0;0;;;;;;;BAT;CLIENT;;AD00000000000000000000000ID-30117000000Q;;;;;0;;;;;;;;;;;;;;;;;
IM00000000000000000000000ID-30117000001K;;IM00000000000000000000000ID-30117000001K;ID-30117000001K;0;0;;;;;;;BAT;CLIENT;;AD00000000000000000000000ID-30117000001K;;;;;0;;;;;;;;;;;;;;;;;
IM00000000000000000000000ID-30117000000Y;;IM00000000000000000000000ID-30117000000Y;ID-30117000000Y;0;0;;;;;;;BAT;CLIENT;;AD00000000000000000000000ID-30117000000Y;;;;;0;;;;;;;;;;;;;;;;;
IM00000000000000000000000ID-30117000001H;;IM00000000000000000000000ID-30117000001H;ID-30117000001H;0;0;;;;;;;BAT;CLIENT;;AD00000000000000000000000ID-30117000001H;;;;;0;;;;;;;;;;;;;;;;;
IM00000000000000000000000ID-30117000005T;;IM00000000000000000000000ID-30117000005T;ID-30117000005T;0;0;;;;;;;BAT;CLIENT;;AD00000000000000000000000ID-30117000005T;;;;;0;;;;;;;;;;;;;;;;;
IM00000000000000000000000ID-3011700000QE;;IM00000000000000000000000ID-3011700000QE;ID-3011700000QE;0;0;;;;;;;BAT;CLIENT;;AD00000000000000000000000ID-3011700000QE;;;;;0;;;;;;;;;;;;;;;;;
IM00000000000000000000000ID-30117000002N;;IM00000000000000000000000ID-30117000002N;ID-30117000002N;0;0;;;;;;;BAT;CLIENT;;AD00000000000000000000000ID-30117000002N;;;;;0;;;;;;;;;;;;;;;;;
IM00000000000000000000000ID-30117000002K;;IM00000000000000000000000ID-30117000002K;ID-30117000002K;0;0;;;;;;;BAT;CLIENT;;AD00000000000000000000000ID-30117000002K;;;;;0;;;;;;;;;;;;;;;;;
IM00000000000000000000000ID-30117000002H;;IM00000000000000000000000ID-30117000002H;ID-30117000002H;0;0;;;;;;;BAT;CLIENT;;AD00000000000000000000000ID-30117000002H;;;;;0;;;;;;;;;;;;;;;;;
IM00000000000000000000000ID-301170000073;;IM00000000000000000000000ID-301170000073;ID-301170000073;0;0;;;;;;;BAT;CLIENT;;AD00000000000000000000000ID-301170000073;;;;;0;;;;;;;;;;;;;;;;;
IM00000000000000000000000ID-301170000046;;IM00000000000000000000000ID-301170000046;ID-301170000046;0;0;;;;;;;BAT;CLIENT;;AD00000000000000000000000ID-301170000046;;;;;0;;;;;;;;;;;;;;;;;
IM00000000000000000000000ID-30117000006I;;IM00000000000000000000000ID-30117000006I;ID-30117000006I;0;0;;;;;;;BAT;CLIENT;;AD00000000000000000000000ID-30117000006I;;;;;0;;;;;;;;;;;;;;;;;
IM00000000000000000000000ID-301170000030;;IM00000000000000000000000ID-301170000030;ID-301170000030;0;0;;;;;;;BAT;CLIENT;;AD00000000000000000000000ID-301170000030;;;;;0;;;;;;;;;;;;;;;;;
IM00000000000000000000000ID-3011700000V4;;IM00000000000000000000000ID-3011700000V4;ID-3011700000V4;0;0;;;;;;;BAT;CLIENT;;AD00000000000000000000000ID-3011700000V4;;;;;0;;;;;;;;;;;;;;;;;
IM00000000000000000000000ID-30117000006U;;IM00000000000000000000000ID-30117000006U;ID-30117000006U;0;0;;;;;;;BAT;CLIENT;;AD00000000000000000000000ID-30117000006U;;;;;0;;;;;;;;;;;;;;;;;
IM00000000000000000000000ID-30117000002L;;IM00000000000000000000000ID-30117000002L;ID-30117000002L;0;0;;;;;;;BAT;CLIENT;;AD00000000000000000000000ID-30117000002L;;;;;0;;;;;;;;;;;;;;;;;
IM00000000000000000000000ID-30117000006T;;IM00000000000000000000000ID-30117000006T;ID-30117000006T;0;0;;;;;;;BAT;CLIENT;;AD00000000000000000000000ID-30117000006T;;;;;0;;;;;;;;;;;;;;;;;
IM00000000000000000000000ID-301170000020;;IM00000000000000000000000ID-301170000020;ID-301170000020;0;0;;;;;;;BAT;CLIENT;;AD00000000000000000000000ID-301170000020;;;;;0;;;;;;;;;;;;;;;;;
IM00000000000000000000000ID-30117000000X;;IM00000000000000000000000ID-30117000000X;ID-30117000000X;0;0;;;;;;;BAT;CLIENT;;AD00000000000000000000000ID-30117000000X;;;;;0;;;;;;;;;;;;;;;;;
IM00000000000000000000000ID-3011700000UO;;IM00000000000000000000000ID-3011700000UO;ID-3011700000UO;0;0;;;;;;;BAT;CLIENT;;AD00000000000000000000000ID-3011700000UO;;;;;0;;;;;;;;;;;;;;;;;
IM00000000000000000000000ID-301170000037;;IM00000000000000000000000ID-301170000037;ID-301170000037;0;0;;;;;;;BAT;CLIENT;;AD00000000000000000000000ID-301170000037;;;;;0;;;;;;;;;;;;;;;;;
IM00000000000000000000000ID-30117000007E;;IM00000000000000000000000ID-30117000007E;ID-30117000007E;0;0;;;;;;;BAT;CLIENT;;AD00000000000000000000000ID-30117000007E;;;;;0;;;;;;;;;;;;;;;;;
IM00000000000000000000000ID-30117000001J;;IM00000000000000000000000ID-30117000001J;ID-30117000001J;0;0;;;;;;;BAT;CLIENT;;AD00000000000000000000000ID-30117000001J;;;;;0;;;;;;;;;;;;;;;;;
IM00000000000000000000000ID-30117000003S;;IM00000000000000000000000ID-30117000003S;ID-30117000003S;0;0;;;;;;;BAT;CLIENT;;AD00000000000000000000000ID-30117000003S;;;;;0;;;;;;;;;;;;;;;;;
IM00000000000000000000000ID-301170000054;;IM00000000000000000000000ID-301170000054;ID-301170000054;0;0;;;;;;;BAT;CLIENT;;AD00000000000000000000000ID-301170000054;;;;;0;;;;;;;;;;;;;;;;;
IM00000000000000000000000ID-30117000004D;;IM00000000000000000000000ID-30117000004D;ID-30117000004D;0;0;;;;;;;BAT;CLIENT;;AD00000000000000000000000ID-30117000004D;;;;;0;;;;;;;;;;;;;;;;;
IM00000000000000000000000ID-30117000005F;;IM00000000000000000000000ID-30117000005F;ID-30117000005F;0;0;;;;;;;BAT;CLIENT;;AD00000000000000000000000ID-30117000005F;;;;;0;;;;;;;;;;;;;;;;;
IM00000000000000000000000ID-301170000043;;IM00000000000000000000000ID-301170000043;ID-301170000043;0;0;;;;;;;BAT;CLIENT;;AD00000000000000000000000ID-301170000043;;;;;0;;;;;;;;;;;;;;;;;
IM00000000000000000000000ID-30117000005W;;IM00000000000000000000000ID-30117000005W;ID-30117000005W;0;0;;;;;;;BAT;CLIENT;;AD00000000000000000000000ID-30117000005W;;;;;0;;;;;;;;;;;;;;;;;
IM00000000000000000000000ID-30117000006B;;IM00000000000000000000000ID-30117000006B;ID-30117000006B;0;0;;;;;;;BAT;CLIENT;;AD00000000000000000000000ID-30117000006B;;;;;0;;;;;;;;;;;;;;;;;
IM00000000000000000000000ID-301170000010;;IM00000000000000000000000ID-301170000010;ID-301170000010;0;0;;;;;;;BAT;CLIENT;;AD00000000000000000000000ID-301170000010;;;;;0;;;;;;;;;;;;;;;;;
IM00000000000000000000000ID-301170000011;;IM00000000000000000000000ID-301170000011;ID-301170000011;0;0;;;;;;;BAT;CLIENT;;AD00000000000000000000000ID-301170000011;;;;;0;;;;;;;;;;;;;;;;;
IM00000000000000000000000ID-301170000068;;IM00000000000000000000000ID-301170000068;ID-301170000068;0;0;;;;;;;BAT;CLIENT;;AD00000000000000000000000ID-301170000068;;;;;0;;;;;;;;;;;;;;;;;
IM00000000000000000000000ID-30117000004L;;IM00000000000000000000000ID-30117000004L;ID-30117000004L;0;0;;;;;;;BAT;CLIENT;;AD00000000000000000000000ID-30117000004L;;;;;0;;;;;;;;;;;;;;;;;
IM00000000000000000000000ID-30117000002W;;IM00000000000000000000000ID-30117000002W;ID-30117000002W;0;0;;;;;;;BAT;CLIENT;;AD00000000000000000000000ID-30117000002W;;;;;0;;;;;;;;;;;;;;;;;
IM00000000000000000000000ID-301170000022;;IM00000000000000000000000ID-301170000022;ID-301170000022;0;0;;;;;;;BAT;CLIENT;;AD00000000000000000000000ID-301170000022;;;;;0;;;;;;;;;;;;;;;;;
IM00000000000000000000000ID-30117000004A;;IM00000000000000000000000ID-30117000004A;ID-30117000004A;0;0;;;;;;;BAT;CLIENT;;AD00000000000000000000000ID-30117000004A;;;;;0;;;;;;;;;;;;;;;;;
IM00000000000000000000000ID-30117000000I;;IM00000000000000000000000ID-30117000000I;ID-30117000000I;0;0;;;;;;;BAT;CLIENT;;AD00000000000000000000000ID-30117000000I;;;;;0;;;;;;;;;;;;;;;;;
IM00000000000000000000000ID-30117000005Z;;IM00000000000000000000000ID-30117000005Z;ID-30117000005Z;0;0;;;;;;;BAT;CLIENT;;AD00000000000000000000000ID-30117000005Z;;;;;0;;;;;;;;;;;;;;;;;
IM00000000000000000000000ID-30117000002G;;IM00000000000000000000000ID-30117000002G;ID-30117000002G;0;0;;;;;;;BAT;CLIENT;;AD00000000000000000000000ID-30117000002G;;;;;0;;;;;;;;;;;;;;;;;
IM00000000000000000000000ID-3011700000QQ;;IM00000000000000000000000ID-3011700000QQ;ID-3011700000QQ;0;0;;;;;;;BAT;CLIENT;;AD00000000000000000000000ID-3011700000QQ;;;;;0;;;;;;;;;;;;;;;;;
IM00000000000000000000000ID-30117000006A;;IM00000000000000000000000ID-30117000006A;ID-30117000006A;0;0;;;;;;;BAT;CLIENT;;AD00000000000000000000000ID-30117000006A;;;;;0;;;;;;;;;;;;;;;;;
IM00000000000000000000000ID-30117000007X;;IM00000000000000000000000ID-30117000007X;ID-30117000007X;0;0;;;;;;;BAT;CLIENT;;AD00000000000000000000000ID-30117000007X;;;;;0;;;;;;;;;;;;;;;;;
IM00000000000000000000000ID-30117000002V;;IM00000000000000000000000ID-30117000002V;ID-30117000002V;0;0;;;;;;;BAT;CLIENT;;AD00000000000000000000000ID-30117000002V;;;;;0;;;;;;;;;;;;;;;;;
IM00000000000000000000000ID-30117000002E;;IM00000000000000000000000ID-30117000002E;ID-30117000002E;0;0;;;;;;;BAT;CLIENT;;AD00000000000000000000000ID-30117000002E;;;;;0;;;;;;;;;;;;;;;;;
IM00000000000000000000000ID-30117000005A;;IM00000000000000000000000ID-30117000005A;ID-30117000005A;0;0;;;;;;;BAT;CLIENT;;AD00000000000000000000000ID-30117000005A;;;;;0;;;;;;;;;;;;;;;;;
IM00000000000000000000000ID-30117000007R;;IM00000000000000000000000ID-30117000007R;ID-30117000007R;0;0;;;;;;;BAT;CLIENT;;AD00000000000000000000000ID-30117000007R;;;;;0;;;;;;;;;;;;;;;;;
IM00000000000000000000000ID-30117000007L;;IM00000000000000000000000ID-30117000007L;ID-30117000007L;0;0;;;;;;;BAT;CLIENT;;AD00000000000000000000000ID-30117000007L;;;;;0;;;;;;;;;;;;;;;;;
IM00000000000000000000000ID-30117000002O;;IM00000000000000000000000ID-30117000002O;ID-30117000002O;0;0;;;;;;;BAT;CLIENT;;AD00000000000000000000000ID-30117000002O;;;;;0;;;;;;;;;;;;;;;;;
IM00000000000000000000000ID-30117000003O;;IM00000000000000000000000ID-30117000003O;ID-30117000003O;0;0;;;;;;;BAT;CLIENT;;AD00000000000000000000000ID-30117000003O;;;;;0;;;;;;;;;;;;;;;;;
IM00000000000000000000000ID-30117000006K;;IM00000000000000000000000ID-30117000006K;ID-30117000006K;0;0;;;;;;;BAT;CLIENT;;AD00000000000000000000000ID-30117000006K;;;;;0;;;;;;;;;;;;;;;;;
IM00000000000000000000000ID-30117000004G;;IM00000000000000000000000ID-30117000004G;ID-30117000004G;0;0;;;;;;;BAT;CLIENT;;AD00000000000000000000000ID-30117000004G;;;;;0;;;;;;;;;;;;;;;;;
IM00000000000000000000000ID-30117000008C;;IM00000000000000000000000ID-30117000008C;ID-30117000008C;0;0;;;;;;;BAT;CLIENT;;AD00000000000000000000000ID-30117000008C;;;;;0;;;;;;;;;;;;;;;;;
IM00000000000000000000000ID-30117000000J;;IM00000000000000000000000ID-30117000000J;ID-30117000000J;0;0;;;;;;;BAT;CLIENT;;AD00000000000000000000000ID-30117000000J;;;;;0;;;;;;;;;;;;;;;;;
IM00000000000000000000000ID-30117000005U;;IM00000000000000000000000ID-30117000005U;ID-30117000005U;0;0;;;;;;;BAT;CLIENT;;AD00000000000000000000000ID-30117000005U;;;;;0;;;;;;;;;;;;;;;;;
IM00000000000000000000000ID-301170000026;;IM00000000000000000000000ID-301170000026;ID-301170000026;0;0;;;;;;;BAT;CLIENT;;AD00000000000000000000000ID-301170000026;;;;;0;;;;;;;;;;;;;;;;;
IM00000000000000000000000ID-30117000006N;;IM00000000000000000000000ID-30117000006N;ID-30117000006N;0;0;;;;;;;BAT;CLIENT;;AD00000000000000000000000ID-30117000006N;;;;;0;;;;;;;;;;;;;;;;;
IM00000000000000000000000ID-30117000007N;;IM00000000000000000000000ID-30117000007N;ID-30117000007N;0;0;;;;;;;BAT;CLIENT;;AD00000000000000000000000ID-30117000007N;;;;;0;;;;;;;;;;;;;;;;;
IM00000000000000000000000ID-30117000003B;;IM00000000000000000000000ID-30117000003B;ID-30117000003B;0;0;;;;;;;BAT;CLIENT;;AD00000000000000000000000ID-30117000003B;;;;;0;;;;;;;;;;;;;;;;;
IM00000000000000000000000ID-30117000005M;;IM00000000000000000000000ID-30117000005M;ID-30117000005M;0;0;;;;;;;BAT;CLIENT;;AD00000000000000000000000ID-30117000005M;;;;;0;;;;;;;;;;;;;;;;;
IM00000000000000000000000ID-30117000008B;;IM00000000000000000000000ID-30117000008B;ID-30117000008B;0;0;;;;;;;BAT;CLIENT;;AD00000000000000000000000ID-30117000008B;;;;;0;;;;;;;;;;;;;;;;;
IM00000000000000000000000ID-301170000077;;IM00000000000000000000000ID-301170000077;ID-301170000077;0;0;;;;;;;BAT;CLIENT;;AD00000000000000000000000ID-301170000077;;;;;0;;;;;;;;;;;;;;;;;
IM00000000000000000000000ID-30117000007D;;IM00000000000000000000000ID-30117000007D;ID-30117000007D;0;0;;;;;;;BAT;CLIENT;;AD00000000000000000000000ID-30117000007D;;;;;0;;;;;;;;;;;;;;;;;
IM00000000000000000000000ID-30117000004N;;IM00000000000000000000000ID-30117000004N;ID-30117000004N;0;0;;;;;;;BAT;CLIENT;;AD00000000000000000000000ID-30117000004N;;;;;0;;;;;;;;;;;;;;;;;
IM00000000000000000000000ID-30117000006Y;;IM00000000000000000000000ID-30117000006Y;ID-30117000006Y;0;0;;;;;;;BAT;CLIENT;;AD00000000000000000000000ID-30117000006Y;;;;;0;;;;;;;;;;;;;;;;;
IM00000000000000000000000ID-30117000005K;;IM00000000000000000000000ID-30117000005K;ID-30117000005K;0;0;;;;;;;BAT;CLIENT;;AD00000000000000000000000ID-30117000005K;;;;;0;;;;;;;;;;;;;;;;;
IM00000000000000000000000ID-30117000002U;;IM00000000000000000000000ID-30117000002U;ID-30117000002U;0;0;;;;;;;BAT;CLIENT;;AD00000000000000000000000ID-30117000002U;;;;;0;;;;;;;;;;;;;;;;;
IM00000000000000000000000ID-301170000060;;IM00000000000000000000000ID-301170000060;ID-301170000060;0;0;;;;;;;BAT;CLIENT;;AD00000000000000000000000ID-301170000060;;;;;0;;;;;;;;;;;;;;;;;
IM00000000000000000000000ID-30117000005D;;IM00000000000000000000000ID-30117000005D;ID-30117000005D;0;0;;;;;;;BAT;CLIENT;;AD00000000000000000000000ID-30117000005D;;;;;0;;;;;;;;;;;;;;;;;
IM00000000000000000000000ID-301170000031;;IM00000000000000000000000ID-301170000031;ID-301170000031;0;0;;;;;;;BAT;CLIENT;;AD00000000000000000000000ID-301170000031;;;;;0;;;;;;;;;;;;;;;;;
IM00000000000000000000000ID-30117000002P;;IM00000000000000000000000ID-30117000002P;ID-30117000002P;0;0;;;;;;;BAT;CLIENT;;AD00000000000000000000000ID-30117000002P;;;;;0;;;;;;;;;;;;;;;;;
IM00000000000000000000000ID-301170000009;;IM00000000000000000000000ID-301170000009;ID-301170000009;0;0;;;;;;;BAT;CLIENT;;AD00000000000000000000000ID-301170000009;;;;;0;;;;;;;;;;;;;;;;;
IM00000000000000000000000ID-301170000008;;IM00000000000000000000000ID-301170000008;ID-301170000008;0;0;;;;;;;BAT;CLIENT;;AD00000000000000000000000ID-301170000008;;;;;0;;;;;;;;;;;;;;;;;
IM00000000000000000000000ID-30117000004J;;IM00000000000000000000000ID-30117000004J;ID-30117000004J;0;0;;;;;;;BAT;CLIENT;;AD00000000000000000000000ID-30117000004J;;;;;0;;;;;;;;;;;;;;;;;
IM00000000000000000000000ID-301170000086;;IM00000000000000000000000ID-301170000086;ID-301170000086;0;0;;;;;;;BAT;CLIENT;;AD00000000000000000000000ID-301170000086;;;;;0;;;;;;;;;;;;;;;;;
IM00000000000000000000000ID-301170000053;;IM00000000000000000000000ID-301170000053;ID-301170000053;0;0;;;;;;;BAT;CLIENT;;AD00000000000000000000000ID-301170000053;;;;;0;;;;;;;;;;;;;;;;;
IM00000000000000000000000ID-30117000008H;;IM00000000000000000000000ID-30117000008H;ID-30117000008H;0;0;;;;;;;BAT;CLIENT;;AD00000000000000000000000ID-30117000008H;;;;;0;;;;;;;;;;;;;;;;;
IM00000000000000000000000ID-30117000004H;;IM00000000000000000000000ID-30117000004H;ID-30117000004H;0;0;;;;;;;BAT;CLIENT;;AD00000000000000000000000ID-30117000004H;;;;;0;;;;;;;;;;;;;;;;;
IM00000000000000000000000ID-301170000157;;IM00000000000000000000000ID-301170000157;ID-301170000157;0;0;;;;;;;BAT;CLIENT;;AD00000000000000000000000ID-301170000157;;;;;0;;;;;;;;;;;;;;;;;
IM00000000000000000000000ID-30117000004R;;IM00000000000000000000000ID-30117000004R;ID-30117000004R;0;0;;;;;;;BAT;CLIENT;;AD00000000000000000000000ID-30117000004R;;;;;0;;;;;;;;;;;;;;;;;
IM00000000000000000000000ID-301170000040;;IM00000000000000000000000ID-301170000040;ID-301170000040;0;0;;;;;;;BAT;CLIENT;;AD00000000000000000000000ID-301170000040;;;;;0;;;;;;;;;;;;;;;;;
IM00000000000000000000000ID-30117000002R;;IM00000000000000000000000ID-30117000002R;ID-30117000002R;0;0;;;;;;;BAT;CLIENT;;AD00000000000000000000000ID-30117000002R;;;;;0;;;;;;;;;;;;;;;;;
IM00000000000000000000000ID-301170000016;;IM00000000000000000000000ID-301170000016;ID-301170000016;0;0;;;;;;;BAT;CLIENT;;AD00000000000000000000000ID-301170000016;;;;;0;;;;;;;;;;;;;;;;;
IM00000000000000000000000ID-3011700000V6;;IM00000000000000000000000ID-3011700000V6;ID-3011700000V6;0;0;;;;;;;BAT;CLIENT;;AD00000000000000000000000ID-3011700000V6;;;;;0;;;;;;;;;;;;;;;;;
IM00000000000000000000000ID-30117000000B;;IM00000000000000000000000ID-30117000000B;ID-30117000000B;0;0;;;;;;;BAT;CLIENT;;AD00000000000000000000000ID-30117000000B;;;;;0;;;;;;;;;;;;;;;;;
IM00000000000000000000000ID-301170000017;;IM00000000000000000000000ID-301170000017;ID-301170000017;0;0;;;;;;;BAT;CLIENT;;AD00000000000000000000000ID-301170000017;;;;;0;;;;;;;;;;;;;;;;;
IM00000000000000000000000ID-30117000003Z;;IM00000000000000000000000ID-30117000003Z;ID-30117000003Z;0;0;;;;;;;BAT;CLIENT;;AD00000000000000000000000ID-30117000003Z;;;;;0;;;;;;;;;;;;;;;;;
IM00000000000000000000000ID-301170000027;;IM00000000000000000000000ID-301170000027;ID-301170000027;0;0;;;;;;;BAT;CLIENT;;AD00000000000000000000000ID-301170000027;;;;;0;;;;;;;;;;;;;;;;;
IM00000000000000000000000ID-30117000005N;;IM00000000000000000000000ID-30117000005N;ID-30117000005N;0;0;;;;;;;BAT;CLIENT;;AD00000000000000000000000ID-30117000005N;;;;;0;;;;;;;;;;;;;;;;;
IM00000000000000000000000ID-30117000008A;;IM00000000000000000000000ID-30117000008A;ID-30117000008A;0;0;;;;;;;BAT;CLIENT;;AD00000000000000000000000ID-30117000008A;;;;;0;;;;;;;;;;;;;;;;;
IM00000000000000000000000ID-30117000003G;;IM00000000000000000000000ID-30117000003G;ID-30117000003G;0;0;;;;;;;BAT;CLIENT;;AD00000000000000000000000ID-30117000003G;;;;;0;;;;;;;;;;;;;;;;;
IM00000000000000000000000ID-30117000000O;;IM00000000000000000000000ID-30117000000O;ID-30117000000O;0;0;;;;;;;BAT;CLIENT;;AD00000000000000000000000ID-30117000000O;;;;;0;;;;;;;;;;;;;;;;;
IM00000000000000000000000ID-301170000025;;IM00000000000000000000000ID-301170000025;ID-301170000025;0;0;;;;;;;BAT;CLIENT;;AD00000000000000000000000ID-301170000025;;;;;0;;;;;;;;;;;;;;;;;
IM00000000000000000000000ID-301170000074;;IM00000000000000000000000ID-301170000074;ID-301170000074;0;0;;;;;;;BAT;CLIENT;;AD00000000000000000000000ID-301170000074;;;;;0;;;;;;;;;;;;;;;;;
IM00000000000000000000000ID-301170000035;;IM00000000000000000000000ID-301170000035;ID-301170000035;0;0;;;;;;;BAT;CLIENT;;AD00000000000000000000000ID-301170000035;;;;;0;;;;;;;;;;;;;;;;;
IM00000000000000000000000ID-30117000002F;;IM00000000000000000000000ID-30117000002F;ID-30117000002F;0;0;;;;;;;BAT;CLIENT;;AD00000000000000000000000ID-30117000002F;;;;;0;;;;;;;;;;;;;;;;;
IM00000000000000000000000ID-30117000005B;;IM00000000000000000000000ID-30117000005B;ID-30117000005B;0;0;;;;;;;BAT;CLIENT;;AD00000000000000000000000ID-30117000005B;;;;;0;;;;;;;;;;;;;;;;;
IM00000000000000000000000ID-30117000003F;;IM00000000000000000000000ID-30117000003F;ID-30117000003F;0;0;;;;;;;BAT;CLIENT;;AD00000000000000000000000ID-30117000003F;;;;;0;;;;;;;;;;;;;;;;;
IM00000000000000000000000ID-30117000000C;;IM00000000000000000000000ID-30117000000C;ID-30117000000C;0;0;;;;;;;BAT;CLIENT;;AD00000000000000000000000ID-30117000000C;;;;;0;;;;;;;;;;;;;;;;;
IM00000000000000000000000ID-30117000004Z;;IM00000000000000000000000ID-30117000004Z;ID-30117000004Z;0;0;;;;;;;BAT;CLIENT;;AD00000000000000000000000ID-30117000004Z;;;;;0;;;;;;;;;;;;;;;;;
IM00000000000000000000000ID-30117000006Z;;IM00000000000000000000000ID-30117000006Z;ID-30117000006Z;0;0;;;;;;;BAT;CLIENT;;AD00000000000000000000000ID-30117000006Z;;;;;0;;;;;;;;;;;;;;;;;
IM00000000000000000000000ID-30117000005V;;IM00000000000000000000000ID-30117000005V;ID-30117000005V;0;0;;;;;;;BAT;CLIENT;;AD00000000000000000000000ID-30117000005V;;;;;0;;;;;;;;;;;;;;;;;
IM00000000000000000000000ID-301170000049;;IM00000000000000000000000ID-301170000049;ID-301170000049;0;0;;;;;;;BAT;CLIENT;;AD00000000000000000000000ID-301170000049;;;;;0;;;;;;;;;;;;;;;;;
IM00000000000000000000000ID-301170000038;;IM00000000000000000000000ID-301170000038;ID-301170000038;0;0;;;;;;;BAT;CLIENT;;AD00000000000000000000000ID-301170000038;;;;;0;;;;;;;;;;;;;;;;;
IM00000000000000000000000ID-30117000001B;;IM00000000000000000000000ID-30117000001B;ID-30117000001B;0;0;;;;;;;BAT;CLIENT;;AD00000000000000000000000ID-30117000001B;;;;;0;;;;;;;;;;;;;;;;;
IM00000000000000000000000ID-30117000004F;;IM00000000000000000000000ID-30117000004F;ID-30117000004F;0;0;;;;;;;BAT;CLIENT;;AD00000000000000000000000ID-30117000004F;;;;;0;;;;;;;;;;;;;;;;;
IM00000000000000000000000ID-3011700000V7;;IM00000000000000000000000ID-3011700000V7;ID-3011700000V7;0;0;;;;;;;BAT;CLIENT;;AD00000000000000000000000ID-3011700000V7;;;;;0;;;;;;;;;;;;;;;;;
IM00000000000000000000000ID-3011700000V5;;IM00000000000000000000000ID-3011700000V5;ID-3011700000V5;0;0;;;;;;;BAT;CLIENT;;AD00000000000000000000000ID-3011700000V5;;;;;0;;;;;;;;;;;;;;;;;
IM00000000000000000000000ID-30117000005Q;;IM00000000000000000000000ID-30117000005Q;ID-30117000005Q;0;0;;;;;;;BAT;CLIENT;;AD00000000000000000000000ID-30117000005Q;;;;;0;;;;;;;;;;;;;;;;;
IM00000000000000000000000ID-30117000005P;;IM00000000000000000000000ID-30117000005P;ID-30117000005P;0;0;;;;;;;BAT;CLIENT;;AD00000000000000000000000ID-30117000005P;;;;;0;;;;;;;;;;;;;;;;;
IM00000000000000000000000ID-30117000006W;;IM00000000000000000000000ID-30117000006W;ID-30117000006W;0;0;;;;;;;BAT;CLIENT;;AD00000000000000000000000ID-30117000006W;;;;;0;;;;;;;;;;;;;;;;;
IM00000000000000000000000ID-30117000003X;;IM00000000000000000000000ID-30117000003X;ID-30117000003X;0;0;;;;;;;BAT;CLIENT;;AD00000000000000000000000ID-30117000003X;;;;;0;;;;;;;;;;;;;;;;;
IM00000000000000000000000ID-30117000004M;;IM00000000000000000000000ID-30117000004M;ID-30117000004M;0;0;;;;;;;BAT;CLIENT;;AD00000000000000000000000ID-30117000004M;;;;;0;;;;;;;;;;;;;;;;;
IM00000000000000000000000ID-30117000003U;;IM00000000000000000000000ID-30117000003U;ID-30117000003U;0;0;;;;;;;BAT;CLIENT;;AD00000000000000000000000ID-30117000003U;;;;;0;;;;;;;;;;;;;;;;;
IM00000000000000000000000ID-30117000006P;;IM00000000000000000000000ID-30117000006P;ID-30117000006P;0;0;;;;;;;BAT;CLIENT;;AD00000000000000000000000ID-30117000006P;;;;;0;;;;;;;;;;;;;;;;;
IM00000000000000000000000ID-30117000006H;;IM00000000000000000000000ID-30117000006H;ID-30117000006H;0;0;;;;;;;BAT;CLIENT;;AD00000000000000000000000ID-30117000006H;;;;;0;;;;;;;;;;;;;;;;;
IM00000000000000000000000ID-3011700000QN;;IM00000000000000000000000ID-3011700000QN;ID-3011700000QN;0;0;;;;;;;BAT;CLIENT;;AD00000000000000000000000ID-3011700000QN;;;;;0;;;;;;;;;;;;;;;;;
IM00000000000000000000000ID-30117000005O;;IM00000000000000000000000ID-30117000005O;ID-30117000005O;0;0;;;;;;;BAT;CLIENT;;AD00000000000000000000000ID-30117000005O;;;;;0;;;;;;;;;;;;;;;;;
IM00000000000000000000000ID-301170000063;;IM00000000000000000000000ID-301170000063;ID-301170000063;0;0;;;;;;;BAT;CLIENT;;AD00000000000000000000000ID-301170000063;;;;;0;;;;;;;;;;;;;;;;;
IM00000000000000000000000ID-30117000001T;;IM00000000000000000000000ID-30117000001T;ID-30117000001T;0;0;;;;;;;BAT;CLIENT;;AD00000000000000000000000ID-30117000001T;;;;;0;;;;;;;;;;;;;;;;;
IM00000000000000000000000ID-30117000005R;;IM00000000000000000000000ID-30117000005R;ID-30117000005R;0;0;;;;;;;BAT;CLIENT;;AD00000000000000000000000ID-30117000005R;;;;;0;;;;;;;;;;;;;;;;;
IM00000000000000000000000ID-301170000064;;IM00000000000000000000000ID-301170000064;ID-301170000064;0;0;;;;;;;BAT;CLIENT;;AD00000000000000000000000ID-301170000064;;;;;0;;;;;;;;;;;;;;;;;
IM00000000000000000000000ID-30117000004S;;IM00000000000000000000000ID-30117000004S;ID-30117000004S;0;0;;;;;;;BAT;CLIENT;;AD00000000000000000000000ID-30117000004S;;;;;0;;;;;;;;;;;;;;;;;
IM00000000000000000000000ID-301170000079;;IM00000000000000000000000ID-301170000079;ID-301170000079;0;0;;;;;;;BAT;CLIENT;;AD00000000000000000000000ID-301170000079;;;;;0;;;;;;;;;;;;;;;;;
IM00000000000000000000000ID-30117000000L;;IM00000000000000000000000ID-30117000000L;ID-30117000000L;0;0;;;;;;;BAT;CLIENT;;AD00000000000000000000000ID-30117000000L;;;;;0;;;;;;;;;;;;;;;;;
IM00000000000000000000000ID-301170000041;;IM00000000000000000000000ID-301170000041;ID-301170000041;0;0;;;;;;;BAT;CLIENT;;AD00000000000000000000000ID-301170000041;;;;;0;;;;;;;;;;;;;;;;;
IM00000000000000000000000ID-30117000007Y;;IM00000000000000000000000ID-30117000007Y;ID-30117000007Y;0;0;;;;;;;BAT;CLIENT;;AD00000000000000000000000ID-30117000007Y;;;;;0;;;;;;;;;;;;;;;;;
IM00000000000000000000000ID-30117000004Y;;IM00000000000000000000000ID-30117000004Y;ID-30117000004Y;0;0;;;;;;;BAT;CLIENT;;AD00000000000000000000000ID-30117000004Y;;;;;0;;;;;;;;;;;;;;;;;
IM00000000000000000000000ID-30117000006E;;IM00000000000000000000000ID-30117000006E;ID-30117000006E;0;0;;;;;;;BAT;CLIENT;;AD00000000000000000000000ID-30117000006E;;;;;0;;;;;;;;;;;;;;;;;
IM00000000000000000000000ID-301170000023;;IM00000000000000000000000ID-301170000023;ID-301170000023;0;0;;;;;;;BAT;CLIENT;;AD00000000000000000000000ID-301170000023;;;;;0;;;;;;;;;;;;;;;;;
IM00000000000000000000000ID-301170000036;;IM00000000000000000000000ID-301170000036;ID-301170000036;0;0;;;;;;;BAT;CLIENT;;AD00000000000000000000000ID-301170000036;;;;;0;;;;;;;;;;;;;;;;;
IM00000000000000000000000ID-30117000003I;;IM00000000000000000000000ID-30117000003I;ID-30117000003I;0;0;;;;;;;BAT;CLIENT;;AD00000000000000000000000ID-30117000003I;;;;;0;;;;;;;;;;;;;;;;;
IM00000000000000000000000ID-3011700000QH;;IM00000000000000000000000ID-3011700000QH;ID-3011700000QH;0;0;;;;;;;BAT;CLIENT;;AD00000000000000000000000ID-3011700000QH;;;;;0;;;;;;;;;;;;;;;;;
IM00000000000000000000000ID-30117000003E;;IM00000000000000000000000ID-30117000003E;ID-30117000003E;0;0;;;;;;;BAT;CLIENT;;AD00000000000000000000000ID-30117000003E;;;;;0;;;;;;;;;;;;;;;;;
IM00000000000000000000000ID-301170000028;;IM00000000000000000000000ID-301170000028;ID-301170000028;0;0;;;;;;;BAT;CLIENT;;AD00000000000000000000000ID-301170000028;;;;;0;;;;;;;;;;;;;;;;;
IM00000000000000000000000ID-301170000045;;IM00000000000000000000000ID-301170000045;ID-301170000045;0;0;;;;;;;BAT;CLIENT;;AD00000000000000000000000ID-301170000045;;;;;0;;;;;;;;;;;;;;;;;
IM00000000000000000000000ID-3011700000QG;;IM00000000000000000000000ID-3011700000QG;ID-3011700000QG;0;0;;;;;;;BAT;CLIENT;;AD00000000000000000000000ID-3011700000QG;;;;;0;;;;;;;;;;;;;;;;;
IM00000000000000000000000ID-301170000012;;IM00000000000000000000000ID-301170000012;ID-301170000012;0;0;;;;;;;BAT;CLIENT;;AD00000000000000000000000ID-301170000012;;;;;0;;;;;;;;;;;;;;;;;
IM00000000000000000000000ID-301170000019;;IM00000000000000000000000ID-301170000019;ID-301170000019;0;0;;;;;;;BAT;CLIENT;;AD00000000000000000000000ID-301170000019;;;;;0;;;;;;;;;;;;;;;;;
IM00000000000000000000000ID-30117000007Q;;IM00000000000000000000000ID-30117000007Q;ID-30117000007Q;0;0;;;;;;;BAT;CLIENT;;AD00000000000000000000000ID-30117000007Q;;;;;0;;;;;;;;;;;;;;;;;
IM00000000000000000000000ID-30117000004C;;IM00000000000000000000000ID-30117000004C;ID-30117000004C;0;0;;;;;;;BAT;CLIENT;;AD00000000000000000000000ID-30117000004C;;;;;0;;;;;;;;;;;;;;;;;
IM00000000000000000000000ID-30117000000U;;IM00000000000000000000000ID-30117000000U;ID-30117000000U;0;0;;;;;;;BAT;CLIENT;;AD00000000000000000000000ID-30117000000U;;;;;0;;;;;;;;;;;;;;;;;
IM00000000000000000000000ID-301170000044;;IM00000000000000000000000ID-301170000044;ID-301170000044;0;0;;;;;;;BAT;CLIENT;;AD00000000000000000000000ID-301170000044;;;;;0;;;;;;;;;;;;;;;;;
IM00000000000000000000000ID-301170000018;;IM00000000000000000000000ID-301170000018;ID-301170000018;0;0;;;;;;;BAT;CLIENT;;AD00000000000000000000000ID-301170000018;;;;;0;;;;;;;;;;;;;;;;;
IM00000000000000000000000ID-30117000000Z;;IM00000000000000000000000ID-30117000000Z;ID-30117000000Z;0;0;;;;;;;BAT;CLIENT;;AD00000000000000000000000ID-30117000000Z;;;;;0;;;;;;;;;;;;;;;;;
IM00000000000000000000000ID-3011700000UQ;;IM00000000000000000000000ID-3011700000UQ;ID-3011700000UQ;0;0;;;;;;;BAT;CLIENT;;AD00000000000000000000000ID-3011700000UQ;;;;;0;;;;;;;;;;;;;;;;;
IM00000000000000000000000ID-30117000003K;;IM00000000000000000000000ID-30117000003K;ID-30117000003K;0;0;;;;;;;BAT;CLIENT;;AD00000000000000000000000ID-30117000003K;;;;;0;;;;;;;;;;;;;;;;;
IM00000000000000000000000ID-301170000042;;IM00000000000000000000000ID-301170000042;ID-301170000042;0;0;;;;;;;BAT;CLIENT;;AD00000000000000000000000ID-301170000042;;;;;0;;;;;;;;;;;;;;;;;
IM00000000000000000000000ID-30117000006F;;IM00000000000000000000000ID-30117000006F;ID-30117000006F;0;0;;;;;;;BAT;CLIENT;;AD00000000000000000000000ID-30117000006F;;;;;0;;;;;;;;;;;;;;;;;
IM00000000000000000000000ID-301170000052;;IM00000000000000000000000ID-301170000052;ID-301170000052;0;0;;;;;;;BAT;CLIENT;;AD00000000000000000000000ID-301170000052;;;;;0;;;;;;;;;;;;;;;;;
IM00000000000000000000000ID-30117000005Y;;IM00000000000000000000000ID-30117000005Y;ID-30117000005Y;0;0;;;;;;;BAT;CLIENT;;AD00000000000000000000000ID-30117000005Y;;;;;0;;;;;;;;;;;;;;;;;
IM00000000000000000000000ID-30117000003D;;IM00000000000000000000000ID-30117000003D;ID-30117000003D;0;0;;;;;;;BAT;CLIENT;;AD00000000000000000000000ID-30117000003D;;;;;0;;;;;;;;;;;;;;;;;
IM00000000000000000000000ID-301170000076;;IM00000000000000000000000ID-301170000076;ID-301170000076;0;0;;;;;;;BAT;CLIENT;;AD00000000000000000000000ID-301170000076;;;;;0;;;;;;;;;;;;;;;;;
IM00000000000000000000000ID-30117000000D;;IM00000000000000000000000ID-30117000000D;ID-30117000000D;0;0;;;;;;;BAT;CLIENT;;AD00000000000000000000000ID-30117000000D;;;;;0;;;;;;;;;;;;;;;;;
IM00000000000000000000000ID-30117000006S;;IM00000000000000000000000ID-30117000006S;ID-30117000006S;0;0;;;;;;;BAT;CLIENT;;AD00000000000000000000000ID-30117000006S;;;;;0;;;;;;;;;;;;;;;;;
IM00000000000000000000000ID-301170000084;;IM00000000000000000000000ID-301170000084;ID-301170000084;0;0;;;;;;;BAT;CLIENT;;AD00000000000000000000000ID-301170000084;;;;;0;;;;;;;;;;;;;;;;;
IM00000000000000000000000ID-301170000013;;IM00000000000000000000000ID-301170000013;ID-301170000013;0;0;;;;;;;BAT;CLIENT;;AD00000000000000000000000ID-301170000013;;;;;0;;;;;;;;;;;;;;;;;
IM00000000000000000000000ID-30117000002S;;IM00000000000000000000000ID-30117000002S;ID-30117000002S;0;0;;;;;;;BAT;CLIENT;;AD00000000000000000000000ID-30117000002S;;;;;0;;;;;;;;;;;;;;;;;
IM00000000000000000000000ID-30117000001E;;IM00000000000000000000000ID-30117000001E;ID-30117000001E;0;0;;;;;;;BAT;CLIENT;;AD00000000000000000000000ID-30117000001E;;;;;0;;;;;;;;;;;;;;;;;
IM00000000000000000000000ID-30117000003H;;IM00000000000000000000000ID-30117000003H;ID-30117000003H;0;0;;;;;;;BAT;CLIENT;;AD00000000000000000000000ID-30117000003H;;;;;0;;;;;;;;;;;;;;;;;
IM00000000000000000000000ID-30117000004I;;IM00000000000000000000000ID-30117000004I;ID-30117000004I;0;0;;;;;;;BAT;CLIENT;;AD00000000000000000000000ID-30117000004I;;;;;0;;;;;;;;;;;;;;;;;
IM00000000000000000000000ID-30117000003W;;IM00000000000000000000000ID-30117000003W;ID-30117000003W;0;0;;;;;;;BAT;CLIENT;;AD00000000000000000000000ID-30117000003W;;;;;0;;;;;;;;;;;;;;;;;
IM00000000000000000000000ID-30117000006R;;IM00000000000000000000000ID-30117000006R;ID-30117000006R;0;0;;;;;;;BAT;CLIENT;;AD00000000000000000000000ID-30117000006R;;;;;0;;;;;;;;;;;;;;;;;
IM00000000000000000000000ID-30117000002J;;IM00000000000000000000000ID-30117000002J;ID-30117000002J;0;0;;;;;;;BAT;CLIENT;;AD00000000000000000000000ID-30117000002J;;;;;0;;;;;;;;;;;;;;;;;
IM00000000000000000000000ID-30117000004W;;IM00000000000000000000000ID-30117000004W;ID-30117000004W;0;0;;;;;;;BAT;CLIENT;;AD00000000000000000000000ID-30117000004W;;;;;0;;;;;;;;;;;;;;;;;
IM00000000000000000000000ID-30117000004X;;IM00000000000000000000000ID-30117000004X;ID-30117000004X;0;0;;;;;;;BAT;CLIENT;;AD00000000000000000000000ID-30117000004X;;;;;0;;;;;;;;;;;;;;;;;
