﻿lc_code;lc_bp_codf;lc_bp_codp;lc_codeext;lc_abandon;lc_prop;lc_gest;lc_statut;lc_dateins;lc_elec;lc_bat;lc_escal;lc_etage;lc_avct;lc_perirec;lc_etiquet;lc_st_code;lc_typelog;lc_proptyp;lc_user;lc_etat;lc_datemes;lc_local;lc_clim;lc_occp;lc_idmajic;lc_abddate;lc_abdsrc;lc_comment;lc_creadat;lc_majdate;lc_majsrc
RO000023530937;;;;0;PSIT0000000125;GSIT0000000140;;;;;ESCALIER-HABITATION;ETAGE-HABITATION;;;;IM00000000000000000000000ID-3011700000D1;TEC;;;;;;;;;;;;;;
RO000026382145;;;;0;PSIT0000000125;GSIT0000000140;;;;;HABITATION;HABITATION;;;;IM00000000000000000000000ID-3011700000TU;TEC;;;;;;;;;;;;;;
RO000033972212;;;;0;PSIT0000000125;GSIT0000000140;;;;;ESCALIER-1;ETAGE-1;;;;IM00000000000000000000000ID-3011700000D7;TEC;;;;;;;;;;;;;;
RO000028996548;;;;0;PSIT0000000125;GSIT0000000140;;;;;ESCALIER-1;ETAGE-RDC;;;;IM00000000000000000000000ID-30117000000A;TEC;;;;;;;;;;;;;;
RO000026577663;;;;0;PSIT0000000125;GSIT0000000140;;;;;ESCALIER-A;ETAGE-RDC;;;;IM00000000000000000000000ID-3011700000C8;TEC;;;;;;;;;;;;;;
PTO00050041811;BL000008039826;;;0;;;;;;;HABITATION;HABITATION;;;;IM00000000000000000000000ID-3011700000C7;FTTH;;;;;;;;;;;;;;
PTO00041789541;BL000008039924;;;0;;;;;;;HABITATION;HABITATION;;;;IM00000000000000000000000ID-30117000009G;FTTH;;;;;;;;;;;;;;
PTO00096409241;BL000008039546;;;0;;;;;;;HABITATION;HABITATION;;;;IM00000000000000000000000ID-3011700000UL;FTTH;;;;;;;;;;;;;;
PTO00047199041;BL000008039866;;;0;;;;;;;HABITATION;HABITATION;;;;IM00000000000000000000000ID-3011700000P9;FTTH;;;;;;;;;;;;;;
PTO00032431451;BL000008039883;;;0;;;;;;;HABITATION;HABITATION;;;;IM00000000000000000000000ID-30117000008S;FTTH;;;;;;;;;;;;;;
PTO00092417251;BL000008039861;;;0;;;;;;;HABITATION;HABITATION;;;;IM00000000000000000000000ID-3011700000UA;FTTH;;;;;;;;;;;;;;
PTO00083170411;BL000008039868;;;0;;;;;;;HABITATION;HABITATION;;;;IM00000000000000000000000ID-3011700000AC;FTTH;;;;;;;;;;;;;;
PTO00039197501;BL000008039892;;;0;;;;;;;HABITATION;HABITATION;;;;IM00000000000000000000000ID-3011700000A4;FTTH;;;;;;;;;;;;;;
PTO00024823181;BL000008039867;;;0;;;;;;;HABITATION;HABITATION;;;;IM00000000000000000000000ID-3011700000AA;FTTH;;;;;;;;;;;;;;
PTO00017301201;BL000008039869;;;0;;;;;;;HABITATION;HABITATION;;;;IM00000000000000000000000ID-3011700000AH;FTTH;;;;;;;;;;;;;;
PTO00044843701;BL000008039865;;;0;;;;;;;HABITATION;HABITATION;;;;IM00000000000000000000000ID-3011700000C0;FTTH;;;;;;;;;;;;;;
PTO00053241611;BL000008039879;;;0;;;;;;;HABITATION;HABITATION;;;;IM00000000000000000000000ID-30117000009Y;FTTH;;;;;;;;;;;;;;
PTO00044816211;BL000008039838;;;0;;;;;;;HABITATION;HABITATION;;;;IM00000000000000000000000ID-3011700000AN;FTTH;;;;;;;;;;;;;;
PTO00044900711;BL000008039838;;;0;;;;;;;HABITATION;HABITATION;;;;IM00000000000000000000000ID-3011700000AO;FTTH;;;;;;;;;;;;;;
PTO00081551621;BL000008039875;;;0;;;;;;;HABITATION;HABITATION;;;;IM00000000000000000000000ID-3011700000BO;FTTH;;;;;;;;;;;;;;
PTO00050072921;BL000008039884;;;0;;;;;;;HABITATION;HABITATION;;;;IM00000000000000000000000ID-30117000008R;FTTH;;;;;;;;;;;;;;
PTO00049993551;BL000008039884;;;0;;;;;;;HABITATION;HABITATION;;;;IM00000000000000000000000ID-30117000008T;FTTH;;;;;;;;;;;;;;
PTO00063277001;BL000008039550;;;0;;;;;;;HABITATION;HABITATION;;;;IM00000000000000000000000ID-3011700000TM;FTTH;;;;;;;;;;;;;;
PTO00008903281;BL000008039878;;;0;;;;;;;HABITATION;HABITATION;;;;IM00000000000000000000000ID-3011700000CB;FTTH;;;;;;;;;;;;;;
PTO00044816371;BL000008039878;;;0;;;;;;;HABITATION;HABITATION;;;;IM00000000000000000000000ID-3011700000CS;FTTH;;;;;;;;;;;;;;
PTO00063282041;BL000008039857;;;0;;;;;;;HABITATION;HABITATION;;;;IM00000000000000000000000ID-3011700000UR;FTTH;;;;;;;;;;;;;;
PTO00014567981;BL000008039886;;;0;;;;;;;HABITATION;HABITATION;;;;IM00000000000000000000000ID-3011700000A9;FTTH;;;;;;;;;;;;;;
PTO00014573051;BL000008039886;;;0;;;;;;;HABITATION;HABITATION;;;;IM00000000000000000000000ID-3011700000AT;FTTH;;;;;;;;;;;;;;
PTO00092960971;BL000008039910;;;0;;;;;;;HABITATION;HABITATION;;;;IM00000000000000000000000ID-3011700000TH;FTTH;;;;;;;;;;;;;;
PTO00040006811;BL000008039922;;;0;;;;;;;HABITATION;HABITATION;;;;IM00000000000000000000000ID-3011700000U9;FTTH;;;;;;;;;;;;;;
PTO00063282191;BL000008039862;;;0;;;;;;;HABITATION;HABITATION;;;;IM00000000000000000000000ID-3011700000UF;FTTH;;;;;;;;;;;;;;
PTO00025849161;BL000008039837;;;0;;;;;;;HABITATION;HABITATION;;;;IM00000000000000000000000ID-3011700000BG;FTTH;;;;;;;;;;;;;;
PTO00030697371;BL000008039836;;;0;;;;;;;HABITATION;HABITATION;;;;IM00000000000000000000000ID-3011700000TJ;FTTH;;;;;;;;;;;;;;
PTO00017049701;BL000008039928;;;0;;;;;;;HABITATION;HABITATION;;;;IM00000000000000000000000ID-30117000009H;FTTH;;;;;;;;;;;;;;
PTO00038139491;BL000008039880;;;0;;;;;;;HABITATION;HABITATION;;;;IM00000000000000000000000ID-3011700000CK;FTTH;;;;;;;;;;;;;;
PTO00058893421;BL000008039872;;;0;;;;;;;HABITATION;HABITATION;;;;IM00000000000000000000000ID-3011700000CW;FTTH;;;;;;;;;;;;;;
PTO00088846261;BL000008039864;;;0;;;;;;;HABITATION;HABITATION;;;;IM00000000000000000000000ID-30117000009Z;FTTH;;;;;;;;;;;;;;
PTO00099647831;BL000008039866;;;0;;;;;;;HABITATION;HABITATION;;;;IM00000000000000000000000ID-3011700000BM;FTTH;;;;;;;;;;;;;;
PTO00026149451;BL000008039870;;;0;;;;;;;HABITATION;HABITATION;;;;IM00000000000000000000000ID-3011700000CZ;FTTH;;;;;;;;;;;;;;
PTO00028573011;BL000008039891;;;0;;;;;;;HABITATION;HABITATION;;;;IM00000000000000000000000ID-3011700000AL;FTTH;;;;;;;;;;;;;;
PTO00063282201;BL000008039860;;;0;;;;;;;HABITATION;HABITATION;;;;IM00000000000000000000000ID-3011700000TR;FTTH;;;;;;;;;;;;;;
PTO00040722291;BL000008039868;;;0;;;;;;;HABITATION;HABITATION;;;;IM00000000000000000000000ID-3011700000AE;FTTH;;;;;;;;;;;;;;
PTO00010691621;BL000008039871;;;0;;;;;;;HABITATION;HABITATION;;;;IM00000000000000000000000ID-3011700000CU;FTTH;;;;;;;;;;;;;;
PTO00044585031;BL000008039937;;;0;;;;;;;HABITATION;HABITATION;;;;IM00000000000000000000000ID-3011700000U2;FTTH;;;;;;;;;;;;;;
PTO00052067361;BL000008039889;;;0;;;;;;;HABITATION;HABITATION;;;;IM00000000000000000000000ID-3011700000BC;FTTH;;;;;;;;;;;;;;
PTO00052039731;BL000008039889;;;0;;;;;;;HABITATION;HABITATION;;;;IM00000000000000000000000ID-3011700000CF;FTTH;;;;;;;;;;;;;;
PTO00044893831;BL000008039865;;;0;;;;;;;HABITATION;HABITATION;;;;IM00000000000000000000000ID-3011700000BX;FTTH;;;;;;;;;;;;;;
PTO00093146111;BL000008039875;;;0;;;;;;;HABITATION;HABITATION;;;;IM00000000000000000000000ID-3011700000CH;FTTH;;;;;;;;;;;;;;
PTO00050090691;BL000008039884;;;0;;;;;;;HABITATION;HABITATION;;;;IM00000000000000000000000ID-301170000090;FTTH;;;;;;;;;;;;;;
PTO00082928371;BL000019448811;;;0;;;;;;;HABITATION;HABITATION;;;;IM00000000000000000000000ID-3011700000D4;FTTH;;;;;;;;;;;;;;
PTO00091678191;BL000008039908;;;0;;;;;;;HABITATION;HABITATION;;;;IM00000000000000000000000ID-3011700000TA;FTTH;;;;;;;;;;;;;;
PTO00049378341;BL000008039876;;;0;;;;;;;HABITATION;HABITATION;;;;IM00000000000000000000000ID-3011700000CY;FTTH;;;;;;;;;;;;;;
PTO00058934401;BL000008039878;;;0;;;;;;;HABITATION;HABITATION;;;;IM00000000000000000000000ID-301170000129;FTTH;;;;;;;;;;;;;;
PTO00039240161;BL000008039896;;;0;;;;;;;HABITATION;HABITATION;;;;IM00000000000000000000000ID-3011700000A5;FTTH;;;;;;;;;;;;;;
PTO00039266391;BL000008039896;;;0;;;;;;;HABITATION;HABITATION;;;;IM00000000000000000000000ID-3011700000B2;FTTH;;;;;;;;;;;;;;
PTO00039203551;BL000008039896;;;0;;;;;;;HABITATION;HABITATION;;;;IM00000000000000000000000ID-3011700000AV;FTTH;;;;;;;;;;;;;;
PTO00014573011;BL000008039886;;;0;;;;;;;HABITATION;HABITATION;;;;IM00000000000000000000000ID-3011700000AU;FTTH;;;;;;;;;;;;;;
PTO00057928061;BL000019453921;;;0;;;;;;;HABITATION;HABITATION;;;;IM00000000000000000000000ID-3011700000UB;FTTH;;;;;;;;;;;;;;
PTO00051375511;BL000008039825;;;0;;;;;;;HABITATION;HABITATION;;;;IM00000000000000000000000ID-3011700000CL;FTTH;;;;;;;;;;;;;;
PTO00057928101;BL000008039890;;;0;;;;;;;HABITATION;HABITATION;;;;IM00000000000000000000000ID-3011700000PI;FTTH;;;;;;;;;;;;;;
PTO00025568991;BL000008039837;;;0;;;;;;;HABITATION;HABITATION;;;;IM00000000000000000000000ID-3011700000BG;FTTH;;;;;;;;;;;;;;
PTO00025624421;BL000008039837;;;0;;;;;;;HABITATION;HABITATION;;;;IM00000000000000000000000ID-3011700000AQ;FTTH;;;;;;;;;;;;;;
PTO00095607961;BL000023484322;;;0;;;;;;;HABITATION;HABITATION;;;;IM00000000000000000000000ID-30117000015E;FTTH;;;;;;;;;;;;;;
PTO00043180431;BL000008039894;;;0;;;;;;;HABITATION;HABITATION;;;;IM00000000000000000000000ID-30117000009M;FTTH;;;;;;;;;;;;;;
PTO00086627561;BL000020315361;;;0;;;;;;;ESCALIER-1;ETAGE-1;;;;IM00000000000000000000000ID-30117000000A;FTTH;;;;;;;;;;;;;;
PTO00079397931;BL000018543854;;;0;;;;;;;ESCALIER-A;ETAGE-1;;;;IM00000000000000000000000ID-3011700000C8;FTTH;;;;;;;;;;;;;;
PTO00088943791;BL000023870882;;;0;;;;;;;ESCALIER-1;ETAGE-1;;;;IM00000000000000000000000ID-3011700000D7;FTTH;;;;;;;;;;;;;;
PTO00050098071;BL000008039826;;;0;;;;;;;HABITATION;HABITATION;;;;IM00000000000000000000000ID-3011700000CM;FTTH;;;;;;;;;;;;;;
PTO00068003771;BL000008039548;;;0;;;;;;;HABITATION;HABITATION;;;;IM00000000000000000000000ID-3011700000UL;FTTH;;;;;;;;;;;;;;
PTO00008337101;BL000008039885;;;0;;;;;;;HABITATION;HABITATION;;;;IM00000000000000000000000ID-3011700000BJ;FTTH;;;;;;;;;;;;;;
PTO00087470121;BL000008039924;;;0;;;;;;;HABITATION;HABITATION;;;;IM00000000000000000000000ID-30117000009F;FTTH;;;;;;;;;;;;;;
PTO00063282241;BL000008039546;;;0;;;;;;;HABITATION;HABITATION;;;;IM00000000000000000000000ID-3011700000UK;FTTH;;;;;;;;;;;;;;
PTO00025990191;BL000008039870;;;0;;;;;;;HABITATION;HABITATION;;;;IM00000000000000000000000ID-3011700000CV;FTTH;;;;;;;;;;;;;;
PTO00100361201;BL000008039891;;;0;;;;;;;HABITATION;HABITATION;;;;IM00000000000000000000000ID-3011700000B9;FTTH;;;;;;;;;;;;;;
PTO00079772211;BL000008039892;;;0;;;;;;;HABITATION;HABITATION;;;;IM00000000000000000000000ID-3011700000AW;FTTH;;;;;;;;;;;;;;
PTO00039266311;BL000008039892;;;0;;;;;;;HABITATION;HABITATION;;;;IM00000000000000000000000ID-3011700000AV;FTTH;;;;;;;;;;;;;;
PTO00063282331;BL000008039858;;;0;;;;;;;HABITATION;HABITATION;;;;IM00000000000000000000000ID-3011700000TQ;FTTH;;;;;;;;;;;;;;
PTO00017243901;BL000008039869;;;0;;;;;;;HABITATION;HABITATION;;;;IM00000000000000000000000ID-3011700000B7;FTTH;;;;;;;;;;;;;;
PTO00017176141;BL000008039869;;;0;;;;;;;HABITATION;HABITATION;;;;IM00000000000000000000000ID-3011700000AH;FTTH;;;;;;;;;;;;;;
PTO00017185881;BL000008039869;;;0;;;;;;;HABITATION;HABITATION;;;;IM00000000000000000000000ID-3011700000AI;FTTH;;;;;;;;;;;;;;
PTO00040329681;BL000008039874;;;0;;;;;;;HABITATION;HABITATION;;;;IM00000000000000000000000ID-3011700000BH;FTTH;;;;;;;;;;;;;;
PTO00050216241;BL000008039929;;;0;;;;;;;HABITATION;HABITATION;;;;IM00000000000000000000000ID-30117000009J;FTTH;;;;;;;;;;;;;;
PTO00091317751;BL000008039939;;;0;;;;;;;HABITATION;HABITATION;;;;IM00000000000000000000000ID-3011700000UE;FTTH;;;;;;;;;;;;;;
PTO00002122591;BL000008039923;;;0;;;;;;;HABITATION;HABITATION;;;;IM00000000000000000000000ID-3011700000US;FTTH;;;;;;;;;;;;;;
PTO00032548771;BL000008039926;;;0;;;;;;;HABITATION;HABITATION;;;;IM00000000000000000000000ID-30117000009D;FTTH;;;;;;;;;;;;;;
PTO00082242661;BL000019448811;;;0;;;;;;;HABITATION;HABITATION;;;;IM00000000000000000000000ID-3011700000D4;FTTH;;;;;;;;;;;;;;
PTO00051752221;BL000008039893;;;0;;;;;;;HABITATION;HABITATION;;;;IM00000000000000000000000ID-3011700000CO;FTTH;;;;;;;;;;;;;;
PTO00005152231;BL000008039895;;;0;;;;;;;HABITATION;HABITATION;;;;IM00000000000000000000000ID-3011700000B4;FTTH;;;;;;;;;;;;;;
PTO00040145381;BL000008039922;;;0;;;;;;;HABITATION;HABITATION;;;;IM00000000000000000000000ID-3011700000U8;FTTH;;;;;;;;;;;;;;
PTO00034722541;BL000008039890;;;0;;;;;;;HABITATION;HABITATION;;;;IM00000000000000000000000ID-3011700000CC;FTTH;;;;;;;;;;;;;;
PTO00095681851;BL000020315361;;;0;;;;;;;ESCALIER-1;ETAGE-1;;;;IM00000000000000000000000ID-30117000000A;FTTH;;;;;;;;;;;;;;
PTO00050100001;BL000008039826;;;0;;;;;;;HABITATION;HABITATION;;;;IM00000000000000000000000ID-3011700000CN;FTTH;;;;;;;;;;;;;;
PTO00091233651;BL000008039547;;;0;;;;;;;HABITATION;HABITATION;;;;IM00000000000000000000000ID-3011700000U0;FTTH;;;;;;;;;;;;;;
PTO00004350201;BL000008039864;;;0;;;;;;;HABITATION;HABITATION;;;;IM00000000000000000000000ID-3011700000U2;FTTH;;;;;;;;;;;;;;
PTO00081510851;BL000008039870;;;0;;;;;;;HABITATION;HABITATION;;;;IM00000000000000000000000ID-3011700000CV;FTTH;;;;;;;;;;;;;;
PTO00063276941;BL000008039861;;;0;;;;;;;HABITATION;HABITATION;;;;IM00000000000000000000000ID-3011700000TT;FTTH;;;;;;;;;;;;;;
PTO00098937281;BL000008039858;;;0;;;;;;;HABITATION;HABITATION;;;;IM00000000000000000000000ID-3011700000TQ;FTTH;;;;;;;;;;;;;;
PTO00091601061;BL000008039858;;;0;;;;;;;HABITATION;HABITATION;;;;IM00000000000000000000000ID-3011700000TQ;FTTH;;;;;;;;;;;;;;
PTO00051373111;BL000008039825;;;0;;;;;;;HABITATION;HABITATION;;;;IM00000000000000000000000ID-3011700000BV;FTTH;;;;;;;;;;;;;;
PTO00051426371;BL000008039825;;;0;;;;;;;HABITATION;HABITATION;;;;IM00000000000000000000000ID-3011700000CE;FTTH;;;;;;;;;;;;;;
PTO00051343151;BL000008039825;;;0;;;;;;;HABITATION;HABITATION;;;;IM00000000000000000000000ID-3011700000BW;FTTH;;;;;;;;;;;;;;
PTO00034656381;BL000008039890;;;0;;;;;;;HABITATION;HABITATION;;;;IM00000000000000000000000ID-3011700000CD;FTTH;;;;;;;;;;;;;;
PTO00043177281;BL000008039894;;;0;;;;;;;HABITATION;HABITATION;;;;IM00000000000000000000000ID-301170000096;FTTH;;;;;;;;;;;;;;
PTO00055330441;BL000018543854;;;0;;;;;;;ESCALIER-A;ETAGE-1;;;;IM00000000000000000000000ID-3011700000C8;FTTH;;;;;;;;;;;;;;
PTO00037866801;BL000016319846;;;0;;;;;;;ESCALIER-HABITATION;ETAGE-HABITATION;;;;IM00000000000000000000000ID-3011700000D1;FTTH;;;;;;;;;;;;;;
LC000000000001;BL000008039836;;;0;;;;;;;HABITATION;HABITATION;;;;IM00000000000000000000000ID-3011700000TJ;FTTH;;;;;;;;;;;;;;
LC000000000002;BL000008039870;;;0;;;;;;;HABITATION;HABITATION;;;;IM00000000000000000000000ID-3011700000CZ;FTTH;;;;;;;;;;;;;;
LC000000000003;BL000023484322;;;0;;;;;;;HABITATION;HABITATION;;;;IM00000000000000000000000ID-30117000015E;FTTH;;;;;;;;;;;;;;
LC000000000004;BL000023484322;;;0;;;;;;;HABITATION;HABITATION;;;;IM00000000000000000000000ID-30117000015E;FTTH;;;;;;;;;;;;;;
LC000000000005;BL000023484322;;;0;;;;;;;HABITATION;HABITATION;;;;IM00000000000000000000000ID-30117000015E;FTTH;;;;;;;;;;;;;;
LC000000000006;BL000023484322;;;0;;;;;;;HABITATION;HABITATION;;;;IM00000000000000000000000ID-30117000015E;FTTH;;;;;;;;;;;;;;
LC000000000007;BL000008039871;;;0;;;;;;;HABITATION;HABITATION;;;;IM00000000000000000000000ID-3011700000CU;FTTH;;;;;;;;;;;;;;
LC000000000008;BL000008039907;;;0;;;;;;;HABITATION;HABITATION;;;;IM00000000000000000000000ID-3011700000UJ;FTTH;;;;;;;;;;;;;;
LC000000000009;BL000008039907;;;0;;;;;;;HABITATION;HABITATION;;;;IM00000000000000000000000ID-3011700000UJ;FTTH;;;;;;;;;;;;;;
LC000000000010;BL000008039907;;;0;;;;;;;HABITATION;HABITATION;;;;IM00000000000000000000000ID-3011700000UJ;FTTH;;;;;;;;;;;;;;
LC000000000011;BL000008039876;;;0;;;;;;;HABITATION;HABITATION;;;;IM00000000000000000000000ID-3011700000BP;FTTH;;;;;;;;;;;;;;
LC000000000012;BL000008039863;;;0;;;;;;;HABITATION;HABITATION;;;;IM00000000000000000000000ID-3011700000TF;FTTH;;;;;;;;;;;;;;
LC000000000013;BL000008039863;;;0;;;;;;;HABITATION;HABITATION;;;;IM00000000000000000000000ID-3011700000TF;FTTH;;;;;;;;;;;;;;
LC000000000014;BL000008039883;;;0;;;;;;;HABITATION;HABITATION;;;;IM00000000000000000000000ID-30117000008U;FTTH;;;;;;;;;;;;;;
LC000000000015;BL000008039931;;;0;;;;;;;HABITATION;HABITATION;;;;IM00000000000000000000000ID-30117000009S;FTTH;;;;;;;;;;;;;;
LC000000000016;BL000012500626;;;0;;;;;;;HABITATION;HABITATION;;;;IM00000000000000000000000ID-3011700000U4;FTTH;;;;;;;;;;;;;;
LC000000000017;BL000012500626;;;0;;;;;;;HABITATION;HABITATION;;;;IM00000000000000000000000ID-3011700000U4;FTTH;;;;;;;;;;;;;;
LC000000000018;BL000008039837;;;0;;;;;;;HABITATION;HABITATION;;;;IM00000000000000000000000ID-3011700000BD;FTTH;;;;;;;;;;;;;;
LC000000000019;BL000008039546;;;0;;;;;;;HABITATION;HABITATION;;;;IM00000000000000000000000ID-3011700000UM;FTTH;;;;;;;;;;;;;;
LC000000000020;BL000008039928;;;0;;;;;;;HABITATION;HABITATION;;;;IM00000000000000000000000ID-30117000008X;FTTH;;;;;;;;;;;;;;
LC000000000021;BL000020315361;;;0;;;;;;;ESCALIER-1;ETAGE-RDC;;;;IM00000000000000000000000ID-30117000000A;FTTH;;;;;;;;;;;;;;
LC000000000022;BL000020315361;;;0;;;;;;;ESCALIER-1;ETAGE-RDC;;;;IM00000000000000000000000ID-30117000000A;FTTH;;;;;;;;;;;;;;
LC000000000023;BL000020315361;;;0;;;;;;;ESCALIER-1;ETAGE-RDC;;;;IM00000000000000000000000ID-30117000000A;FTTH;;;;;;;;;;;;;;
LC000000000024;BL000020315361;;;0;;;;;;;ESCALIER-1;ETAGE-RDC;;;;IM00000000000000000000000ID-30117000000A;FTTH;;;;;;;;;;;;;;
LC000000000025;BL000023870882;;;0;;;;;;;ESCALIER-1;ETAGE-1;;;;IM00000000000000000000000ID-3011700000D7;FTTH;;;;;;;;;;;;;;
LC000000000026;BL000023870882;;;0;;;;;;;ESCALIER-1;ETAGE-1;;;;IM00000000000000000000000ID-3011700000D7;FTTH;;;;;;;;;;;;;;
LC000000000027;BL000008039921;;;0;;;;;;;HABITATION;HABITATION;;;;IM00000000000000000000000ID-3011700000CI;FTTH;;;;;;;;;;;;;;
LC000000000028;BL000008039921;;;0;;;;;;;HABITATION;HABITATION;;;;IM00000000000000000000000ID-3011700000CI;FTTH;;;;;;;;;;;;;;
LC000000000029;BL000008039839;;;0;;;;;;;HABITATION;HABITATION;;;;IM00000000000000000000000ID-3011700000P7;FTTH;;;;;;;;;;;;;;
LC000000000030;BL000008039877;;;0;;;;;;;HABITATION;HABITATION;;;;IM00000000000000000000000ID-30117000015L;FTTH;;;;;;;;;;;;;;
LC000000000031;BL000008039839;;;0;;;;;;;HABITATION;HABITATION;;;;IM00000000000000000000000ID-3011700000CJ;FTTH;;;;;;;;;;;;;;
LC000000000032;BL000008039868;;;0;;;;;;;HABITATION;HABITATION;;;;IM00000000000000000000000ID-3011700000PB;FTTH;;;;;;;;;;;;;;
LC000000000033;BL000008039868;;;0;;;;;;;HABITATION;HABITATION;;;;IM00000000000000000000000ID-3011700000PB;FTTH;;;;;;;;;;;;;;
LC000000000034;BL000023870882;;;0;;;;;;;ESCALIER-A;ETAGE-1;;;;IM00000000000000000000000ID-3011700000C8;FTTH;;;;;;;;;;;;;;
LC000000000035;BL000008039877;;;0;;;;;;;HABITATION;HABITATION;;;;IM00000000000000000000000ID-3011700000BR;FTTH;;;;;;;;;;;;;;
LC000000000036;BL000008039938;;;0;;;;;;;HABITATION;HABITATION;;;;IM00000000000000000000000ID-30117000015H;FTTH;;;;;;;;;;;;;;
LC000000000037;BL000008039877;;;0;;;;;;;HABITATION;HABITATION;;;;IM00000000000000000000000ID-3011700000C9;FTTH;;;;;;;;;;;;;;
LC000000000038;BL000008039877;;;0;;;;;;;HABITATION;HABITATION;;;;IM00000000000000000000000ID-3011700000C9;FTTH;;;;;;;;;;;;;;
LC000000000039;BL000008039551;;;0;;;;;;;HABITATION;HABITATION;;;;IM00000000000000000000000ID-3011700000TN;FTTH;;;;;;;;;;;;;;
LC000000000040;BL000008039876;;;0;;;;;;;HABITATION;HABITATION;;;;IM00000000000000000000000ID-3011700000D0;FTTH;;;;;;;;;;;;;;
LC000000000041;BL000008039547;;;0;;;;;;;HABITATION;HABITATION;;;;IM00000000000000000000000ID-3011700000U0;FTTH;;;;;;;;;;;;;;
LC000000000042;BL000008039547;;;0;;;;;;;HABITATION;HABITATION;;;;IM00000000000000000000000ID-3011700000U0;FTTH;;;;;;;;;;;;;;
LC000000000043;BL000008039937;;;0;;;;;;;HABITATION;HABITATION;;;;IM00000000000000000000000ID-3011700000U2;FTTH;;;;;;;;;;;;;;
LC000000000044;BL000008039937;;;0;;;;;;;HABITATION;HABITATION;;;;IM00000000000000000000000ID-3011700000U2;FTTH;;;;;;;;;;;;;;
LC000000000045;BL000008039937;;;0;;;;;;;HABITATION;HABITATION;;;;IM00000000000000000000000ID-3011700000U2;FTTH;;;;;;;;;;;;;;
LC000000000046;BL000008039937;;;0;;;;;;;HABITATION;HABITATION;;;;IM00000000000000000000000ID-3011700000U2;FTTH;;;;;;;;;;;;;;
LC000000000047;BL000008039890;;;0;;;;;;;HABITATION;HABITATION;;;;IM00000000000000000000000ID-3011700000CC;FTTH;;;;;;;;;;;;;;
LC000000000048;BL000008039896;;;0;;;;;;;HABITATION;HABITATION;;;;IM00000000000000000000000ID-3011700000A6;FTTH;;;;;;;;;;;;;;
LC000000000049;BL000008039867;;;0;;;;;;;HABITATION;HABITATION;;;;IM00000000000000000000000ID-3011700000A7;FTTH;;;;;;;;;;;;;;
LC000000000050;BL000008039889;;;0;;;;;;;HABITATION;HABITATION;;;;IM00000000000000000000000ID-3011700000BD;FTTH;;;;;;;;;;;;;;
LC000000000051;BL000008039889;;;0;;;;;;;HABITATION;HABITATION;;;;IM00000000000000000000000ID-3011700000BD;FTTH;;;;;;;;;;;;;;
LC000000000052;BL000008039882;;;0;;;;;;;HABITATION;HABITATION;;;;IM00000000000000000000000ID-30117000009N;FTTH;;;;;;;;;;;;;;
LC000000000053;BL000008039932;;;0;;;;;;;HABITATION;HABITATION;;;;IM00000000000000000000000ID-30117000009K;FTTH;;;;;;;;;;;;;;
LC000000000054;BL000008039870;;;0;;;;;;;HABITATION;HABITATION;;;;IM00000000000000000000000ID-3011700000CX;FTTH;;;;;;;;;;;;;;
LC000000000055;BL000008039881;;;0;;;;;;;HABITATION;HABITATION;;;;IM00000000000000000000000ID-30117000008K;FTTH;;;;;;;;;;;;;;
LC000000000056;BL000008039870;;;0;;;;;;;HABITATION;HABITATION;;;;IM00000000000000000000000ID-3011700000UI;FTTH;;;;;;;;;;;;;;
LC000000000057;BL000008039870;;;0;;;;;;;HABITATION;HABITATION;;;;IM00000000000000000000000ID-3011700000UI;FTTH;;;;;;;;;;;;;;
LC000000000058;BL000008039907;;;0;;;;;;;HABITATION;HABITATION;;;;IM00000000000000000000000ID-3011700000U3;FTTH;;;;;;;;;;;;;;
LC000000000059;BL000008039907;;;0;;;;;;;HABITATION;HABITATION;;;;IM00000000000000000000000ID-3011700000U3;FTTH;;;;;;;;;;;;;;
LC000000000060;BL000008039549;;;0;;;;;;;HABITATION;HABITATION;;;;IM00000000000000000000000ID-3011700000U1;FTTH;;;;;;;;;;;;;;
LC000000000061;BL000008039895;;;0;;;;;;;HABITATION;HABITATION;;;;IM00000000000000000000000ID-3011700000B5;FTTH;;;;;;;;;;;;;;
LC000000000062;BL000008039859;;;0;;;;;;;HABITATION;HABITATION;;;;IM00000000000000000000000ID-3011700000UC;FTTH;;;;;;;;;;;;;;
LC000000000063;BL000008039216;;;0;;;;;;;HABITATION;HABITATION;;;;IM00000000000000000000000ID-3011700000C2;FTTH;;;;;;;;;;;;;;
LC000000000064;BL000008039838;;;0;;;;;;;HABITATION;HABITATION;;;;IM00000000000000000000000ID-3011700000BT;FTTH;;;;;;;;;;;;;;
LC000000000065;BL000008039857;;;0;;;;;;;HABITATION;HABITATION;;;;IM00000000000000000000000ID-3011700000UR;FTTH;;;;;;;;;;;;;;
LC000000000066;BL000008039890;;;0;;;;;;;HABITATION;HABITATION;;;;IM00000000000000000000000ID-3011700000CD;FTTH;;;;;;;;;;;;;;
LC000000000067;BL000008039861;;;0;;;;;;;HABITATION;HABITATION;;;;IM00000000000000000000000ID-3011700000TS;FTTH;;;;;;;;;;;;;;
LC000000000068;BL000008039861;;;0;;;;;;;HABITATION;HABITATION;;;;IM00000000000000000000000ID-3011700000TS;FTTH;;;;;;;;;;;;;;
LC000000000069;BL000008039876;;;0;;;;;;;HABITATION;HABITATION;;;;IM00000000000000000000000ID-3011700000BQ;FTTH;;;;;;;;;;;;;;
LC000000000070;BL000008039895;;;0;;;;;;;HABITATION;HABITATION;;;;IM00000000000000000000000ID-3011700000AZ;FTTH;;;;;;;;;;;;;;
LC000000000071;BL000008039867;;;0;;;;;;;HABITATION;HABITATION;;;;IM00000000000000000000000ID-3011700000AB;FTTH;;;;;;;;;;;;;;
LC000000000072;BL000008039550;;;0;;;;;;;HABITATION;HABITATION;;;;IM00000000000000000000000ID-3011700000P8;FTTH;;;;;;;;;;;;;;
LC000000000073;BL000008039877;;;0;;;;;;;HABITATION;HABITATION;;;;IM00000000000000000000000ID-3011700000D0;FTTH;;;;;;;;;;;;;;
LC000000000074;BL000008039877;;;0;;;;;;;HABITATION;HABITATION;;;;IM00000000000000000000000ID-3011700000D0;FTTH;;;;;;;;;;;;;;
LC000000000075;BL000008039877;;;0;;;;;;;HABITATION;HABITATION;;;;IM00000000000000000000000ID-3011700000D0;FTTH;;;;;;;;;;;;;;
LC000000000076;BL000008039875;;;0;;;;;;;HABITATION;HABITATION;;;;IM00000000000000000000000ID-3011700000UG;FTTH;;;;;;;;;;;;;;
LC000000000077;BL000008039938;;;0;;;;;;;HABITATION;HABITATION;;;;IM00000000000000000000000ID-3011700000TW;FTTH;;;;;;;;;;;;;;
LC000000000078;BL000008039938;;;0;;;;;;;HABITATION;HABITATION;;;;IM00000000000000000000000ID-3011700000TW;FTTH;;;;;;;;;;;;;;
LC000000000079;BL000008039938;;;0;;;;;;;HABITATION;HABITATION;;;;IM00000000000000000000000ID-3011700000TW;FTTH;;;;;;;;;;;;;;
LC000000000080;BL000008039938;;;0;;;;;;;HABITATION;HABITATION;;;;IM00000000000000000000000ID-3011700000TW;FTTH;;;;;;;;;;;;;;
LC000000000081;BL000012500626;;;0;;;;;;;HABITATION;HABITATION;;;;IM00000000000000000000000ID-3011700000TZ;FTTH;;;;;;;;;;;;;;
LC000000000082;BL000012500626;;;0;;;;;;;HABITATION;HABITATION;;;;IM00000000000000000000000ID-3011700000TZ;FTTH;;;;;;;;;;;;;;
LC000000000083;BL000008039865;;;0;;;;;;;HABITATION;HABITATION;;;;IM00000000000000000000000ID-3011700000C3;FTTH;;;;;;;;;;;;;;
LC000000000084;BL000008039922;;;0;;;;;;;HABITATION;HABITATION;;;;IM00000000000000000000000ID-3011700000U6;FTTH;;;;;;;;;;;;;;
LC000000000085;BL000008039548;;;0;;;;;;;HABITATION;HABITATION;;;;IM00000000000000000000000ID-3011700000UN;FTTH;;;;;;;;;;;;;;
LC000000000086;BL000018543854;;;0;;;;;;;ESCALIER-A;ETAGE-RDC;;;;IM00000000000000000000000ID-3011700000C8;FTTH;;;;;;;;;;;;;;
LC000000000087;BL000008039840;;;0;;;;;;;HABITATION;HABITATION;;;;IM00000000000000000000000ID-3011700000BE;FTTH;;;;;;;;;;;;;;
LC000000000088;BL000008039890;;;0;;;;;;;HABITATION;HABITATION;;;;IM00000000000000000000000ID-3011700000PI;FTTH;;;;;;;;;;;;;;
LC000000000089;BL000008039862;;;0;;;;;;;HABITATION;HABITATION;;;;IM00000000000000000000000ID-3011700000UD;FTTH;;;;;;;;;;;;;;
LC000000000090;BL000008039873;;;0;;;;;;;HABITATION;HABITATION;;;;IM00000000000000000000000ID-3011700000TP;FTTH;;;;;;;;;;;;;;
LC000000000091;BL000008039910;;;0;;;;;;;HABITATION;HABITATION;;;;IM00000000000000000000000ID-3011700000TH;FTTH;;;;;;;;;;;;;;
LC000000000092;BL000008039932;;;0;;;;;;;HABITATION;HABITATION;;;;IM00000000000000000000000ID-30117000009L;FTTH;;;;;;;;;;;;;;
LC000000000093;BL000008039876;;;0;;;;;;;HABITATION;HABITATION;;;;IM00000000000000000000000ID-3011700000BN;FTTH;;;;;;;;;;;;;;
LC000000000094;BL000008039866;;;0;;;;;;;HABITATION;HABITATION;;;;IM00000000000000000000000ID-3011700000PA;FTTH;;;;;;;;;;;;;;
LC000000000095;BL000018395361;;;0;;;;;;;HABITATION;HABITATION;;;;IM00000000000000000000000ID-3011700000TU;FTTH;;;;;;;;;;;;;;
LC000000000096;BL000018395361;;;0;;;;;;;HABITATION;HABITATION;;;;IM00000000000000000000000ID-3011700000TU;FTTH;;;;;;;;;;;;;;
LC000000000097;BL000018395361;;;0;;;;;;;HABITATION;HABITATION;;;;IM00000000000000000000000ID-3011700000TU;FTTH;;;;;;;;;;;;;;
LC000000000098;BL000018395361;;;0;;;;;;;HABITATION;HABITATION;;;;IM00000000000000000000000ID-3011700000TU;FTTH;;;;;;;;;;;;;;
LC000000000099;BL000008039869;;;0;;;;;;;HABITATION;HABITATION;;;;IM00000000000000000000000ID-3011700000AJ;FTTH;;;;;;;;;;;;;;
LC000000000100;BL000008039925;;;0;;;;;;;HABITATION;HABITATION;;;;IM00000000000000000000000ID-3011700000RC;FTTH;;;;;;;;;;;;;;
LC000000000101;BL000008039885;;;0;;;;;;;HABITATION;HABITATION;;;;IM00000000000000000000000ID-3011700000BI;FTTH;;;;;;;;;;;;;;
LC000000000102;BL000008039840;;;0;;;;;;;HABITATION;HABITATION;;;;IM00000000000000000000000ID-3011700000BF;FTTH;;;;;;;;;;;;;;
LC000000000103;BL000008039939;;;0;;;;;;;HABITATION;HABITATION;;;;IM00000000000000000000000ID-3011700000UE;FTTH;;;;;;;;;;;;;;
LC000000000104;BL000008039939;;;0;;;;;;;HABITATION;HABITATION;;;;IM00000000000000000000000ID-3011700000UE;FTTH;;;;;;;;;;;;;;
LC000000000105;BL000008039546;;;0;;;;;;;HABITATION;HABITATION;;;;IM00000000000000000000000ID-3011700000UE;FTTH;;;;;;;;;;;;;;
LC000000000106;BL000008039880;;;0;;;;;;;HABITATION;HABITATION;;;;IM00000000000000000000000ID-3011700000A3;FTTH;;;;;;;;;;;;;;
LC000000000107;BL000019448811;;;0;;;;;;;HABITATION;HABITATION;;;;IM00000000000000000000000ID-3011700000D6;FTTH;;;;;;;;;;;;;;
LC000000000108;BL000019448811;;;0;;;;;;;HABITATION;HABITATION;;;;IM00000000000000000000000ID-3011700000D6;FTTH;;;;;;;;;;;;;;
LC000000000109;BL000019448811;;;0;;;;;;;HABITATION;HABITATION;;;;IM00000000000000000000000ID-3011700000D6;FTTH;;;;;;;;;;;;;;
LC000000000110;BL000019448811;;;0;;;;;;;HABITATION;HABITATION;;;;IM00000000000000000000000ID-3011700000D6;FTTH;;;;;;;;;;;;;;
LC000000000111;BL000008039923;;;0;;;;;;;HABITATION;HABITATION;;;;IM00000000000000000000000ID-30117000009O;FTTH;;;;;;;;;;;;;;
LC000000000112;BL000008039550;;;0;;;;;;;HABITATION;HABITATION;;;;IM00000000000000000000000ID-3011700000TL;FTTH;;;;;;;;;;;;;;
LC000000000113;BL000008039550;;;0;;;;;;;HABITATION;HABITATION;;;;IM00000000000000000000000ID-3011700000TL;FTTH;;;;;;;;;;;;;;
LC000000000114;BL000008039896;;;0;;;;;;;HABITATION;HABITATION;;;;IM00000000000000000000000ID-3011700000B0;FTTH;;;;;;;;;;;;;;
LC000000000115;BL000008039870;;;0;;;;;;;HABITATION;HABITATION;;;;IM00000000000000000000000ID-3011700000UH;FTTH;;;;;;;;;;;;;;
LC000000000116;BL000008039932;;;0;;;;;;;HABITATION;HABITATION;;;;IM00000000000000000000000ID-301170000094;FTTH;;;;;;;;;;;;;;
LC000000000117;BL000008039932;;;0;;;;;;;HABITATION;HABITATION;;;;IM00000000000000000000000ID-301170000094;FTTH;;;;;;;;;;;;;;
LC000000000118;BL000008039864;;;0;;;;;;;HABITATION;HABITATION;;;;IM00000000000000000000000ID-3011700000A1;FTTH;;;;;;;;;;;;;;
LC000000000119;BL000008039877;;;0;;;;;;;HABITATION;HABITATION;;;;IM00000000000000000000000ID-3011700000BS;FTTH;;;;;;;;;;;;;;
LC000000000120;BL000008039877;;;0;;;;;;;HABITATION;HABITATION;;;;IM00000000000000000000000ID-3011700000CQ;FTTH;;;;;;;;;;;;;;
LC000000000121;BL000008039877;;;0;;;;;;;HABITATION;HABITATION;;;;IM00000000000000000000000ID-3011700000CQ;FTTH;;;;;;;;;;;;;;
LC000000000122;BL000008039877;;;0;;;;;;;HABITATION;HABITATION;;;;IM00000000000000000000000ID-3011700000CQ;FTTH;;;;;;;;;;;;;;
LC000000000123;BL000019448811;;;0;;;;;;;HABITATION;HABITATION;;;;IM00000000000000000000000ID-3011700000D4;FTTH;;;;;;;;;;;;;;
LC000000000124;BL000019448811;;;0;;;;;;;HABITATION;HABITATION;;;;IM00000000000000000000000ID-3011700000D4;FTTH;;;;;;;;;;;;;;
LC000000000125;BL000019448811;;;0;;;;;;;HABITATION;HABITATION;;;;IM00000000000000000000000ID-3011700000D4;FTTH;;;;;;;;;;;;;;
LC000000000126;BL000019448811;;;0;;;;;;;HABITATION;HABITATION;;;;IM00000000000000000000000ID-3011700000D4;FTTH;;;;;;;;;;;;;;
LC000000000127;BL000023870882;;;0;;;;;;;ESCALIER-1;RDC;;;;IM00000000000000000000000ID-3011700000D7;FTTH;;;;;;;;;;;;;;
LC000000000128;BL000008039835;;;0;;;;;;;HABITATION;HABITATION;;;;IM00000000000000000000000ID-3011700000TK;FTTH;;;;;;;;;;;;;;
LC000000000129;BL000008039835;;;0;;;;;;;HABITATION;HABITATION;;;;IM00000000000000000000000ID-3011700000TK;FTTH;;;;;;;;;;;;;;
LC000000000130;BL000008039926;;;0;;;;;;;HABITATION;HABITATION;;;;IM00000000000000000000000ID-301170000098;FTTH;;;;;;;;;;;;;;
LC000000000131;BL000008039836;;;0;;;;;;;HABITATION;HABITATION;;;;IM00000000000000000000000ID-3011700000TI;FTTH;;;;;;;;;;;;;;
LC000000000132;BL000008039836;;;0;;;;;;;HABITATION;HABITATION;;;;IM00000000000000000000000ID-3011700000TI;FTTH;;;;;;;;;;;;;;
LC000000000133;BL000008039836;;;0;;;;;;;HABITATION;HABITATION;;;;IM00000000000000000000000ID-3011700000TI;FTTH;;;;;;;;;;;;;;
LC000000000134;BL000008039216;;;0;;;;;;;HABITATION;HABITATION;;;;IM00000000000000000000000ID-3011700000C1;FTTH;;;;;;;;;;;;;;
LC000000000135;BL000008039829;;;0;;;;;;;HABITATION;HABITATION;;;;IM00000000000000000000000ID-3011700000T9;FTTH;;;;;;;;;;;;;;
LC000000000136;BL000008039837;;;0;;;;;;;HABITATION;HABITATION;;;;IM00000000000000000000000ID-3011700000AP;FTTH;;;;;;;;;;;;;;
LC000000000137;BL000008039882;;;0;;;;;;;HABITATION;HABITATION;;;;IM00000000000000000000000ID-30117000008N;FTTH;;;;;;;;;;;;;;
LC000000000138;BL000008039887;;;0;;;;;;;HABITATION;HABITATION;;;;IM00000000000000000000000ID-3011700000TV;FTTH;;;;;;;;;;;;;;
LC000000000139;BL000008039887;;;0;;;;;;;HABITATION;HABITATION;;;;IM00000000000000000000000ID-3011700000TV;FTTH;;;;;;;;;;;;;;
LC000000000140;BL000008039887;;;0;;;;;;;HABITATION;HABITATION;;;;IM00000000000000000000000ID-3011700000TV;FTTH;;;;;;;;;;;;;;
LC000000000141;BL000008039887;;;0;;;;;;;HABITATION;HABITATION;;;;IM00000000000000000000000ID-3011700000TV;FTTH;;;;;;;;;;;;;;
LC000000000142;BL000008039870;;;0;;;;;;;HABITATION;HABITATION;;;;IM00000000000000000000000ID-3011700000D3;FTTH;;;;;;;;;;;;;;
LC000000000143;BL000008039870;;;0;;;;;;;HABITATION;HABITATION;;;;IM00000000000000000000000ID-3011700000D3;FTTH;;;;;;;;;;;;;;
LC000000000144;BL000008039922;;;0;;;;;;;HABITATION;HABITATION;;;;IM00000000000000000000000ID-3011700000U5;FTTH;;;;;;;;;;;;;;
LC000000000145;BL000008039867;;;0;;;;;;;HABITATION;HABITATION;;;;IM00000000000000000000000ID-3011700000AD;FTTH;;;;;;;;;;;;;;
LC000000000146;BL000019453921;;;0;;;;;;;HABITATION;HABITATION;;;;IM00000000000000000000000ID-3011700000UB;FTTH;;;;;;;;;;;;;;
LC000000000147;BL000019453921;;;0;;;;;;;HABITATION;HABITATION;;;;IM00000000000000000000000ID-3011700000UB;FTTH;;;;;;;;;;;;;;
LC000000000148;BL000019453921;;;0;;;;;;;HABITATION;HABITATION;;;;IM00000000000000000000000ID-3011700000UB;FTTH;;;;;;;;;;;;;;
LC000000000149;BL000019453921;;;0;;;;;;;HABITATION;HABITATION;;;;IM00000000000000000000000ID-3011700000UB;FTTH;;;;;;;;;;;;;;
LC000000000150;BL000008039840;;;0;;;;;;;HABITATION;HABITATION;;;;IM00000000000000000000000ID-3011700000AM;FTTH;;;;;;;;;;;;;;
LC000000000151;BL000016319846;;;0;;;;;;;ESCALIER-HABITATION;ETAGE-HABITATION;;;;IM00000000000000000000000ID-3011700000D1;FTTH;;;;;;;;;;;;;;
LC000000000152;BL000016319846;;;0;;;;;;;ESCALIER-HABITATION;ETAGE-HABITATION;;;;IM00000000000000000000000ID-3011700000D1;FTTH;;;;;;;;;;;;;;
LC000000000153;BL000016319846;;;0;;;;;;;ESCALIER-HABITATION;ETAGE-HABITATION;;;;IM00000000000000000000000ID-3011700000D1;FTTH;;;;;;;;;;;;;;
LC000000000154;BL000016319846;;;0;;;;;;;ESCALIER-HABITATION;ETAGE-HABITATION;;;;IM00000000000000000000000ID-3011700000D1;FTTH;;;;;;;;;;;;;;
LC000000000155;BL000016319846;;;0;;;;;;;ESCALIER-HABITATION;ETAGE-HABITATION;;;;IM00000000000000000000000ID-3011700000D1;FTTH;;;;;;;;;;;;;;
LC000000000156;BL000016319846;;;0;;;;;;;ESCALIER-HABITATION;ETAGE-HABITATION;;;;IM00000000000000000000000ID-3011700000D1;FTTH;;;;;;;;;;;;;;
LC000000000157;BL000016319846;;;0;;;;;;;ESCALIER-HABITATION;ETAGE-HABITATION;;;;IM00000000000000000000000ID-3011700000D1;FTTH;;;;;;;;;;;;;;
LC000000000158;BL000016319846;;;0;;;;;;;ESCALIER-HABITATION;ETAGE-HABITATION;;;;IM00000000000000000000000ID-3011700000D1;FTTH;;;;;;;;;;;;;;
LC000000000159;BL000016319846;;;0;;;;;;;ESCALIER-HABITATION;ETAGE-HABITATION;;;;IM00000000000000000000000ID-3011700000D1;FTTH;;;;;;;;;;;;;;
LC000000000160;BL000008039928;;;0;;;;;;;HABITATION;HABITATION;;;;IM00000000000000000000000ID-3011700000PJ;FTTH;;;;;;;;;;;;;;
LC000000000161;BL000008039927;;;0;;;;;;;HABITATION;HABITATION;;;;IM00000000000000000000000ID-30117000009P;FTTH;;;;;;;;;;;;;;
LC000000000162;BL000008039830;;;0;;;;;;;HABITATION;HABITATION;;;;IM00000000000000000000000ID-3011700000TE;FTTH;;;;;;;;;;;;;;
LC000000000163;BL000008039825;;;0;;;;;;;HABITATION;HABITATION;;;;IM00000000000000000000000ID-3011700000C6;FTTH;;;;;;;;;;;;;;
LC000000000164;BL000008039880;;;0;;;;;;;HABITATION;HABITATION;;;;IM00000000000000000000000ID-3011700000PF;FTTH;;;;;;;;;;;;;;
LC000000000165;BL000008039864;;;0;;;;;;;HABITATION;HABITATION;;;;IM00000000000000000000000ID-3011700000A2;FTTH;;;;;;;;;;;;;;
LC000000000166;BL000008039875;;;0;;;;;;;HABITATION;HABITATION;;;;IM00000000000000000000000ID-3011700000D2;FTTH;;;;;;;;;;;;;;
LC000000000167;BL000008039875;;;0;;;;;;;HABITATION;HABITATION;;;;IM00000000000000000000000ID-3011700000D2;FTTH;;;;;;;;;;;;;;
LC000000000168;BL000008039922;;;0;;;;;;;HABITATION;HABITATION;;;;IM00000000000000000000000ID-3011700000U7;FTTH;;;;;;;;;;;;;;
LC000000000169;BL000008039833;;;0;;;;;;;HABITATION;HABITATION;;;;IM00000000000000000000000ID-3011700000TC;FTTH;;;;;;;;;;;;;;
LC000000000170;BL000008039909;;;0;;;;;;;HABITATION;HABITATION;;;;IM00000000000000000000000ID-3011700000PE;FTTH;;;;;;;;;;;;;;
LC000000000171;BL000008039866;;;0;;;;;;;HABITATION;HABITATION;;;;IM00000000000000000000000ID-3011700000AR;FTTH;;;;;;;;;;;;;;
LC000000000172;BL000008039925;;;0;;;;;;;HABITATION;HABITATION;;;;IM00000000000000000000000ID-301170000097;FTTH;;;;;;;;;;;;;;
RO000012060535;;;12060535;0;PSIT0000000125;GSIT0000000140;REC;20191220;0;;;;E;;SRO-BPI-11363934;PE000001906308;SRO;;;;;;;;;;;;;;
RO000012949828;;;12949828;0;PSIT0000000125;GSIT0000000140;REC;20191009000000;0;;;;E;;LOCAL POP;HU000012858770;NRO;;;;;;;;;;;;;;
PTO00044858371;BL000008039865;;;0;;;;;;;HABITATION;HABITATION;;;;IM00000000000000000000000ID-3011700000BZ;FTTH;;;;;;;;;;;;;;
PTO00044858461;BL000008039865;;;0;;;;;;;HABITATION;HABITATION;;;;IM00000000000000000000000ID-3011700000BY;FTTH;;;;;;;;;;;;;;
PTO00091367041;BL000008039827;;;0;;;;;;;HABITATION;HABITATION;;;;IM00000000000000000000000ID-3011700000TY;FTTH;;;;;;;;;;;;;;
PTO00047680211;BL000008039875;;;0;;;;;;;HABITATION;HABITATION;;;;IM00000000000000000000000ID-3011700000CH;FTTH;;;;;;;;;;;;;;
PTO00050104071;BL000008039884;;;0;;;;;;;HABITATION;HABITATION;;;;IM00000000000000000000000ID-30117000008P;FTTH;;;;;;;;;;;;;;
PTO00100841661;BL000008039895;;;0;;;;;;;HABITATION;HABITATION;;;;IM00000000000000000000000ID-3011700000B3;FTTH;;;;;;;;;;;;;;
PTO00014706731;BL000008039886;;;0;;;;;;;HABITATION;HABITATION;;;;IM00000000000000000000000ID-3011700000AS;FTTH;;;;;;;;;;;;;;
PTO00046415071;BL000008039927;;;0;;;;;;;HABITATION;HABITATION;;;;IM00000000000000000000000ID-30117000009E;FTTH;;;;;;;;;;;;;;
PTO00079772221;BL000008039894;;;0;;;;;;;HABITATION;HABITATION;;;;IM00000000000000000000000ID-30117000008V;FTTH;;;;;;;;;;;;;;
PTO00091006891;BL000020315361;;;0;;;;;;;ESCALIER-1;ETAGE-1;;;;IM00000000000000000000000ID-30117000000A;FTTH;;;;;;;;;;;;;;
PTO00055330451;BL000018543854;;;0;;;;;;;HABITATION;HABITATION;;;;IM00000000000000000000000ID-3011700000BC;FTTH;;;;;;;;;;;;;;
PTO00050046401;BL000008039826;;;0;;;;;;;HABITATION;HABITATION;;;;IM00000000000000000000000ID-3011700000PG;FTTH;;;;;;;;;;;;;;
PTO00030631881;BL000008039925;;;0;;;;;;;HABITATION;HABITATION;;;;IM00000000000000000000000ID-30117000009V;FTTH;;;;;;;;;;;;;;
PTO00015403771;BL000008039216;;;0;;;;;;;HABITATION;HABITATION;;;;IM00000000000000000000000ID-3011700000BU;FTTH;;;;;;;;;;;;;;
PTO00004354091;BL000008039864;;;0;;;;;;;HABITATION;HABITATION;;;;IM00000000000000000000000ID-3011700000A0;FTTH;;;;;;;;;;;;;;
PTO00080427561;BL000008039864;;;0;;;;;;;HABITATION;HABITATION;;;;IM00000000000000000000000ID-30117000009Z;FTTH;;;;;;;;;;;;;;
PTO00028453201;BL000008039891;;;0;;;;;;;HABITATION;HABITATION;;;;IM00000000000000000000000ID-3011700000AK;FTTH;;;;;;;;;;;;;;
PTO00040636771;BL000008039868;;;0;;;;;;;HABITATION;HABITATION;;;;IM00000000000000000000000ID-3011700000AG;FTTH;;;;;;;;;;;;;;
PTO00024958941;BL000008039867;;;0;;;;;;;HABITATION;HABITATION;;;;IM00000000000000000000000ID-3011700000B6;FTTH;;;;;;;;;;;;;;
PTO00100395901;BL000008039889;;;0;;;;;;;HABITATION;HABITATION;;;;IM00000000000000000000000ID-3011700000CG;FTTH;;;;;;;;;;;;;;
PTO00099213441;BL000008039869;;;0;;;;;;;HABITATION;HABITATION;;;;IM00000000000000000000000ID-3011700000B7;FTTH;;;;;;;;;;;;;;
PTO00044799851;BL000008039865;;;0;;;;;;;HABITATION;HABITATION;;;;IM00000000000000000000000ID-3011700000C5;FTTH;;;;;;;;;;;;;;
PTO00043547181;BL000008039879;;;0;;;;;;;HABITATION;HABITATION;;;;IM00000000000000000000000ID-3011700000D5;FTTH;;;;;;;;;;;;;;
PTO00053109441;BL000008039879;;;0;;;;;;;HABITATION;HABITATION;;;;IM00000000000000000000000ID-30117000009U;FTTH;;;;;;;;;;;;;;
PTO00040405071;BL000008039874;;;0;;;;;;;HABITATION;HABITATION;;;;IM00000000000000000000000ID-3011700000CP;FTTH;;;;;;;;;;;;;;
PTO00000691501;BL000008039882;;;0;;;;;;;HABITATION;HABITATION;;;;IM00000000000000000000000ID-30117000009B;FTTH;;;;;;;;;;;;;;
PTO00032404661;BL000008039926;;;0;;;;;;;HABITATION;HABITATION;;;;IM00000000000000000000000ID-301170000099;FTTH;;;;;;;;;;;;;;
PTO00049467711;BL000008039840;;;0;;;;;;;HABITATION;HABITATION;;;;IM00000000000000000000000ID-3011700000BF;FTTH;;;;;;;;;;;;;;
PTO00044870721;BL000008039878;;;0;;;;;;;HABITATION;HABITATION;;;;IM00000000000000000000000ID-3011700000CI;FTTH;;;;;;;;;;;;;;
PTO00040168721;BL000008039922;;;0;;;;;;;HABITATION;HABITATION;;;;IM00000000000000000000000ID-301170000155;FTTH;;;;;;;;;;;;;;
PTO00050183131;BL000008039930;;;0;;;;;;;HABITATION;HABITATION;;;;IM00000000000000000000000ID-30117000009A;FTTH;;;;;;;;;;;;;;
PTO00051428621;BL000008039825;;;0;;;;;;;HABITATION;HABITATION;;;;IM00000000000000000000000ID-3011700000C4;FTTH;;;;;;;;;;;;;;
PTO00094371601;BL000008039928;;;0;;;;;;;HABITATION;HABITATION;;;;IM00000000000000000000000ID-3011700000PJ;FTTH;;;;;;;;;;;;;;
PTO00062177541;BL000020315361;;;0;;;;;;;HABITATION;HABITATION;;;;IM00000000000000000000000ID-30117000009W;FTTH;;;;;;;;;;;;;;
PTO00055330431;BL000018543854;;;0;;;;;;;ESCALIER-A;ETAGE-1;;;;IM00000000000000000000000ID-3011700000C8;FTTH;;;;;;;;;;;;;;
PTO00008070411;BL000008039885;;;0;;;;;;;HABITATION;HABITATION;;;;IM00000000000000000000000ID-3011700000BI;FTTH;;;;;;;;;;;;;;
PTO00043505271;BL000008039872;;;0;;;;;;;HABITATION;HABITATION;;;;IM00000000000000000000000ID-3011700000CW;FTTH;;;;;;;;;;;;;;
PTO00041717081;BL000008039924;;;0;;;;;;;HABITATION;HABITATION;;;;IM00000000000000000000000ID-30117000009G;FTTH;;;;;;;;;;;;;;
PTO00083705961;BL000008039883;;;0;;;;;;;HABITATION;HABITATION;;;;IM00000000000000000000000ID-30117000008S;FTTH;;;;;;;;;;;;;;
PTO00087620511;BL000008039891;;;0;;;;;;;HABITATION;HABITATION;;;;IM00000000000000000000000ID-3011700000BA;FTTH;;;;;;;;;;;;;;
PTO00088210111;BL000008039892;;;0;;;;;;;HABITATION;HABITATION;;;;IM00000000000000000000000ID-3011700000BB;FTTH;;;;;;;;;;;;;;
PTO00067682831;BL000008039871;;;0;;;;;;;ESCALIER-1;ETAGE-RDC;;;;IM00000000000000000000000ID-30117000000A;FTTH;;;;;;;;;;;;;;
PTO00079774521;BL000008039882;;;0;;;;;;;HABITATION;HABITATION;;;;IM00000000000000000000000ID-3011700000BK;FTTH;;;;;;;;;;;;;;
PTO00050234191;BL000008039929;;;0;;;;;;;HABITATION;HABITATION;;;;IM00000000000000000000000ID-30117000009R;FTTH;;;;;;;;;;;;;;
PTO00100329151;BL000008039887;;;0;;;;;;;HABITATION;HABITATION;;;;IM00000000000000000000000ID-3011700000TO;FTTH;;;;;;;;;;;;;;
PTO00032483261;BL000008039926;;;0;;;;;;;HABITATION;HABITATION;;;;IM00000000000000000000000ID-301170000092;FTTH;;;;;;;;;;;;;;
PTO00049499711;BL000008039840;;;0;;;;;;;HABITATION;HABITATION;;;;IM00000000000000000000000ID-3011700000AM;FTTH;;;;;;;;;;;;;;
PTO00044987211;BL000008039878;;;0;;;;;;;HABITATION;HABITATION;;;;IM00000000000000000000000ID-3011700000D8;FTTH;;;;;;;;;;;;;;
PTO00039357801;BL000008039896;;;0;;;;;;;HABITATION;HABITATION;;;;IM00000000000000000000000ID-3011700000AY;FTTH;;;;;;;;;;;;;;
PTO00047226901;BL000008039930;;;0;;;;;;;HABITATION;HABITATION;;;;IM00000000000000000000000ID-30117000009X;FTTH;;;;;;;;;;;;;;
PTO00020114801;BL000008039930;;;0;;;;;;;HABITATION;HABITATION;;;;IM00000000000000000000000ID-301170000095;FTTH;;;;;;;;;;;;;;
PTO00034976161;BL000008039890;;;0;;;;;;;HABITATION;HABITATION;;;;IM00000000000000000000000ID-3011700000PD;FTTH;;;;;;;;;;;;;;
PTO00095919561;BL000008039894;;;0;;;;;;;HABITATION;HABITATION;;;;IM00000000000000000000000ID-30117000009M;FTTH;;;;;;;;;;;;;;
PTO00022234181;BL000008039831;;;0;;;;;;;HABITATION;HABITATION;;;;IM00000000000000000000000ID-3011700000TG;FTTH;;;;;;;;;;;;;;
PTO00062177571;BL000020315361;;;0;;;;;;;ESCALIER-1;ETAGE-1;;;;IM00000000000000000000000ID-30117000000A;FTTH;;;;;;;;;;;;;;
PTO00097854891;BL000023870882;;;0;;;;;;;ESCALIER-1;RDC;;;;IM00000000000000000000000ID-3011700000D7;FTTH;;;;;;;;;;;;;;
PTO00014491041;BL000008039881;;;0;;;;;;;HABITATION;HABITATION;;;;IM00000000000000000000000ID-30117000008J;FTTH;;;;;;;;;;;;;;
PTO00025930571;BL000008039870;;;0;;;;;;;ESCALIER-HABITATION;ETAGE-HABITATION;;;;IM00000000000000000000000ID-3011700000D1;FTTH;;;;;;;;;;;;;;
PTO00093558041;BL000008039883;;;0;;;;;;;HABITATION;HABITATION;;;;IM00000000000000000000000ID-30117000008Z;FTTH;;;;;;;;;;;;;;
PTO00032436511;BL000008039883;;;0;;;;;;;HABITATION;HABITATION;;;;IM00000000000000000000000ID-30117000008Y;FTTH;;;;;;;;;;;;;;
PTO00080376051;BL000008039891;;;0;;;;;;;HABITATION;HABITATION;;;;IM00000000000000000000000ID-3011700000B8;FTTH;;;;;;;;;;;;;;
PTO00039392661;BL000008039892;;;0;;;;;;;HABITATION;HABITATION;;;;IM00000000000000000000000ID-3011700000AX;FTTH;;;;;;;;;;;;;;
PTO00010758821;BL000008039871;;;0;;;;;;;HABITATION;HABITATION;;;;IM00000000000000000000000ID-3011700000CT;FTTH;;;;;;;;;;;;;;
PTO00010709121;BL000008039871;;;0;;;;;;;HABITATION;HABITATION;;;;IM00000000000000000000000ID-3011700000CT;FTTH;;;;;;;;;;;;;;
PTO00095002161;BL000008039873;;;0;;;;;;;HABITATION;HABITATION;;;;IM00000000000000000000000ID-3011700000TP;FTTH;;;;;;;;;;;;;;
PTO00093696361;BL000008039832;;;0;;;;;;;HABITATION;HABITATION;;;;IM00000000000000000000000ID-3011700000TD;FTTH;;;;;;;;;;;;;;
PTO00050223541;BL000008039929;;;0;;;;;;;HABITATION;HABITATION;;;;IM00000000000000000000000ID-30117000009Q;FTTH;;;;;;;;;;;;;;
PTO00095667961;BL000008039840;;;0;;;;;;;HABITATION;HABITATION;;;;IM00000000000000000000000ID-3011700000BE;FTTH;;;;;;;;;;;;;;
PTO00049358191;BL000008039876;;;0;;;;;;;HABITATION;HABITATION;;;;IM00000000000000000000000ID-3011700000CA;FTTH;;;;;;;;;;;;;;
PTO00049378231;BL000008039876;;;0;;;;;;;HABITATION;HABITATION;;;;IM00000000000000000000000ID-3011700000CA;FTTH;;;;;;;;;;;;;;
PTO00051723221;BL000008039893;;;0;;;;;;;HABITATION;HABITATION;;;;IM00000000000000000000000ID-3011700000P8;FTTH;;;;;;;;;;;;;;
PTO00039392951;BL000008039834;;;0;;;;;;;HABITATION;HABITATION;;;;IM00000000000000000000000ID-3011700000TB;FTTH;;;;;;;;;;;;;;
PTO00014682601;BL000008039886;;;0;;;;;;;HABITATION;HABITATION;;;;IM00000000000000000000000ID-3011700000A8;FTTH;;;;;;;;;;;;;;
PTO00011986111;BL000008039839;;;0;;;;;;;HABITATION;HABITATION;;;;IM00000000000000000000000ID-3011700000AN;FTTH;;;;;;;;;;;;;;
PTO00057928081;BL000019453921;;;0;;;;;;;HABITATION;HABITATION;;;;IM00000000000000000000000ID-3011700000UB;FTTH;;;;;;;;;;;;;;
PTO00046428481;BL000008039927;;;0;;;;;;;HABITATION;HABITATION;;;;IM00000000000000000000000ID-30117000009I;FTTH;;;;;;;;;;;;;;
PTO00026248771;BL000008039928;;;0;;;;;;;HABITATION;HABITATION;;;;IM00000000000000000000000ID-3011700000PC;FTTH;;;;;;;;;;;;;;
PTO00043180391;BL000008039894;;;0;;;;;;;HABITATION;HABITATION;;;;IM00000000000000000000000ID-30117000008W;FTTH;;;;;;;;;;;;;;
PTO00087901071;BL000023870882;;;0;;;;;;;ESCALIER-1;ETAGE-1;;;;IM00000000000000000000000ID-3011700000D7;FTTH;;;;;;;;;;;;;;
PTO00092831021;BL000023870882;;;0;;;;;;;ESCALIER-1;RDC;;;;IM00000000000000000000000ID-3011700000D7;FTTH;;;;;;;;;;;;;;
PTO00030637091;BL000008039925;;;0;;;;;;;HABITATION;HABITATION;;;;IM00000000000000000000000ID-30117000009F;FTTH;;;;;;;;;;;;;;
PTO00008294341;BL000008039885;;;0;;;;;;;HABITATION;HABITATION;;;;IM00000000000000000000000ID-3011700000BL;FTTH;;;;;;;;;;;;;;
PTO00014437181;BL000008039881;;;0;;;;;;;HABITATION;HABITATION;;;;IM00000000000000000000000ID-30117000008M;FTTH;;;;;;;;;;;;;;
PTO00014628871;BL000008039881;;;0;;;;;;;HABITATION;HABITATION;;;;IM00000000000000000000000ID-30117000008L;FTTH;;;;;;;;;;;;;;
PTO00025960381;BL000008039870;;;0;;;;;;;HABITATION;HABITATION;;;;IM00000000000000000000000ID-3011700000CV;FTTH;;;;;;;;;;;;;;
PTO00032462131;BL000008039883;;;0;;;;;;;HABITATION;HABITATION;;;;IM00000000000000000000000ID-30117000008Q;FTTH;;;;;;;;;;;;;;
PTO00028444681;BL000008039891;;;0;;;;;;;HABITATION;HABITATION;;;;IM00000000000000000000000ID-3011700000B9;FTTH;;;;;;;;;;;;;;
PTO00017074021;BL000008039868;;;0;;;;;;;HABITATION;HABITATION;;;;IM00000000000000000000000ID-3011700000AF;FTTH;;;;;;;;;;;;;;
PTO00089810901;BL000008039937;;;0;;;;;;;HABITATION;HABITATION;;;;IM00000000000000000000000ID-3011700000U2;FTTH;;;;;;;;;;;;;;
PTO00096347351;BL000008039827;;;0;;;;;;;HABITATION;HABITATION;;;;IM00000000000000000000000ID-3011700000TX;FTTH;;;;;;;;;;;;;;
PTO00091895971;BL000008039838;;;0;;;;;;;HABITATION;HABITATION;;;;IM00000000000000000000000ID-3011700000BT;FTTH;;;;;;;;;;;;;;
PTO00097953851;BL000008039882;;;0;;;;;;;HABITATION;HABITATION;;;;IM00000000000000000000000ID-30117000008O;FTTH;;;;;;;;;;;;;;
PTO00000751631;BL000008039882;;;0;;;;;;;HABITATION;HABITATION;;;;IM00000000000000000000000ID-301170000091;FTTH;;;;;;;;;;;;;;
PTO00063282081;BL000008039939;;;0;;;;;;;HABITATION;HABITATION;;;;IM00000000000000000000000ID-3011700000UL;FTTH;;;;;;;;;;;;;;
PTO00050090661;BL000008039884;;;0;;;;;;;HABITATION;HABITATION;;;;IM00000000000000000000000ID-30117000009C;FTTH;;;;;;;;;;;;;;
PTO00044884121;BL000008039878;;;0;;;;;;;HABITATION;HABITATION;;;;IM00000000000000000000000ID-3011700000CS;FTTH;;;;;;;;;;;;;;
PTO00005104631;BL000008039895;;;0;;;;;;;HABITATION;HABITATION;;;;IM00000000000000000000000ID-3011700000B1;FTTH;;;;;;;;;;;;;;
PTO00083379701;BL000008039922;;;0;;;;;;;HABITATION;HABITATION;;;;IM00000000000000000000000ID-301170000155;FTTH;;;;;;;;;;;;;;
PTO00099647761;BL000008039862;;;0;;;;;;;HABITATION;HABITATION;;;;IM00000000000000000000000ID-3011700000UD;FTTH;;;;;;;;;;;;;;
PTO00046461641;BL000008039927;;;0;;;;;;;HABITATION;HABITATION;;;;IM00000000000000000000000ID-301170000093;FTTH;;;;;;;;;;;;;;
