﻿or_code;or_nom;or_type;or_siret;or_nomvoie;or_numero;or_rep;or_local;or_postal;or_commune;or_siren;or_activ;or_l331;or_nometab;or_ad_code;or_telfixe;or_mail;or_comment;or_creadat;or_majdate;or_majsrc;or_abddate;or_abdsrc
IGES0000007710;SCI LES MILLENAIRES;IMMEUBLE;;RUE DE BELLEGARDE;33;;;30300;JONQUIERES ST VINCENT;;;;;;;;;;;;;
IGES0000005331;NOSA IMMOBILIER;IMMEUBLE;;BOULEVARD DOCTEUR JEAN BASTIDE;1160;;;30240;LE GRAU DU ROI;;;;;;;;;;;;;
IGES0000002880;KERCHAOUI JULIEN;IMMEUBLE;;RUE SAINT VINCENT;7;;;30110;LA GRAND COMBE;;;;;;;;;;;;;
IGES0000002004;ETUDES MAITRE MANSOUX;IMMEUBLE;;TRAVERSE DU CIMETIERE CATHOLIQUE;0;;;30170;ST HIPPOLYTE DU FORT;;;;;;;;;;;;;
IGES0000003851;M.MARIE PHILIPP;IMMEUBLE;;CHEMIN DE COUGNIL;193;;;13140;MIRAMAS;;;;;;;;;;;;;
IGES0000008796;SYN BENE DU 2 RUE MAZALET;IMMEUBLE;;RUE DU MAZEL;2;;;30110;LA GRAND COMBE;;;;;;;;;;;;;
IGES0000001147;CHIVAS;IMMEUBLE;;AVENUE MAGELLAN;134;;;30320;MARGUERITTES;;;;;;;;;;;;;
IGES0000004797;MMME;IMMEUBLE;;AVENUE DU PASTEUR ROLLIN;43;G;G;30140;ANDUZE;;;;;;;;;;;;;
IGES0000002094;FONCIA - ORANGE;IMMEUBLE;;RUE D AQUITAINE;341;;;84100;ORANGE;;;;;;;;;;;;;
IGES0000005187;MR POIRIER;IMMEUBLE;;ROUTE DE CARNON;841;;;30240;LE GRAU DU ROI;;;;;;;;;;;;;
IGES0000008658;SOCIETE VERGEZOISE DE REALISATION;IMMEUBLE;33911103100029;RUE ENTRE VIGNES;5;;;30470;AIMARGUES;;;;;;;;;;;;;
IGES0000007661;SCI LES ARCEAUX;IMMEUBLE;;RUE DES FOURS;10;;;30250;SOMMIERES;;;;;;;;;;;;;
IGES0000002497;GRAND DELTA HABITAT - AVIGNON;IMMEUBLE;;RUE MARTIN LUTHER KING;3;;;84000;AVIGNON;;;;;;;;;;;;;
IGES0000004220;MAIRIE DU GRAU DU ROI;IMMEUBLE;;PLACE DE LA LIBERATION;1;;;30240;LE GRAU DU ROI;;;;;;;;;;;;;
IGES0000001724;DE BAYLE CHRISTIAN;IMMEUBLE;;IMPASSE DE LA PARENEUVE;17;;;30700;ST QUENTIN LA POTERIE;;;;;;;;;;;;;
IGES0000000112;AGENCE FONCIERE BERGE;IMMEUBLE;;RUE DE THOR;256;;;34000;MONTPELLIER;;;;;;;;;;;;;
IGES0000009293;TISSOT IMMOBILIER;IMMEUBLE;;ALLEE DE L ARGENTINE;55;;;30900;NIMES;;;;;;;;;;;;;
IGES0000002099;FONCIA AGMO;IMMEUBLE;;RUE TAISSON;22;;;30100;ALES;;;;;;;;;;;;;
IGES0000002047;FDI - HABITAT;IMMEUBLE;;RUE GEORGES MELIES;501;;;34000;MONTPELLIER;;;;;;;;;;;;;
IGES0000001085;CENTURY 21 JCD IMMOBILIER;IMMEUBLE;;RUE DU GENERAL BRUYERE;31;;;30250;SOMMIERES;;;;;;;;;;;;;
IGES0000002441;GGL AMENAGEMENT;IMMEUBLE;;PLACE PIERRE DUHEM;111;;;34000;MONTPELLIER;;;;;;;;;;;;;
IGES0000008535;SEGARD;IMMEUBLE;68020012800071;RUE GEORGES BESSE;442;;;30000;NIMES;;;;;;;;;;;;;
IGES0000004379;MARTINEZ VICTOR;IMMEUBLE;;RUE DU DOCTEUR ANTHOINE;42;;;30300;BEAUCAIRE;;;;;;;;;;;;;
IGES0000007698;SCI LES FRERES_AUBORD;IMMEUBLE;;RUE DES CANABIERES;180;;;30620;AUBORD;;;;;;;;;;;;;
IGES0000002028;FABIENNE LASPESA;IMMEUBLE;;PLACE DU MARCHE;3;;;30120;LE VIGAN;;;;;;;;;;;;;
IGES0000000032;A.D IMMOBILIER;IMMEUBLE;;RUE DE LA REPUBLIQUE;34;;;30000;NIMES;;;;;;;;;;;;;
IGES0000009255;TERRES DU SOLEIL PROMOTION;IMMEUBLE;49125689700035;AVENUE ALFRED SAUVY;770;;;34470;PEROLS;;;;;;;;;;;;;
IGES0000005612;PROMOLOGIS TOULOUSE;IMMEUBLE;69080205300023;RUE DU DOCTEUR LOUIS SANIERES;2;;;31000;TOULOUSE;;;;;;;;;;;;;
IGES0000000292;ARNAUD JEAN-MARIE;IMMEUBLE;;ROUTE DE BAGNOLS;329;;;30330;CAVILLARGUES;;;;;;;;;;;;;
IGES0000007972;SCI OJM JUVENAL;IMMEUBLE;;AVENUE DU PONT JUVENAL;13;;;34000;MONTPELLIER;;;;;;;;;;;;;
IGES0000001402;COMMUNE DE SAINTE-CECILE-D ANDORGE;IMMEUBLE;; LE VILLAGE;0;;;30110;STE CECILE D ANDORGE;;;;;;;;;;;;;
IGES0000006635;SCI BARNIER DU MOULIN;IMMEUBLE;;RUE DU MOULIN A VENT;10;;;30600;VAUVERT;;;;;;;;;;;;;
IGES0000002913;LA DEMEURE TOSCANE;IMMEUBLE;;CHEMIN DU GOLF;1045;;;30900;NIMES;;;;;;;;;;;;;
IGES0000000660;BEALES DENIS;IMMEUBLE;;MAS DE L ELZE;0;;;30160;BESSEGES;;;;;;;;;;;;;
IGES0000003228;LUCHAIRE THIBAUL;IMMEUBLE;;CHEMIN DE L AIGUE BONNE;88;;;34800;SALASC;;;;;;;;;;;;;
IGES0000008774;SYN BENE 3 PL REDON AIMARGUES;IMMEUBLE;;PLACE MONT REDON;3;;;30470;AIMARGUES;;;;;;;;;;;;;
IGES0000005531;PHILIPPE BUTTARAZZI;IMMEUBLE;;AVENUE MARECHAL FOCH;2;;;30700;UZES;;;;;;;;;;;;;
IGES0000005156;MR NOGUEZ BAPTISTE;IMMEUBLE;;ROUTE DE PAILLEROLS;57;;;30120;LE VIGAN;;;;;;;;;;;;;
IGES0000002334;FRANCOIS ENIMIE;IMMEUBLE;;ROUTE DES MARINES;221;;;30240;LE GRAU DU ROI;;;;;;;;;;;;;
IGES0000008083;SCI REDA;IMMEUBLE;;PLACE JEAN JAURES;9;;;30250;SOMMIERES;;;;;;;;;;;;;
IGES0000004121;MAIRIE DE MONTFAUCON;IMMEUBLE;;RUE DE LA REPUBLIQUE;23;;;30150;MONTFAUCON;;;;;;;;;;;;;
IGES0000000885;CABINET GUALBERT IMMOBILIER;IMMEUBLE;;PLACE JULES GUESDE;20;;;30900;NIMES;;;;;;;;;;;;;
IGES0000002720;IMMOBILIER DEPLAGNE ET ASSOCIES;IMMEUBLE;;AVENUE DU GENERAL DE GAULLE;36;;;30380;ST CHRISTOL LEZ ALES;;;;;;;;;;;;;
IGES0000007522;SCI LA VILLE;IMMEUBLE;;AVENUE EMMANUEL D ALZON;21;;;30120;LE VIGAN;;;;;;;;;;;;;
IGES0000008910;SYNDIC BENEVOLE 6 RUE DES COMBATTANTS;IMMEUBLE;;BOULEVARD DES CEVENNES;3;;;30120;LE VIGAN;;;;;;;;;;;;;
IGES0000000699;BERNARD CASTELLANI;IMMEUBLE;;IMPASSE DES MARJOLAINES;2;;;30300;FOURQUES;;;;;;;;;;;;;
IGES0000004961;MR CHEYREZI MICHEL;IMMEUBLE;;QUAI DE LA FONTAINE;10;;;30630;GOUDARGUES;;;;;;;;;;;;;
IGES0000004609;MME GAILLARD CAROLINE;IMMEUBLE;;RUE GUILLAUME FICHET;10;;;74000;ANNECY;;;;;;;;;;;;;
IGES0000008770;SYN BENE 150 MONTAGI 30240;IMMEUBLE;;RUE HUBERT ROBERT;8;;;26000;VALENCE;;;;;;;;;;;;;
IGES0000002311;FONDATION POUR LES MINISTRES DES EGLISES PROTESTANTES DE FRANCE;IMMEUBLE;;RUE DE CLICHY;45;;;75009;PARIS;;;;;;;;;;;;;
IGES0000002507;GREGORY GOMEZ;IMMEUBLE;;RUE DES MOURETTES;105;;;26000;VALENCE;;;;;;;;;;;;;
IGES0000005936;ROUBAUD DANIEL;IMMEUBLE;;CHEMIN DU PLAN;1155;;;30150;ROQUEMAURE;;;;;;;;;;;;;
IGES0000008097;SCI RESTANQUES DU GARDON;IMMEUBLE;;ROUTE D ALES;1;;;30140;ANDUZE;;;;;;;;;;;;;
IGES0000007178;SCI GABADOM;IMMEUBLE;;RUE DE LA POSTE;207;;;30670;AIGUES VIVES;;;;;;;;;;;;;
IGES0000002464;GILLES PETEILLE;IMMEUBLE;;RUE ALFRED SILHOL;13;;;30160;BESSEGES;;;;;;;;;;;;;
IGES0000006185;SAS CHATEAU DE PONDRES;IMMEUBLE;;ALLEE DU PIGEONNIER;2;;;30250;VILLEVIEILLE;;;;;;;;;;;;;
IGES0000008552;SEMIGA SA;IMMEUBLE;;CHEMIN DE LA TOUR DE L EVEQUE;240;;;30000;NIMES;;;;;;;;;;;;;
IGES0000007151;SCI FLAGRAND;IMMEUBLE;;BOULEVARD MARECHAL JOFFRE;43;;;30300;BEAUCAIRE;;;;;;;;;;;;;
IGES0000008838;SYNDIC BENE 2 GRIFFON CALVISSON;IMMEUBLE;;RUE DU GRIFFON;2;;;30420;CALVISSON;;;;;;;;;;;;;
IGES0000004509;MME BISCARAT MONIQUE;IMMEUBLE;;RUE DES BOULATS;1;;;58240;LUTHENAY UXELOUP;;;;;;;;;;;;;
IGES0000009317;TRONC PATRICE;IMMEUBLE;;CHEMIN DES ECUREUILS;210;;;30300;BEAUCAIRE;;;;;;;;;;;;;
IGES0000005604;PRIEUR DENIS;IMMEUBLE;;ROUTE DE TALEYRAC A LA VALETTE;0;;;30570;VAL D AIGOUAL;;;;;;;;;;;;;
IGES0000001799;DETZ DANIEL;IMMEUBLE;;RUE DU MAS DE VISSEC;1;;;30120;LE VIGAN;;;;;;;;;;;;;
IGES0000006281;SAUVANT CAMILLE;IMMEUBLE;;PLACE DE LA COURONNE;12;;;30170;ST HIPPOLYTE DU FORT;;;;;;;;;;;;;
IGES0000002369;GARCIA GEORGES;IMMEUBLE;;QUAI DU 19 MARS 1962;28;;;30240;LE GRAU DU ROI;;;;;;;;;;;;;
IGES0000004673;MME LLANOS NATHALIE;IMMEUBLE;;RUE DE LA CARRIERASSE;2;;;30120;AVEZE;;;;;;;;;;;;;
IGES0000000580;AURORE ZILLIOX;IMMEUBLE;;QUAI DE BILINA;433;;;30100;ALES;;;;;;;;;;;;;
IGES0000000335;ASL 9 ROUTE DE LA CAVE;IMMEUBLE;;ROUTE DE LA CAVE;9;;;30420;CALVISSON;;;;;;;;;;;;;
IGES0000007162;SCI FOSSA;IMMEUBLE;;RUE ANTONIN PARIS;22;;;30250;SOMMIERES;;;;;;;;;;;;;
IGES0000007993;SCI PAGES;IMMEUBLE;; LES CANDEILLERES;0;;;11580;BELCASTEL ET BUC;;;;;;;;;;;;;
IGES0000005452;P.U LES CARRIERES 30126;IMMEUBLE;;RUE DES CARRIERES;126;;;30126;TAVEL;;;;;;;;;;;;;
IGES0000006699;SCI BRAC;IMMEUBLE;;CHEMIN DES AGONEDES;191;;;30340;ST JULIEN LES ROSIERS;;;;;;;;;;;;;
IGES0000001424;COMMUNE DU GRAU DU ROI REGIE AUTONOME DU PORT DE PLAISANCE;IMMEUBLE;;AVENUE DU CENTURION;0;;;30240;LE GRAU DU ROI;;;;;;;;;;;;;
IGES0000004396;MATONOG;IMMEUBLE;;CHEMIN DE LA GRANDE VIGNE;235;;;30131;PUJAUT;;;;;;;;;;;;;
IGES0000009007;SYNDIC BENEVOLE GAMBETTA 4;IMMEUBLE;;BOULEVARD GAMBETTA;4;;;30130;PONT ST ESPRIT;;;;;;;;;;;;;
IGES0000000735;BILAN PATRIMOINE;IMMEUBLE;;AVENUE DES ETATS DU LANGUEDOC;265;;;34000;MONTPELLIER;;;;;;;;;;;;;
IGES0000009400;VIGHI JEAN;IMMEUBLE;;MONTEE DES GRANDS PINS;4;;;30330;CONNAUX;;;;;;;;;;;;;
IGES0000001766;DEMURES DU MIDI;IMMEUBLE;;ROUTE D ANDUZE;66;;;30260;QUISSAC;;;;;;;;;;;;;
IGES0000007675;SCI LES CHOUCHOUS;IMMEUBLE;;AVENUE GIACOBI;36;;;06300;NICE;;;;;;;;;;;;;
IGES0000008279;SCI VERDAL;IMMEUBLE;;RUE DU PLUVIER DORE;101;;;30240;LE GRAU DU ROI;;;;;;;;;;;;;
IGES0000007680;SCI LES COCOTIERS;IMMEUBLE;;IMPASSE DES GENETS;226;;;30140;BOISSET ET GAUJAC;;;;;;;;;;;;;
IGES0000009421;VIVIANE BARRANDON;IMMEUBLE;;PLAN DE BRIE;30;;;30140;ANDUZE;;;;;;;;;;;;;
IGES0000003006;LAURENT GERUS;IMMEUBLE;;ROUTE D ALES;366;;;30290;LAUDUN L ARDOISE;;;;;;;;;;;;;
IGES0000007479;SCI LA LUNE BLEUE;IMMEUBLE;;GRANDE RUE HAUTE;114;;;34200;SETE;;;;;;;;;;;;;
IGES0000003953;MAIRIE AIGALIERS;IMMEUBLE;;ROUTE STEPHANE HESSEL;280;;;30700;AIGALIERS;;;;;;;;;;;;;
IGES0000006687;SCI BONZI;IMMEUBLE;;CHEMIN DES PINS DE BATAILLE;0;;;30700;ST QUENTIN LA POTERIE;;;;;;;;;;;;;
IGES0000002832;JEAN-PAUL VERLHAC;IMMEUBLE;34275149200022;RUE DE LA FRUGERE;20;;;30110;LA GRAND COMBE;;;;;;;;;;;;;
IGES0000001918;EHPA SAINT-EMETERY;IMMEUBLE;;CHEMIN DES HORTS;61;;;30200;CHUSCLAN;;;;;;;;;;;;;
IGES0000008810;SYN BENE DU3 RUE DE LA BOUCHERIE;IMMEUBLE;;RUE DE LA BOUCHERIE;3;;;30500;ST AMBROIX;;;;;;;;;;;;;
IGES0000003909;MADAME MANSUY HELENE;IMMEUBLE;;MAS DE LA LAUZE;0;;;30170;POMPIGNAN;;;;;;;;;;;;;
IGES0000008900;SYNDIC BENEVOLE 333 RUE VINCENT;IMMEUBLE;;RUE VINCENT;333;;;30240;LE GRAU DU ROI;;;;;;;;;;;;;
IGES0000000301;ASC;IMMEUBLE;;CHEMIN DU TRAVERS;10;;;30250;AUBAIS;;;;;;;;;;;;;
IGES0000009011;SYNDIC BENEVOLE JEAN FERRERI;IMMEUBLE;;AVENUE DE LA GARE;9;;;30150;ROQUEMAURE;;;;;;;;;;;;;
IGES0000002478;GLEMP WALDEMAR;IMMEUBLE;;AVENUE ALPHONSE PEYRIC;32;;;30160;BESSEGES;;;;;;;;;;;;;
IGES0000004451;MIREILLE JACQUEMIN;IMMEUBLE;;RUE ANDRE BOUIX;2;;;30300;FOURQUES;;;;;;;;;;;;;
IGES0000009311;TREFOULET FREDERIC;IMMEUBLE;;RUE LATOUR;199;;;30130;PONT ST ESPRIT;;;;;;;;;;;;;
IGES0000008783;SYN BENE DE LA RESIDENCE L OCTOPUS;IMMEUBLE;;RUE DANTON;44;;;94270;LE KREMLIN BICETRE;;;;;;;;;;;;;
IGES0000005371;OLIVIER FLAUGNATTI;IMMEUBLE;;RUE ANTOINE BIGOT;16;;;30240;LE GRAU DU ROI;;;;;;;;;;;;;
IGES0000003788;M. RODOLPHE DUMAS;IMMEUBLE;;IMPASSE DES JARDINS;57;;;30220;ST LAURENT D AIGOUZE;;;;;;;;;;;;;
IGES0000006373;SCB LE PESCALUNE;IMMEUBLE;;AVENUE DE LA PINEDE;39;;;30240;LE GRAU DU ROI;;;;;;;;;;;;;
IGES0000003008;LAURENT POPOFF;IMMEUBLE;;RUE DE LA BERGERIE;8;;;30100;ALES;;;;;;;;;;;;;
IGES0000004695;MME MATHIEU MICHELE;IMMEUBLE;;RUE DES COMBES;10;;;30170;DURFORT ET ST MARTIN DE SOSSENAC;;;;;;;;;;;;;
IGES0000008989;SYNDIC BENEVOLE DU 5 RUE DES 3 PIGEONS;IMMEUBLE;;RUE DES 3 PIGEONS;5;;;30120;LE VIGAN;;;;;;;;;;;;;
IGES0000007660;SCI LES ARATTOIRES;IMMEUBLE;;LIEU DIT LE MAZELET;0;;;48110;LE POMPIDOU;;;;;;;;;;;;;
IGES0000003724;M. FOUGEROLLES THOMAS;IMMEUBLE;;AVENUE DE LA 1ERE ARMEE;2;;;30170;ST HIPPOLYTE DU FORT;;;;;;;;;;;;;
IGES0000001646;COURET BERNARD;IMMEUBLE;;ROUTE DE GRANAUX;93;;;30140;BOISSET ET GAUJAC;;;;;;;;;;;;;
IGES0000001587;COPROPRIETE DU MAS FIGARET;IMMEUBLE;;RUE PAULIN TESTORY;31;;;66000;PERPIGNAN;;;;;;;;;;;;;
IGES0000007665;SCI LES BERGES DU VIDOURLE;IMMEUBLE;;CHEMIN DE VAUVERT;139;;;30114;BOISSIERES;;;;;;;;;;;;;
IGES0000008042;SCI PLAN DES AIRES;IMMEUBLE;;RUE DU PLAN DES AIRES;325;;;30360;VEZENOBRES;;;;;;;;;;;;;
IGES0000001846;DONET CHRISTOPHE;IMMEUBLE;;RUE DE LA GARE;4;;;30160;BESSEGES;;;;;;;;;;;;;
IGES0000009367;VALMALLE MAGALI;IMMEUBLE;;PLACE DU QUAI;11;;;30120;LE VIGAN;;;;;;;;;;;;;
IGES0000009335;URBANSTONE PROMOTION;IMMEUBLE;89540026500024;RUE PATRICE LUMUMBA;113;;;34070;MONTPELLIER;;;;;;;;;;;;;
IGES0000003774;M. OLIVIER JEAN;IMMEUBLE;;CHEMIN D AIGUES VIVES;0;;;30740;LE CAILAR;;;;;;;;;;;;;
IGES0000007132;SCI FAMILIALE DU MAS ROUQUETTE;IMMEUBLE;;RUE VERDIER ALLUT;1;B;B;30700;UZES;;;;;;;;;;;;;
IGES0000007380;SCI JPS;IMMEUBLE;;ROUTE D ALES;8;;;30170;ST HIPPOLYTE DU FORT;;;;;;;;;;;;;
IGES0000004736;MME PIMIENTO CORRINE;IMMEUBLE;;RUE DE L EGALITE;27;;;30240;LE GRAU DU ROI;;;;;;;;;;;;;
IGES0000000957;CARA VIRGINIE-GILBERT;IMMEUBLE;;RUE DU CAMP NEUF;23;B;B;30260;QUISSAC;;;;;;;;;;;;;
IGES0000005166;MR PARTRICK MARION;IMMEUBLE;;BOULEVARD DU PORTALET;53;;;30500;ST AMBROIX;;;;;;;;;;;;;
IGES0000004910;MR AITOUAKLI;IMMEUBLE;;ROUTE DES CEVENNES;28;;;30110;LAVAL PRADEL;;;;;;;;;;;;;
IGES0000000097;AGENCE COTE SUD IMMOBILIER;IMMEUBLE;;PLACE BONALD;4;;;30120;LE VIGAN;;;;;;;;;;;;;
IGES0000000746;BLANCHER PAULUSSEN;IMMEUBLE;;ROUTE DE BARJAC;299;;;30200;BAGNOLS SUR CEZE;;;;;;;;;;;;;
IGES0000008296;SCI VOLGUEBA;IMMEUBLE;;RUE D ENTREVIGNES;22;B;B;30310;VERGEZE;;;;;;;;;;;;;
IGES0000006677;SCI BIRAAD;IMMEUBLE;;ROUTE NATIONALE 113;0;;;30310;VERGEZE;;;;;;;;;;;;;
IGES0000006800;SCI CMC;IMMEUBLE;;LOTISSEMENT L ADRET DU JAS;5;;;13740;LE ROVE;;;;;;;;;;;;;
IGES0000005789;QUADRIGIMMO;IMMEUBLE;;RUE GASTON BOISSIER;7;;;30900;NIMES;;;;;;;;;;;;;
IGES0000006086;SARL KAMUEL PROMOTION;IMMEUBLE;;SQUARE DE LA COURONNE;2;;;30000;NIMES;;;;;;;;;;;;;
IGES0000004591;MME ET M. BECK;IMMEUBLE;;RUE DU RANC;2;;;30630;ST ANDRE DE ROQUEPERTUIS;;;;;;;;;;;;;
IGES0000006212;SAS FONCIERE BAMA;IMMEUBLE;;AVENUE JEAN JAURES;56;;;30900;NIMES;;;;;;;;;;;;;
IGES0000003284;M ANTHONY GAMMARA;IMMEUBLE;;BOULEVARD DU PORTALET;37;;;30500;ST AMBROIX;;;;;;;;;;;;;
IGES0000000920;CABINET REYNES;IMMEUBLE;;RUE MICHELET;8;;;30100;ALES;;;;;;;;;;;;;
IGES0000005278;NEXITY AVIGNON DEP84;IMMEUBLE;;RUE DE LA CARRETERIE;93;;;84000;AVIGNON;;;;;;;;;;;;;
IGES0000004634;MME HELMAN;IMMEUBLE;;PLACE AUX HERBES;15;;;30700;UZES;;;;;;;;;;;;;
IGES0000003021;LE BURO DE L IMMO;IMMEUBLE;;PLACE DU QUAI;13;;;30120;LE VIGAN;;;;;;;;;;;;;
IGES0000001295;COMMUNAUTE DE COMMUNES CAUSSES AIGOUAL CEVENES;IMMEUBLE;;AVENUE GEORGES FABRE;83;;;30570;VAL D AIGOUAL;;;;;;;;;;;;;
IGES0000009334;URBA SUD CONCEPT;IMMEUBLE;;MAS DE COULONDRE;195;;;30670;AIGUES VIVES;;;;;;;;;;;;;
IGES0000009329;UN TOIT POUR TOUS - M GARABEDIAN;IMMEUBLE;;AVENUE GEORGES POMPIDOU;8;B;B;30900;NIMES;;;;;;;;;;;;;
IGES0000001634;CORTES AURELIEN;IMMEUBLE;;ROUTE DES 4 SAISONS;780;;;13190;ALLAUCH;;;;;;;;;;;;;
IGES0000000154;AGENCE SALERY CEVENNES;IMMEUBLE;; GRAND RUE;26;;;34190;ST BAUZILLE DE PUTOIS;;;;;;;;;;;;;
IGES0000004971;MR CLOTTES CLAUDE;IMMEUBLE;;PLACE DU QUAI;12;;;30120;LE VIGAN;;;;;;;;;;;;;
IGES0000002521;GROUPE CIR;IMMEUBLE;;RUE ACHARD;137;;;33300;BORDEAUX;;;;;;;;;;;;;
IGES0000001435;COMPTOIR  IMMOBILIER;IMMEUBLE;;PLACE DU GENERAL LECLERC;5;;;30100;ALES;;;;;;;;;;;;;
IGES0000006975;SCI DOME;IMMEUBLE;;CHEMIN DU CANON;12;;;30131;PUJAUT;;;;;;;;;;;;;
IGES0000009224;TABART MICHEL;IMMEUBLE;;ROUTE D ALES;21;;;30170;ST HIPPOLYTE DU FORT;;;;;;;;;;;;;
IGES0000005175;MR PELTIER FRANCOIS;IMMEUBLE;;RUE DE L HORLOGE;1;;;30120;LE VIGAN;;;;;;;;;;;;;
IGES0000005031;MR FEKROUNI HAMID;IMMEUBLE;;CHEMIN LOUIS DURAND;134;F;F;30380;ST CHRISTOL LEZ ALES;;;;;;;;;;;;;
IGES0000006785;SCI CHRISANGE;IMMEUBLE;;RUE CARNOT;55;;;84800;L ISLE SUR LA SORGUE;;;;;;;;;;;;;
IGES0000008901;SYNDIC BENEVOLE 37 ET 37 B LEON BARRY;IMMEUBLE;;CHEMIN DU LAQUET;41;;;30410;MEYRANNES;;;;;;;;;;;;;
IGES0000005040;MR FRANCK SCHIELE;IMMEUBLE;; GRAND RUE;19;;;30670;AIGUES VIVES;;;;;;;;;;;;;
IGES0000004574;MME DIANE BLANC-GIACOBINO;IMMEUBLE;;RUE DE LA FONT;40;;;30760;AIGUEZE;;;;;;;;;;;;;
IGES0000001440;CONFORTI RICHARD MICHAEL;IMMEUBLE;;CHEMIN DE LA ROQUE;78;;;34400;VILLETELLE;;;;;;;;;;;;;
IGES0000006288;SB (13 RUE DE LA LIBERTE);IMMEUBLE;;CHEMIN DE LA VOIE ROMAINE;1987;;;30130;ST ALEXANDRE;;;;;;;;;;;;;
IGES0000004980;MR COUTURIER ERCI;IMMEUBLE;;RUE DES GLYCINES;134;;;30430;BARJAC;;;;;;;;;;;;;
IGES0000009129;SYNDIC CIRCET SO;IMMEUBLE;;CHEMIN DE LA CHASSE;18;;;31770;COLOMIERS;;;;;;;;;;;;;
IGES0000003735;M. GUIRAUD DE CAZENOVE;IMMEUBLE;;RUE DU CHATEAU;1;;;30470;AIMARGUES;;;;;;;;;;;;;
IGES0000003701;M. COMBE PHILIPPE;IMMEUBLE;;IMPASSE DU JASMIN;9;;;30300;BEAUCAIRE;;;;;;;;;;;;;
IGES0000005124;MR MARTIN JEAN-CLAUDE;IMMEUBLE;;IMPASSE DES IMMORTELLES;1;;;30300;BEAUCAIRE;;;;;;;;;;;;;
IGES0000005225;MR TOSQUELLAS;IMMEUBLE;;CHEMIN DE BEAUVOIR;1214;;;30300;BEAUCAIRE;;;;;;;;;;;;;
IGES0000007716;SCI LES OLIVIERS_UZES;IMMEUBLE;;AVENUE MOISE CHARRAS;3;B;B;30700;UZES;;;;;;;;;;;;;
IGES0000006708;SCI BSC;IMMEUBLE;;IMPASSE CANAVIE;5;;;30230;BOUILLARGUES;;;;;;;;;;;;;
IGES0000003729;M. GARCIA YVES;IMMEUBLE;;RUE ROUGET DE LISLE;25;;;30300;BEAUCAIRE;;;;;;;;;;;;;
IGES0000005070;MR HAUSER MARC;IMMEUBLE;;MAS ELIM;117;;;30140;GENERARGUES;;;;;;;;;;;;;
IGES0000007131;SCI FALCO;IMMEUBLE;;CHEMIN DU CROS DES BARDS;140;;;30127;BELLEGARDE;;;;;;;;;;;;;
IGES0000008196;SCI SOLAIR;IMMEUBLE;;RUE FRAICHE;8;;;30350;LEZAN;;;;;;;;;;;;;
IGES0000004431;MICHEL KUNSTMANN;IMMEUBLE;;RUE DES ALPES;7;;;07520;LALOUVESC;;;;;;;;;;;;;
IGES0000008884;SYNDIC BENEVOLE 1 RUE ALBERGARIES;IMMEUBLE;;CHEMIN DE VEYRAC;1000;;;30140;ANDUZE;;;;;;;;;;;;;
IGES0000008769;SYN BENE 13 LUXEMBOURG;IMMEUBLE;;RUE DU LUXEMBOURG;13;;;30140;ANDUZE;;;;;;;;;;;;;
IGES0000009223;SYNE BENE DU 30 RUE DU PONT;IMMEUBLE;;RUE DU PONT;30;;;30120;LE VIGAN;;;;;;;;;;;;;
IGES0000007831;SCI MARIUS;IMMEUBLE;;CHEMIN DE L ECOUVILLON;136;;;30200;VENEJAN;;;;;;;;;;;;;
IGES0000009241;TEMPERANCES PATRIMOINE;IMMEUBLE;;AVENUE ALBERT EINSTEIN;1086;;;34000;MONTPELLIER;;;;;;;;;;;;;
IGES0000003698;M. CHAIX ROLAND;IMMEUBLE;;RUE PAYAN;3;;;13150;TARASCON;;;;;;;;;;;;;
IGES0000006945;SCI DES MOULINS;IMMEUBLE;;RUE DE MENUSSARGUES;235;;;30640;BEAUVOISIN;;;;;;;;;;;;;
IGES0000003723;M. FAUCHER DENIS;IMMEUBLE;;RUE DU SOLEIL COUCHANT;65;;;30190;LA ROUVIERE;;;;;;;;;;;;;
IGES0000003884;MADAME ALICE MARTIN-VALLAS;IMMEUBLE;;RUE DE L EGLISE;0;;;30120;BEZ ET ESPARON;;;;;;;;;;;;;
IGES0000000908;CABINET MICHEL FOURNIER;IMMEUBLE;;AVENUE JULES FERRY;19;;;30133;LES ANGLES;;;;;;;;;;;;;
IGES0000008992;SYNDIC BENEVOLE DU 7 PLACE DU COUVENT;IMMEUBLE;;PLACE DU COUVENT;7;;;30130;PONT ST ESPRIT;;;;;;;;;;;;;
IGES0000009176;SYNDIC LES MARTINETS;IMMEUBLE;;IMPASSE DES MARTINETS;39;;;30130;PONT ST ESPRIT;;;;;;;;;;;;;
IGES0000008950;SYNDIC BENEVOLE DE LA RESIDENCE LE CLAUDETTE;IMMEUBLE;;RUE SAINT PIERRE DE MOULEYRES;9;;;13200;ARLES;;;;;;;;;;;;;
IGES0000007715;SCI LES OLIVIERS GRIS;IMMEUBLE;;RUE ANDRE BOUIX;7;;;30300;FOURQUES;;;;;;;;;;;;;
IGES0000005215;MR STEPHAN ASTEGIANO;IMMEUBLE;;RUE DE LA BOISSIERE;9;;;30500;ST AMBROIX;;;;;;;;;;;;;
IGES0000003805;M.BILLAULT CHRISTIAN;IMMEUBLE;;IMPASSE DES POSIDONIES;53;;;30240;LE GRAU DU ROI;;;;;;;;;;;;;
IGES0000005132;MR METZGER JOEL;IMMEUBLE;;AVENUE DES CLAUX DE GENESTET;22;;;30300;BEAUCAIRE;;;;;;;;;;;;;
IGES0000007338;SCI JARGAL IMMO;IMMEUBLE;;CHEMIN DU BISCOURTET;5;;;34130;CANDILLARGUES;;;;;;;;;;;;;
IGES0000002468;GIRARDIN HUBERT;IMMEUBLE;;BOULEVARD DOCTEUR JEAN BASTIDE;490;;;30240;LE GRAU DU ROI;;;;;;;;;;;;;
IGES0000003899;MADAME FABRIGOULE;IMMEUBLE;;RUE DU MARCHE;13;;;30330;ST PONS LA CALM;;;;;;;;;;;;;
IGES0000001278;COMMUNAUTE  DE COMMUUNES DE PAYS VIGANAIS;IMMEUBLE;;AVENUE DU SERGENT TRIAIRE;3;;;30120;LE VIGAN;;;;;;;;;;;;;
IGES0000005811;RAPHAEL IMMOBILIER;IMMEUBLE;;RUE DE LA MARQUEROSE;130;;;34070;MONTPELLIER;;;;;;;;;;;;;
IGES0000003345;M CLAUDE ROBERT;IMMEUBLE;;CHEMIN DES DRAGEES;12;;;13200;ARLES;;;;;;;;;;;;;
IGES0000005937;ROUMEAS AMENAGEMENT;IMMEUBLE;;RUE FRANCIS ROMAN;0;;;30290;LAUDUN L ARDOISE;;;;;;;;;;;;;
IGES0000008573;SFHE ARCADE;IMMEUBLE;;RUE ROBERT MALLET STEVENS;32;;;30900;NIMES;;;;;;;;;;;;;
IGES0000008723;STATIM PROVENCE;IMMEUBLE;;CHEMIN DU PAVILLON;0;;;13103;MAS BLANC DES ALPILLES;;;;;;;;;;;;;
IGES0000005827;REAL IMMOBILIER;IMMEUBLE;;RUE BALORE;1;;;30100;ALES;;;;;;;;;;;;;
IGES0000003190;LOGESTRIM;IMMEUBLE;;BOULEVARD CHARLES MOURIER;5;B;B;30620;BERNIS;;;;;;;;;;;;;
IGES0000002695;IMMO CONCEPT OCCITANIE;IMMEUBLE;80358565200024;RUE DU PUECH;44;;;30310;VERGEZE;;;;;;;;;;;;;
IGES0000007671;SCI LES CALQUIERES;IMMEUBLE;;RUE DES CALQUIERES;9;;;30120;LE VIGAN;;;;;;;;;;;;;
IGES0000000891;CABINET J.A.R IMMOBILIER;IMMEUBLE;;RUE FOLCO DE BARONCELLI;720;;;30240;LE GRAU DU ROI;;;;;;;;;;;;;
IGES0000002460;GILBERT PAUL;IMMEUBLE;;ANCIEN CHEMIN D AVIGNON;324;;;30150;ST GENIES DE COMOLAS;;;;;;;;;;;;;
IGES0000004311;MAIRIE VAL D AIGOUAL;IMMEUBLE;;RUE DE L EGLISE;0;;;30570;VAL D AIGOUAL;;;;;;;;;;;;;
IGES0000005174;MR PELLEGRINETTI;IMMEUBLE;;BOULEVARD MARTIN FABRE;22;;;13010;MARSEILLE;;;;;;;;;;;;;
IGES0000002611;HELIOS AMENAGEMENT;IMMEUBLE;;AVENUE FREDERIC MISTRAL;541;;;84200;CARPENTRAS;;;;;;;;;;;;;
IGES0000006848;SCI DAMMANNETCO;IMMEUBLE;;RUE DE VERGEZE;255;;;30920;CODOGNAN;;;;;;;;;;;;;
IGES0000000116;AGENCE GRAND SUD IMMOBILIER;IMMEUBLE;;RUE ALSACE LORRAINE;12;;;30240;LE GRAU DU ROI;;;;;;;;;;;;;
IGES0000000098;AGENCE DE L'OLIVIER - ARLES;IMMEUBLE;;RUE GAMBETTA;3;;;13200;ARLES;;;;;;;;;;;;;
IGES0000000912;CABINET PACCHINI;IMMEUBLE;;PLACE JULES GUESDE;20;;;30900;NIMES;;;;;;;;;;;;;
IGES0000003737;M. HAMMOUCH  R;IMMEUBLE;;RUE DES MARINS;1;;;30130;PONT ST ESPRIT;;;;;;;;;;;;;
IGES0000000666;BECAT STEVE;IMMEUBLE;;RUE DE MENUSSARGUES;129;;;30640;BEAUVOISIN;;;;;;;;;;;;;
IGES0000004819;MONSIEUR COMBES GILLES;IMMEUBLE;;COURS GAMBETTA;32;;;30170;ST HIPPOLYTE DU FORT;;;;;;;;;;;;;
IGES0000004932;MR BENAVENT MARCEL;IMMEUBLE;;RUE DE LA GARE;2;;;30160;BESSEGES;;;;;;;;;;;;;
IGES0000008844;SYNDIC BENE DU 1 GABRIEL PERI;IMMEUBLE;;RUE GABRIEL PERI;1;;;30240;LE GRAU DU ROI;;;;;;;;;;;;;
IGES0000003784;M. POSTEL PASCAL;IMMEUBLE;;RUE DU VERNET;18;;;30290;ST VICTOR LA COSTE;;;;;;;;;;;;;
IGES0000008777;SYN BENE 4 EMMANUEL D ALZON;IMMEUBLE;;AVENUE EMMANUEL D ALZON;4;;;30120;LE VIGAN;;;;;;;;;;;;;
IGES0000008780;SYN BENE 6 DU L EGLISE 30120;IMMEUBLE;;RUE DE L EGLISE;6;;;30120;LE VIGAN;;;;;;;;;;;;;
IGES0000000241;AMARINE FRANCOIS;IMMEUBLE;;COTE D AULAS;127;;;30120;LE VIGAN;;;;;;;;;;;;;
IGES0000006463;SCCV UZES REGALECIA;IMMEUBLE;;PLACE DE LA PREFECTURE;2;;;13006;MARSEILLE;;;;;;;;;;;;;
IGES0000007851;SCI MAX ET CLO;IMMEUBLE;;AVENUE JEAN MOULIN;166;;;30220;ST LAURENT D AIGOUZE;;;;;;;;;;;;;
IGES0000004652;MME JOSIANE FALGUIERE;IMMEUBLE;;PLACE DE LA CANOURGUE;6;;;30170;ST HIPPOLYTE DU FORT;;;;;;;;;;;;;
IGES0000002728;IMMOBILIER SOULA;IMMEUBLE;44277792600019;AVENUE DES COMTES DE MELGUEIL;248;;;34130;MAUGUIO;;;;;;;;;;;;;
IGES0000004027;MAIRIE DE BESSEGES;IMMEUBLE;;PLACE DU GENERAL DE GAULLE;1;;;30160;BESSEGES;;;;;;;;;;;;;
IGES0000007663;SCI LES BASTIDES;IMMEUBLE;;CHEMIN DES CONQUETTES;13;;;83990;ST TROPEZ;;;;;;;;;;;;;
IGES0000001139;CHEVALIER CHRISTELLE;IMMEUBLE;;RUE DE LA REPUBLIQUE;27;;;30160;BESSEGES;;;;;;;;;;;;;
IGES0000001513;COPRO PRADIER OPTIQUE;IMMEUBLE;;PLAN DE BRIE;32;;;30140;ANDUZE;;;;;;;;;;;;;
IGES0000006174;SAS BIANCONE INVEST;IMMEUBLE;;CHEMIN DE TAUMASSOU;0;;;30130;CARSAN;;;;;;;;;;;;;
IGES0000001923;EHPAD LES CHARMETTES -FONDATION ROLLIN;IMMEUBLE;;CHEMIN DE LA FIGUIERE;79;;;30140;ANDUZE;;;;;;;;;;;;;
IGES0000004405;MDE ANNE VEISTROFFER;IMMEUBLE;;QUAI RHIN ET DANUBE;19;;;34200;SETE;;;;;;;;;;;;;
IGES0000006874;SCI DE L'IMPOSTAIRE;IMMEUBLE;;IMPASSE DES REILLETTES;42;;;30340;ROUSSON;;;;;;;;;;;;;
IGES0000005136;MR MICHEL DEYLAUD;IMMEUBLE;;CHEMIN DE LA CRUVIERE;0;;;30840;MEYNES;;;;;;;;;;;;;
IGES0000006993;SCI DU CADRAN SOLAIRE;IMMEUBLE;;CHEMIN DE LA VALORIERE;325;;;30390;ARAMON;;;;;;;;;;;;;
IGES0000000649;BATIMUR-BYE GENDARMERIE DE LEDIGNAN;IMMEUBLE;;CHEMIN DU MAS DES OLIVIERS;257;;;30350;LEDIGNAN;;;;;;;;;;;;;
IGES0000007726;SCI LES REMPARTS - GARD;IMMEUBLE;;AVENUE FREDERIC MISTRAL;672;;;34160;BOISSERON;;;;;;;;;;;;;
IGES0000001253;COGEFIM BAMA;IMMEUBLE;;AVENUE JEAN JAURES;56;;;30900;NIMES;;;;;;;;;;;;;
IGES0000006964;SCI DIACO;IMMEUBLE;;IMPASSE DU PIE;300;;;30350;CARDET;;;;;;;;;;;;;
IGES0000005184;MR PIERRE FERDIER;IMMEUBLE;;ROUTE DE SAINT AMBROIX;176;;;30340;ROUSSON;;;;;;;;;;;;;
IGES0000004874;MONSIEUR ROBERT JALABERT;IMMEUBLE;;RUE PETITE BOURGADE;16;;;30700;UZES;;;;;;;;;;;;;
IGES0000004107;MAIRIE DE LAUDUN L ARDOISE;IMMEUBLE;;PLACE DU 6 JUIN 1944;144;;;30290;LAUDUN L ARDOISE;;;;;;;;;;;;;
IGES0000007602;SCI LE DUPLEX;IMMEUBLE;;RUE PIERRE TAILLANT;2;;;30130;PONT ST ESPRIT;;;;;;;;;;;;;
IGES0000003646;M SERRA JOSE;IMMEUBLE;;CHEMIN VIEUX D AIGUES MORTES;165;;;30220;ST LAURENT D AIGOUZE;;;;;;;;;;;;;
IGES0000008122;SCI RUE DE LA REPUBLIQUE;IMMEUBLE;;RUE DE LA REPUBLIQUE;16;;;30160;BESSEGES;;;;;;;;;;;;;
IGES0000006009;SAMUEL APELBAUME;IMMEUBLE;;RUE PITOT;29;B;B;30000;NIMES;;;;;;;;;;;;;
IGES0000003753;M. LAFON ROGER;IMMEUBLE;;QUAI CLEON GRIOLET;23;;;30250;SOMMIERES;;;;;;;;;;;;;
IGES0000004450;MIREILLE ANDRES;IMMEUBLE;;ROUTE D ESTEZARGUES;454;;;30390;DOMAZAN;;;;;;;;;;;;;
IGES0000005941;ROUSSEL MAXIME;IMMEUBLE;;CHEMIN DE VENTABREN;79;;;30130;PONT ST ESPRIT;;;;;;;;;;;;;
IGES0000008965;SYNDIC BENEVOLE DU 18 BOULEVARD DU PORTALET;IMMEUBLE;;CHEMIN DE MONTPELLIER;48;;;34400;VILLETELLE;;;;;;;;;;;;;
IGES0000006441;SCCV LVH1;IMMEUBLE;87774419300013;AVENUE GERMAINE TILLION;280;;;34070;MONTPELLIER;;;;;;;;;;;;;
IGES0000007713;SCI LES OLIVIERS - M PATRICE FERNANDO DE LA CONCEPTION;IMMEUBLE;;CHEMIN DE RIGAULTE;722;;;84800;L ISLE SUR LA SORGUE;;;;;;;;;;;;;
IGES0000004846;MONSIEUR JEAN LOUIS BERNARD;IMMEUBLE;;ROUTE DE BEZOUCE;3;;;30840;MEYNES;;;;;;;;;;;;;
IGES0000003781;M. PIERRE NAKAD;IMMEUBLE;;PLACE DE LA MAIRIE;0;;;30840;MEYNES;;;;;;;;;;;;;
IGES0000008551;SEMIGA;IMMEUBLE;;RUE DU MOULIN D ETIENNE;564;;;30600;VAUVERT;;;;;;;;;;;;;
IGES0000008232;SCI TAUPENAS VIDAL;IMMEUBLE;;RUE FERDINAND ROYBET;11;B;B;30700;UZES;;;;;;;;;;;;;
IGES0000005909;ROBERT ALAIN;IMMEUBLE;;IMPASSE DES MESANGES;65;;;13390;AURIOL;;;;;;;;;;;;;
IGES0000006023;SARL AGENCE IMMOBILIERE CEVENOLE;IMMEUBLE;;PLACE DU QUAI;1;;;30120;LE VIGAN;;;;;;;;;;;;;
IGES0000008905;SYNDIC BENEVOLE 4 RUE SAINTE MARIE;IMMEUBLE;;RUE SAINTE MARIE;4;;;30140;ANDUZE;;;;;;;;;;;;;
IGES0000000135;AGENCE LIEURE CEVENOLE;IMMEUBLE;;PLACE DU QUAI;1;;;30120;LE VIGAN;;;;;;;;;;;;;
IGES0000003711;M. DOMINIQUE DJALOK;IMMEUBLE;;RUE GEORGES BUONO;154;;;30126;ST LAURENT DES ARBRES;;;;;;;;;;;;;
IGES0000006725;SCI CAM;IMMEUBLE;;AVENUE DE PROVENCE;116;;;30150;SAUVETERRE;;;;;;;;;;;;;
IGES0000000138;AGENCE MEDIEVALE;IMMEUBLE;;PLACE DE LA REPUBLIQUE;2;;;30250;SOMMIERES;;;;;;;;;;;;;
IGES0000001219;CITYA TORTEL;IMMEUBLE;;BOULEVARD ALBIN DURAND;45;;;84200;CARPENTRAS;;;;;;;;;;;;;
IGES0000008869;SYNDIC BENEVOLE  27 RUE D ALGER;IMMEUBLE;;RUE D ALGER;27;;;30110;LES SALLES DU GARDON;;;;;;;;;;;;;
IGES0000001438;CONCEPTA SENIUM EXPLOITATION FRANCE;IMMEUBLE;84514803000024;RUE DE STRASBOURG;106;;;51100;REIMS;;;;;;;;;;;;;
IGES0000003156;LES VIGNERONS DE SOMMIERES;IMMEUBLE;;RUE DE L ARNEDE;2;;;30250;SOMMIERES;;;;;;;;;;;;;
IGES0000009125;SYNDIC BENVOELE DU 4 PLACE DE LA REPUBLIQUE;IMMEUBLE;;PLACE DE LA REPUBLIQUE;4;;;30140;ANDUZE;;;;;;;;;;;;;
IGES0000002349;G3S PROVENCE;IMMEUBLE;;CHEMIN BROUTE CABRE;445;;;34400;LUNEL;;;;;;;;;;;;;
IGES0000002498;GRAND DELTA HABITAT - AVIGNON SIEGE;IMMEUBLE;;RUE MARTIN LUTHER KING;3;;;84000;AVIGNON;;;;;;;;;;;;;
IGES0000007567;SCI LE BARAFORT;IMMEUBLE;;ROUTE DE LA BOISSIERE;0;;;30170;ST HIPPOLYTE DU FORT;;;;;;;;;;;;;
IGES0000009219;SYNE BENE 21 RUE BASSE;IMMEUBLE;;RUE BASSE;21;;;30140;ANDUZE;;;;;;;;;;;;;
IGES0000002518;GROUPE BAMA;IMMEUBLE;;AVENUE JEAN JAURES;56;;;30900;NIMES;;;;;;;;;;;;;
IGES0000009250;TERRE D ARGENCE IMMOBILIER;IMMEUBLE;;COURS GAMBETTA;14;;;30300;BEAUCAIRE;;;;;;;;;;;;;
IGES0000008801;SYN BENE DU 41 RUE DES GARRIGUES;IMMEUBLE;;RUE DES GARRIGUES;41;;;30240;LE GRAU DU ROI;;;;;;;;;;;;;
IGES0000003081;LEMOS DOMINIQUE;IMMEUBLE;;VOIE ROMAINE;372;;;30260;QUISSAC;;;;;;;;;;;;;
IGES0000004593;MME ET M. QUINTIN SANDRINE ET JEAN-DAVID;IMMEUBLE;;PLACE DU 19 MARS 1962;1;;;30170;ST HIPPOLYTE DU FORT;;;;;;;;;;;;;
IGES0000007676;SCI LES CIGALES D'OR;IMMEUBLE;;RUE DE LA REPUBLIQUE;199;;;30600;VAUVERT;;;;;;;;;;;;;
IGES0000006167;SAS AVENIR2;IMMEUBLE;;CHEMIN DE L ARCHE;3;;;30610;SAUVE;;;;;;;;;;;;;
IGES0000003776;M. PAGE ALAIN;IMMEUBLE;;CHEMIN DE LA GACHE;5;;;01160;ST MARTIN DU MONT;;;;;;;;;;;;;
IGES0000003193;LOGIS CEVENOLS;IMMEUBLE;;QUAI DE BILINA;433;;;30100;ALES;;;;;;;;;;;;;
IGES0000007307;SCI IMMOBILIERE DE L-AUBRADOU;IMMEUBLE;;CITES DE L AUBRADOU;0;;;30960;ST FLORENT SUR AUZONNET;;;;;;;;;;;;;
IGES0000003765;M. MADELAGE JEAN PHILIPPE;IMMEUBLE;;RUE DE PROVENCE;42;;;84150;VIOLES;;;;;;;;;;;;;
IGES0000009277;THIERRY PINARD;IMMEUBLE;;RUE DES CIGALES;439;;;30130;PONT ST ESPRIT;;;;;;;;;;;;;
IGES0000004876;MONSIEUR SEROPIAN;IMMEUBLE;;PLACE CROIX DES PALMIERS;12;;;30700;UZES;;;;;;;;;;;;;
IGES0000008845;SYNDIC BENE DU 1 RUE NEUVE;IMMEUBLE;;RUE NEUVE;1;;;30240;LE GRAU DU ROI;;;;;;;;;;;;;
IGES0000004560;MME COLOMB SYLVIE;IMMEUBLE;;CHEMIN DE LA CROISETTE;70;;;30121;MUS;;;;;;;;;;;;;
IGES0000006231;SAS LAZANDRE;IMMEUBLE;;CHEMIN DE LA COMBE DE CARMIGNAN;1160;;;30200;CHUSCLAN;;;;;;;;;;;;;
IGES0000008652;SOCIETE MERIDIONALE DU BATIMENT;IMMEUBLE;;AVENUE JEAN JAURES;67;;;30900;NIMES;;;;;;;;;;;;;
IGES0000007566;SCI LE 26;IMMEUBLE;;RUE HAUT MAZEAU;10;;;30130;PONT ST ESPRIT;;;;;;;;;;;;;
IGES0000005143;MR MOLINERE TOMAS;IMMEUBLE;;ROUTE NEUVE;650;;;30120;LE VIGAN;;;;;;;;;;;;;
IGES0000000780;BOUET TARASCON;IMMEUBLE;;COURS ARISTIDE BRIAND;3;;;13150;TARASCON;;;;;;;;;;;;;
IGES0000008298;SCI VR FATIRAS;IMMEUBLE;87835791200012;CHEMIN DE LA DEFRAISSE;0;;;30150;ROQUEMAURE;;;;;;;;;;;;;
IGES0000002694;IMMO CONCEPT LAUDUN;IMMEUBLE;;RUE DE LA REPUBLIQUE;252;;;30290;LAUDUN L ARDOISE;;;;;;;;;;;;;
IGES0000000686;BENTIVEGNA-SCI CLEM;IMMEUBLE;;ANCIEN CHEMIN ST J L ARBOUSIER;24;;;34160;SUSSARGUES;;;;;;;;;;;;;
IGES0000009353;VALLET IMMOBILIER;IMMEUBLE;;AVENUE GENERAL CHAMPON;16;;;38000;GRENOBLE;;;;;;;;;;;;;
IGES0000003722;M. FARGIER-RICHARD PHILIPPE;IMMEUBLE;;CHEMIN DES DILIGENCES;1013;;;30500;ST BRES;;;;;;;;;;;;;
IGES0000000146;AGENCE ORPI GADD;IMMEUBLE;;BOULEVARD DU PORTALET;7;;;30500;ST AMBROIX;;;;;;;;;;;;;
IGES0000003923;MADAME SZATKOWSKI VALERIE;IMMEUBLE;;ROUTE DE SAINT JULIEN;2043;;;30960;LES MAGES;;;;;;;;;;;;;
IGES0000007140;SCI FBI;IMMEUBLE;;RUE DE L USINE A CHAUX;244;;;30480;CENDRAS;;;;;;;;;;;;;
IGES0000005923;ROMAIN BELLET;IMMEUBLE;;RUE DE L EGLISE;9;;;30500;ST AMBROIX;;;;;;;;;;;;;
IGES0000003181;LOC IMMOBILIER UZES;IMMEUBLE;;RUE DE LA GRANDE BOURGADE;25;;;30700;UZES;;;;;;;;;;;;;
IGES0000001749;DELBOSC CAROLINE;IMMEUBLE;;RUE DES VANNEAUX;32;;;12850;ONET LE CHATEAU;;;;;;;;;;;;;
IGES0000007501;SCI LA RABASTE;IMMEUBLE;;ROUTE DU PONT DES CAMISARDS;56;;;30480;CENDRAS;;;;;;;;;;;;;
IGES0000002855;JOUFFRET JEAN-MICHEL;IMMEUBLE;;ROUTE DE FOUR;23;;;30131;PUJAUT;;;;;;;;;;;;;
IGES0000004474;MME  LAQUAIS MICHELE;IMMEUBLE;;RUE DE LA REPUBLIQUE;59;;;30160;BESSEGES;;;;;;;;;;;;;
IGES0000001157;CHRISTOPHE PESENTI;IMMEUBLE;;CHEMIN DES PRES;95;;;30700;LA CAPELLE ET MASMOLENE;;;;;;;;;;;;;
IGES0000004385;MASSE JACKY;IMMEUBLE;;PLACE DE L EGLISE;31;;;30250;LECQUES;;;;;;;;;;;;;
IGES0000004193;MAIRIE DE TORNAC;IMMEUBLE;;ROUTE DE SAINT HIPPOLYTE DU FORT;1543;;;30140;TORNAC;;;;;;;;;;;;;
IGES0000007578;SCI LE CEVENOL;IMMEUBLE;;CHEMIN COMBE DE TOURELLE;6;;;30111;CONGENIES;;;;;;;;;;;;;
IGES0000007421;SCI L'HERYDAN;IMMEUBLE;;ROUTE DE LA PESSE;675;;;74540;HERY SUR ALBY;;;;;;;;;;;;;
IGES0000008782;SYN BENE 8 DROITE;IMMEUBLE;;RUE DROITE;8;;;30140;ANDUZE;;;;;;;;;;;;;
IGES0000009268;THELENE IMMOBILIER;IMMEUBLE;40053180200066;ALLEE NIELS BOHR;63;;;34000;MONTPELLIER;;;;;;;;;;;;;
IGES0000002652;HUART CARL;IMMEUBLE;;RUE VIOGNIER;2;;;30230;RODILHAN;;;;;;;;;;;;;
IGES0000003142;LES COTTAGES DU CAILAR;IMMEUBLE;;AVENUE JEAN MACE;17;T;T;30740;LE CAILAR;;;;;;;;;;;;;
IGES0000008791;SYN BENE DU 12 PLACE DE VERDUN;IMMEUBLE;;PLACE DE VERDUN;12;;;30220;AIGUES MORTES;;;;;;;;;;;;;
IGES0000006540;SCI AGALPI;IMMEUBLE;;CHEMIN PIOCH DU LIROU;43;;;34270;LES MATELLES;;;;;;;;;;;;;
IGES0000004651;MME JOIRE STEPHANIE;IMMEUBLE;;RUE DES CASERNES;5;;;30120;LE VIGAN;;;;;;;;;;;;;
IGES0000006610;SCI AUDEMARD;IMMEUBLE;;CHEMIN DE LA CARREIRASSE;0;;;30114;NAGES ET SOLORGUES;;;;;;;;;;;;;
IGES0000001717;DAUGUET PATRICK;IMMEUBLE;;RUE DE LA GRANDE BOURGADE;51;;;30700;UZES;;;;;;;;;;;;;
IGES0000008911;SYNDIC BENEVOLE 6 RUE DU FOYER;IMMEUBLE;;RUE DU FOYER;6;;;30360;ST MAURICE DE CAZEVIEILLE;;;;;;;;;;;;;
IGES0000005018;MR ET MME CARRIERE SERGE;IMMEUBLE;;RUE DE L ABBE TAIGNON;20;;;30220;AIGUES MORTES;;;;;;;;;;;;;
IGES0000008971;SYNDIC BENEVOLE DU 20 PLACE DE LA CANOURGUE;IMMEUBLE;;PLACE DE LA CANOURGUE;20;;;30170;ST HIPPOLYTE DU FORT;;;;;;;;;;;;;
IGES0000002067;FESQUET FLORENCE;IMMEUBLE;;RUE DES TILLEULS;10;;;34470;PEROLS;;;;;;;;;;;;;
IGES0000006247;SAS P2C AMENAGEMENT;IMMEUBLE;;MAS DE COULONDRE;195;;;30670;AIGUES VIVES;;;;;;;;;;;;;
IGES0000007639;SCI LECONTE;IMMEUBLE;;ROUTE D ALES;1961;;;30340;SALINDRES;;;;;;;;;;;;;
IGES0000002811;JACQUES REVERTE;IMMEUBLE;;RUE DE L ESPLANADE;3;;;30500;ST AMBROIX;;;;;;;;;;;;;
IGES0000002235;FONCIA BAGNOLS;IMMEUBLE;;AVENUE JEAN PERRIN;41;;;30200;BAGNOLS SUR CEZE;;;;;;;;;;;;;
IGES0000005816;RAULET ALAIN;IMMEUBLE;;RUE VICTOR HUGO;29;;;30160;BESSEGES;;;;;;;;;;;;;
IGES0000008948;SYNDIC BENEVOLE DE LA RESIDENCE L AMOURIER;IMMEUBLE;;RUE DE LA CANTONNADE;5;;;30630;GOUDARGUES;;;;;;;;;;;;;
IGES0000008101;SCI RF1;IMMEUBLE;;ROUTE DU STADE;7;;;30220;ST LAURENT D AIGOUZE;;;;;;;;;;;;;
IGES0000006451;SCCV PONT ROYAL;IMMEUBLE;;AVENUE JEAN JAURES;67;;;30900;NIMES;;;;;;;;;;;;;
IGES0000007796;SCI MADELAINE;IMMEUBLE;;RUE EUGENE VIGNE;5;;;30300;BEAUCAIRE;;;;;;;;;;;;;
IGES0000008886;SYNDIC BENEVOLE 11 CHEMIN RIVIERE;IMMEUBLE;;PLACE BONALD;1;;;30120;LE VIGAN;;;;;;;;;;;;;
IGES0000004851;MONSIEUR MASSELIN MICHEL FRANCOIS;IMMEUBLE;;RUE ROSES DE MAI;17;;;06210;MANDELIEU LA NAPOULE;;;;;;;;;;;;;
IGES0000004605;MME FLORENCE MOULIS;IMMEUBLE;;AVENUE DES PRES D ARLAC;1;;;30300;FOURQUES;;;;;;;;;;;;;
IGES0000009172;SYNDIC LA FILATURE;IMMEUBLE;;RUE BENOIT;11;;;30700;UZES;;;;;;;;;;;;;
IGES0000006732;SCI CANPOT;IMMEUBLE;;CHEMIN DES COSTES;303;;;30340;ST JULIEN LES ROSIERS;;;;;;;;;;;;;
IGES0000005163;MR PANISSIER JEAN;IMMEUBLE;;ROUTE D AUBAIS;526;;;30250;SOMMIERES;;;;;;;;;;;;;
IGES0000008809;SYN BENE DU110 RUE DES SALADELLES;IMMEUBLE;;RUE DES SALADELLES;110;;;30240;LE GRAU DU ROI;;;;;;;;;;;;;
IGES0000004527;MME BRUSCHI VERONIQUE;IMMEUBLE;;RUE DE MONTSAUVE;189;;;30140;GENERARGUES;;;;;;;;;;;;;
IGES0000008951;SYNDIC BENEVOLE DE LA RESIDENCE LES AIGRETTES - BAT G;IMMEUBLE;;RUE D ESTIENNE D ORVES;168;;;30240;LE GRAU DU ROI;;;;;;;;;;;;;
IGES0000001699;DARDAILLON L IMMOBILIER;IMMEUBLE;;RUE DE L HORLOGE;16;;;30360;VEZENOBRES;;;;;;;;;;;;;
IGES0000002541;GT IMMOBILIER;IMMEUBLE;;ROUTE DE PLAN D ORGON;1216;;;13940;MOLLEGES;;;;;;;;;;;;;
IGES0000003694;M. BORDJI DJAMEL;IMMEUBLE;;RUE PASTEUR;8;;;30110;LA GRAND COMBE;;;;;;;;;;;;;
IGES0000006851;SCI DARDAILLON IMMOBILIER;IMMEUBLE;;MONTEE DE LA MARGUE;72;;;30340;ST PRIVAT DES VIEUX;;;;;;;;;;;;;
IGES0000003692;M. BONHOMME;IMMEUBLE;;RUE DU PONT;17;;;30200;CODOLET;;;;;;;;;;;;;
IGES0000001942;ELIANE BOSQUIER;IMMEUBLE;;ROUTE DE QUISSAC;3448;;;30140;TORNAC;;;;;;;;;;;;;
IGES0000007692;SCI LES ENFANTS;IMMEUBLE;;RUE DES STERNES;89;;;30240;LE GRAU DU ROI;;;;;;;;;;;;;
IGES0000008815;SYN BENE LE TRIDENT;IMMEUBLE;;RUE DES ANCIENNES ECOLES;32;;;30920;CODOGNAN;;;;;;;;;;;;;
IGES0000008112;SCI ROMO - BORELLY;IMMEUBLE;;CHEMIN DES COMEYRES;143;;;30126;TAVEL;;;;;;;;;;;;;
IGES0000000629;BARRAY JEREMY;IMMEUBLE;;RUE FREDERIC MISTRAL;38;;;30200;CODOLET;;;;;;;;;;;;;
IGES0000004808;MONSIEUR BECHEAU LA FONTA;IMMEUBLE;;QUAI DES CHARTRONS;79;;;33000;BORDEAUX;;;;;;;;;;;;;
IGES0000004455;MJEAN FRANCOIS GUERIN;IMMEUBLE;;AVENUE DE CAMARGUE;258;;;30240;LE GRAU DU ROI;;;;;;;;;;;;;
IGES0000001179;CITYA BELVIA MONTPELLIER (CITYA ARENA);IMMEUBLE;;RUE DENIS PAPIN;501;;;34000;MONTPELLIER;;;;;;;;;;;;;
IGES0000007155;SCI FLORALIE;IMMEUBLE;;CHEMIN DES CEVENNES;90;;;30380;ST CHRISTOL LEZ ALES;;;;;;;;;;;;;
IGES0000002861;JPC IMMOBILIER;IMMEUBLE;;QUAI GEORGES POMPIDOU;325;;;34280;LA GRANDE MOTTE;;;;;;;;;;;;;
IGES0000009264;TEYSSIER IMMOBILIER (BEAUCAIRE);IMMEUBLE;;QUAI GENERAL DE GAULLE;13;;;30300;BEAUCAIRE;;;;;;;;;;;;;
IGES0000002573;HABITAT DU GARD;IMMEUBLE;;AVENUE JEAN JAURES;92;B;B;30900;NIMES;;;;;;;;;;;;;
IGES0000000307;ASL - CLOS DES MAZETIERS;IMMEUBLE;;RUE DES NOYERS;0;;;30640;BEAUVOISIN;;;;;;;;;;;;;
IGES0000007239;SCI GROUPE SUD;IMMEUBLE;;RUE AMIRAL DE GRASSE;24;;;30240;LE GRAU DU ROI;;;;;;;;;;;;;
IGES0000000852;CABINET ARTEMIO;IMMEUBLE;;RUE DU PROFESSEUR ANTONIN BALMES;168;;;34070;MONTPELLIER;;;;;;;;;;;;;
IGES0000008547;SEMAPHORE IMMOBILIER;IMMEUBLE;;AVENUE SIMONE VEIL;3;;;30240;LE GRAU DU ROI;;;;;;;;;;;;;
IGES0000005235;MR VIAUD;IMMEUBLE;;IMPASSE DES CLAIRETTES;0;;;30126;TAVEL;;;;;;;;;;;;;
IGES0000004247;MAIRIE LES SALLES DU GARDON;IMMEUBLE;;RUE JEAN DELPUECH;0;;;30110;LES SALLES DU GARDON;;;;;;;;;;;;;
IGES0000000919;CABINET REVERBEL;IMMEUBLE;;IMPASSE LA CURIEUSE;5;;;30240;LE GRAU DU ROI;;;;;;;;;;;;;
IGES0000007723;SCI LES QUATRE D;IMMEUBLE;;BOULEVARD VICTOR HUGO;23;;;84500;BOLLENE;;;;;;;;;;;;;
IGES0000001671;CULIERAS  DIDIER;IMMEUBLE;;RUE COMMANDANT MAGES;50;;;13001;MARSEILLE;;;;;;;;;;;;;
IGES0000001308;COMMUNAUTE DE COMMUNES PAYS D'UZES;IMMEUBLE;;AVENUE DU 8 MAI 1945;9;;;30700;UZES;;;;;;;;;;;;;
IGES0000005748;PROPRIETES DE PROVENCE AGENCE BOUET;IMMEUBLE;;COURS ARISTIDE BRIAND;3;;;13150;TARASCON;;;;;;;;;;;;;
IGES0000007221;SCI GODICHARD;IMMEUBLE;82267956900019;CHEMIN DES COMEYRES;164;;;30126;TAVEL;;;;;;;;;;;;;
IGES0000007169;SCI FREDELYS;IMMEUBLE;;RUE DES MOURGUETTES;9;;;30620;UCHAUD;;;;;;;;;;;;;
IGES0000002100;FONCIA ALBERT 1ER;IMMEUBLE;;PLACE ALBERT 1ER;1;;;30700;UZES;;;;;;;;;;;;;
IGES0000004830;MONSIEUR ESPAZE;IMMEUBLE;; GRAND RUE;14;;;30440;SUMENE;;;;;;;;;;;;;
IGES0000001148;CHOVET;IMMEUBLE;;AVENUE DE LA VAUNAGE;5;;;30114;NAGES ET SOLORGUES;;;;;;;;;;;;;
IGES0000004856;MONSIEUR MUSTE;IMMEUBLE;;RUE PASTEUR;3;;;30150;ROQUEMAURE;;;;;;;;;;;;;
IGES0000000824;BROUILLET CHRISTELLE;IMMEUBLE;; LE JONCAS;0;;;30330;ST ANDRE D OLERARGUES;;;;;;;;;;;;;
IGES0000007383;SCI JT;IMMEUBLE;;LIEU DIT NOGENT;0;;;97115;STE ROSE;;;;;;;;;;;;;
IGES0000000992;CASTRIMMO;IMMEUBLE;;AVENUE DE MONTPELLIER;18;B;B;34160;CASTRIES;;;;;;;;;;;;;
IGES0000000081;AGENCE 2A - LE BURO DE L IMMO;IMMEUBLE;;PLACE DU QUAI;13;;;30120;LE VIGAN;;;;;;;;;;;;;
IGES0000000712;BERTHEZENE GILLES;IMMEUBLE;;PLACE DE LA FONTAINE;0;;;30750;LANUEJOLS;;;;;;;;;;;;;
IGES0000009037;SYNDIC BENEVOLE M LOUIS DE PAILLETTE;IMMEUBLE;;PLACE DU 18 JUIN 1940;3;;;30130;PONT ST ESPRIT;;;;;;;;;;;;;
IGES0000004569;MME DANIEL DOMINIQUE;IMMEUBLE;;CHEMIN DE COSTE CHAUDE;62;;;30500;ST AMBROIX;;;;;;;;;;;;;
IGES0000004545;MME CHALANDON ROSELINE;IMMEUBLE;;AVENUE EMMANUEL D ALZON;26;;;30120;LE VIGAN;;;;;;;;;;;;;
IGES0000007854;SCI MBCG;IMMEUBLE;;RUE DU PLAN DES AIRES;40;;;30360;VEZENOBRES;;;;;;;;;;;;;
IGES0000000774;BOSQUIER CHRISTINE;IMMEUBLE;; BEAUDALBRE;0;;;30140;TORNAC;;;;;;;;;;;;;
IGES0000006279;SAURET DANIELLE;IMMEUBLE;;RUE DE LA REPUBLIQUE;127;;;30290;LAUDUN L ARDOISE;;;;;;;;;;;;;
IGES0000005011;MR ERIC COUTURIER;IMMEUBLE;;PLACE DES ANNELS;7;;;30430;ST JEAN DE MARUEJOLS ET AVEJAN;;;;;;;;;;;;;
IGES0000001296;COMMUNAUTE DE COMMUNES CAUSSES AIGOUAL CEVENNES;IMMEUBLE;; L ESPEROU;0;;;30570;VAL D AIGOUAL;;;;;;;;;;;;;
IGES0000007310;SCI IMOFOR;IMMEUBLE;;CHEMIN DU PESQUIER;3;;;30111;CONGENIES;;;;;;;;;;;;;
IGES0000008811;SYN BENE JUAN;IMMEUBLE;;RUE DU MOULIN D AOURO;16;;;30620;UCHAUD;;;;;;;;;;;;;
IGES0000004045;MAIRIE DE CAVILLARGUES;IMMEUBLE;;TOUR DE VILLE;4;;;30330;CAVILLARGUES;;;;;;;;;;;;;
IGES0000003806;M.BOISSIER CLAUDE;IMMEUBLE;;RUE DU SEMAPHORE;12;;;30240;LE GRAU DU ROI;;;;;;;;;;;;;
IGES0000002264;FONCIA LANGUEDOC PROVENCE;IMMEUBLE;;BOULEVARD ALPHONSE DAUDET;7;;;30000;NIMES;;;;;;;;;;;;;
IGES0000004016;MAIRIE D'ORSAN;IMMEUBLE;21300191000016;AVENUE DES TAVANS;11;;;30200;ORSAN;;;;;;;;;;;;;
IGES0000008290;SCI VIRGILIO;IMMEUBLE;;ROUTE D UZES;3515;;;30000;NIMES;;;;;;;;;;;;;
IGES0000008964;SYNDIC BENEVOLE DU 17 RUE DES BARRIS;IMMEUBLE;;RUE DES BARRIS;17;;;30120;LE VIGAN;;;;;;;;;;;;;
IGES0000004532;MME CAROLINE MARGUARIT;IMMEUBLE;;AVENUE DE LA FELICITE;65;;;30640;BEAUVOISIN;;;;;;;;;;;;;
IGES0000002654;HUCHON MOREL MARTINE;IMMEUBLE;;RUE DE L EMERAUDE;15;B;B;30700;UZES;;;;;;;;;;;;;
IGES0000005952;RUIZ JUAN;IMMEUBLE;;IMPASSE JEAN PAUL BOYER;215;;;30000;NIMES;;;;;;;;;;;;;
IGES0000008209;SCI ST JACQUES;IMMEUBLE;;ANCIENNE ROUTE ROYALE;306;;;30130;PONT ST ESPRIT;;;;;;;;;;;;;
IGES0000002282;FONCIA NIMES;IMMEUBLE;;AVENUE FEUCHERES;11;;;30000;NIMES;;;;;;;;;;;;;
IGES0000004079;MAIRIE DE DOURBIES;IMMEUBLE;;RUE DE LA MAIRIE;6;;;30750;DOURBIES;;;;;;;;;;;;;
IGES0000003741;M. HERRERO JESUS;IMMEUBLE;;RUE KADER FIROUD;6;;;30730;FONS;;;;;;;;;;;;;
IGES0000003920;MADAME SOPHIE BONHOMME;IMMEUBLE;;IMPASSE DE LIQUEYROL;3;;;30720;RIBAUTE LES TAVERNES;;;;;;;;;;;;;
IGES0000000704;BERNARD PHILIPPE;IMMEUBLE;;CHEMIN DU PUIT VARIN;689;;;30410;MOLIERES SUR CEZE;;;;;;;;;;;;;
IGES0000008974;SYNDIC BENEVOLE DU 26 RUE DES CASERNES;IMMEUBLE;;RUE DES CASERNES;26;;;30120;LE VIGAN;;;;;;;;;;;;;
IGES0000004147;MAIRIE DE QUISSAC;IMMEUBLE;;AVENUE DU 11 NOVEMBRE;1;;;30260;QUISSAC;;;;;;;;;;;;;
IGES0000009275;THIERRY LACOMBE;IMMEUBLE;;ROUTE DE NIMES;567;;;30220;AIGUES MORTES;;;;;;;;;;;;;
IGES0000005100;MR LACAN;IMMEUBLE;;RUE DU FOUR;3;;;30120;LE VIGAN;;;;;;;;;;;;;
IGES0000008808;SYN BENE DU 8 RUE DE LA REPUBLIQUE;IMMEUBLE;;RUE DE LA REPUBLIQUE;8;;;30500;ST AMBROIX;;;;;;;;;;;;;
IGES0000000428;ASL LE PROVIDENCE;IMMEUBLE;;AVENUE DES VENDANGES;108;;;30310;VERGEZE;;;;;;;;;;;;;
IGES0000004011;MAIRIE D'AUBAIS;IMMEUBLE;;AVENUE EMILE LEONARD;11;;;30250;AUBAIS;;;;;;;;;;;;;
IGES0000004994;MR DAVIS CROS;IMMEUBLE;;RUE DU MOULIN D ETIENNE;74;;;30600;VAUVERT;;;;;;;;;;;;;
IGES0000009265;TEYSSIER IMMOBILIER - VOLPELIERE;IMMEUBLE;;AVENUE DE STALINGRAD;77;;;13200;ARLES;;;;;;;;;;;;;
IGES0000007332;SCI JAKIVA;IMMEUBLE;;CHEMIN BAS DE LUNEL;0;;;34590;MARSILLARGUES;;;;;;;;;;;;;
IGES0000003758;M. LAURET RENE;IMMEUBLE;;AVENUE SIMONE VEIL;3;;;30240;LE GRAU DU ROI;;;;;;;;;;;;;
IGES0000008574;SFHE ARCADES;IMMEUBLE;64201670300141;ROUTE DES MILLES;1175;;;13090;AIX EN PROVENCE;;;;;;;;;;;;;
IGES0000004622;MME GRENARD CHRISTINE;IMMEUBLE;;IMPASSE DE LA GURALIER;0;;;30460;COLOGNAC;;;;;;;;;;;;;
IGES0000003462;M FRANCES CLEMENT;IMMEUBLE;;IMPASSE DES CHEMINOTS;50;;;30660;GALLARGUES LE MONTUEUX;;;;;;;;;;;;;
IGES0000000165;AGIR NIMES;IMMEUBLE;;RUE DE VERDUN;16;;;30900;NIMES;;;;;;;;;;;;;
IGES0000002245;FONCIA CAMARGUE;IMMEUBLE;;PLACE ANTONELLE;7;;;13200;ARLES;;;;;;;;;;;;;
IGES0000004788;MME VANDEYCK GENNY;IMMEUBLE;;RUE DE LA REPUBLIQUE;70;;;30160;BESSEGES;;;;;;;;;;;;;
IGES0000008776;SYN BENE 38 EMILE JAMAIS;IMMEUBLE;;RUE EMILE JAMAIS;38;;;30220;AIGUES MORTES;;;;;;;;;;;;;
IGES0000002445;GHESQUIERE;IMMEUBLE;;PLACE DU QUAI;21;;;30120;LE VIGAN;;;;;;;;;;;;;
IGES0000004004;MAIRIE D'AIMARGUES;IMMEUBLE;;PLACE DU 8 MAI 1945;1;;;30470;AIMARGUES;;;;;;;;;;;;;
IGES0000003745;M. JAUBERT GERARD;IMMEUBLE;;CHEMIN DE L ENTREMONT;62;;;30630;MONTCLUS;;;;;;;;;;;;;
IGES0000000044;ACCABAT;IMMEUBLE;;CHEMIN DE LACRE;95;A;A;30700;AIGALIERS;;;;;;;;;;;;;
IGES0000009221;SYNE BENE 7 RUE DE L EGLISE;IMMEUBLE;;RUE DE L EGLISE;7;;;30500;ST AMBROIX;;;;;;;;;;;;;
IGES0000004626;MME GUY NICOLE;IMMEUBLE;;ROUTE DE GANGES;300;;;30120;LE VIGAN;;;;;;;;;;;;;
IGES0000006482;SCI .SALVI;IMMEUBLE;;CHEMIN DU MAS DE LA CORSE;37;;;30360;VEZENOBRES;;;;;;;;;;;;;
IGES0000006706;SCI BRUYERE;IMMEUBLE;;RUE DU GENERAL BRUYERE;7;;;30250;SOMMIERES;;;;;;;;;;;;;
IGES0000008840;SYNDIC BENE 40 PLACE DES AMPHORES 30240;IMMEUBLE;;PLACE DES AMPHORES;40;;;30240;LE GRAU DU ROI;;;;;;;;;;;;;
IGES0000006580;SCI ANDRON;IMMEUBLE;;CHEMIN DU MAS D ANDRON;0;;;30470;AIMARGUES;;;;;;;;;;;;;
IGES0000002496;GRAND DELTA HABITAT;IMMEUBLE;;RUE MARTIN LUTHER KING;3;;;84000;AVIGNON;;;;;;;;;;;;;
IGES0000007878;SCI MEYNAD;IMMEUBLE;;RUE DU CREUX DES MAGES;6;;;30600;VAUVERT;;;;;;;;;;;;;
IGES0000004977;MR CONTAN DRIO POULOS YVES;IMMEUBLE;;RUE DE LA GARE;32;;;30160;ROBIAC ROCHESSADOULE;;;;;;;;;;;;;
IGES0000002477;GLC SYNDIC;IMMEUBLE;;RUE ALBERT 1ER;3;;;30100;ALES;;;;;;;;;;;;;
IGES0000004398;MAURICE DURAND;IMMEUBLE;; GRAND RUE;12;;;30440;SUMENE;;;;;;;;;;;;;
IGES0000004688;MME MARIE LINE MOLLA;IMMEUBLE;;COUR DES MIRACLES;2;;;30120;LE VIGAN;;;;;;;;;;;;;
IGES0000006646;SCI BBC TOURNELLE;IMMEUBLE;;RUE DES CANEBIERES;30;;;30190;ST GENIES DE MALGOIRES;;;;;;;;;;;;;
IGES0000004828;MONSIEUR DUREPAIRE PATRICK;IMMEUBLE;;PLACE DU QUAI;10;;;30120;LE VIGAN;;;;;;;;;;;;;
IGES0000007062;SCI DU VERGER;IMMEUBLE;;IMPASSE DU VERGER;6;;;13800;ISTRES;;;;;;;;;;;;;
IGES0000003947;MAIRIE  DE LE VIGAN;IMMEUBLE;;PLACE QUATREFAGES DE LAROQUETE;1;;;30120;LE VIGAN;;;;;;;;;;;;;
IGES0000001644;COULET CLAIRE;IMMEUBLE;;BOULEVARD GAMBETTA;2;;;30220;AIGUES MORTES;;;;;;;;;;;;;
IGES0000005242;MR WOLNIAK PIERRE MARIE;IMMEUBLE;;RUE DE PIGNOUX;27;;;18000;BOURGES;;;;;;;;;;;;;
IGES0000007937;SCI NEWFEE;IMMEUBLE;;ALLEE DES LORIOTS;5;;;84320;ENTRAIGUES SUR LA SORGUE;;;;;;;;;;;;;
IGES0000004578;MME DUMAS CATHERINE;IMMEUBLE;;RUE DU CREMAT;13;B;B;30000;NIMES;;;;;;;;;;;;;
IGES0000001861;DR LAURENT BLANCHE BARBAT;IMMEUBLE;;AVENUE DES ANCIENS COMBATTANTS;15;B;B;30470;AIMARGUES;;;;;;;;;;;;;
IGES0000007084;SCI EIFA;IMMEUBLE;;CHEMIN DES CYPRES;547;;;30130;PONT ST ESPRIT;;;;;;;;;;;;;
IGES0000001416;COMMUNE DE VALLABREGUES;IMMEUBLE;;PLACE FREDERIC MISTRAL;0;;;30300;VALLABREGUES;;;;;;;;;;;;;
IGES0000007512;SCI LA ROUTE SAUVE;IMMEUBLE;;ROUTE DE SAUVE;6;;;30260;QUISSAC;;;;;;;;;;;;;
IGES0000005571;PLUS MARIANNE;IMMEUBLE;;PLACE NOTRE DAME;4;;;30140;ANDUZE;;;;;;;;;;;;;
IGES0000002836;JEREMIE ROUZAUD;IMMEUBLE;;PLACE DE LA MAIRIE;12;;;30300;JONQUIERES ST VINCENT;;;;;;;;;;;;;
IGES0000005007;MR DUMAS ET MME MAURIN;IMMEUBLE;;RUE FERRER;6;;;30160;BESSEGES;;;;;;;;;;;;;
IGES0000007100;SCI EMIMAN;IMMEUBLE;;RUE DE LA PARRO;13;;;48250;LA BASTIDE PUYLAURENT;;;;;;;;;;;;;
IGES0000007376;SCI JPA ALVAREZ;IMMEUBLE;;ROUTE DE NIMES;125;;;30140;TORNAC;;;;;;;;;;;;;
IGES0000002598;HARRASS JAOUAD;IMMEUBLE;;RUE ALPHONSE DAUDET;14;;;84850;CAMARET SUR AIGUES;;;;;;;;;;;;;
IGES0000005243;MR XAVIER COSTE;IMMEUBLE;;PLACE DU QUAI;22;;;30120;LE VIGAN;;;;;;;;;;;;;
IGES0000005081;MR JACQUES VEISTROFFER;IMMEUBLE;;AVENUE DE LA GARE;18;;;30700;UZES;;;;;;;;;;;;;
IGES0000004180;MAIRIE DE ST HYPOLYTE DU FORT;IMMEUBLE;;PLACE DE LA MAIRIE;0;;;30170;ST HIPPOLYTE DU FORT;;;;;;;;;;;;;
IGES0000003661;M TURKI;IMMEUBLE;;AVENUE ROBERT DE JOLY;146;;;30620;UCHAUD;;;;;;;;;;;;;
IGES0000008794;SYN BENE DU 191 AVENUE VICTOR HUGO;IMMEUBLE;;AVENUE VICTOR HUGO;191;;;30600;VAUVERT;;;;;;;;;;;;;
IGES0000007917;SCI MR POMPES;IMMEUBLE;;RUE DU LEVANT;179;;;30420;CALVISSON;;;;;;;;;;;;;
IGES0000007844;SCI MATILOC;IMMEUBLE;;RUE DU PALAIS;1;;;30120;LE VIGAN;;;;;;;;;;;;;
IGES0000002481;GOAO;IMMEUBLE;;SQUARE EYSSETTE;1;;;30300;BEAUCAIRE;;;;;;;;;;;;;
IGES0000008627;SNG AIX EN PROVENCE;IMMEUBLE;44465595500029;ROUTE DES MILLES;1435;;;13090;AIX EN PROVENCE;;;;;;;;;;;;;
IGES0000006662;SCI BELVEDERE-CAVALIE;IMMEUBLE;;CHEMIN DU PLAN;1751;;;30650;ROCHEFORT DU GARD;;;;;;;;;;;;;
IGES0000000126;AGENCE IMMOBILIERE MTI;IMMEUBLE;;RUE TEDENAT;2;;;30900;NIMES;;;;;;;;;;;;;
IGES0000003044;LE SARRAIL IMMOBILIER;IMMEUBLE;;BOULEVARD LAFAYETTE;312;;;34400;LUNEL;;;;;;;;;;;;;
IGES0000002722;IMMOBILIER DU PHARE;IMMEUBLE;;RUE DU STADE;8;;;30240;LE GRAU DU ROI;;;;;;;;;;;;;
IGES0000002253;FONCIA FABRE GIBERT;IMMEUBLE;;BOULEVARD SAINT MICHEL;34;;;84000;AVIGNON;;;;;;;;;;;;;
IGES0000008952;SYNDIC BENEVOLE DE LA RESIDENCE LES AMPHORES;IMMEUBLE;;RUE DES BORNES;10;;;70190;VORAY SUR L OGNON;;;;;;;;;;;;;
IGES0000006631;SCI BALAT;IMMEUBLE;;CHEMIN DES CARBONNIERES;110;;;30210;VERS PONT DU GARD;;;;;;;;;;;;;
IGES0000006253;SAS SAN DALMASSO;IMMEUBLE;;CHEMIN DES CANAUX;639;;;30600;VAUVERT;;;;;;;;;;;;;
IGES0000004838;MONSIEUR GILBERT BEC;IMMEUBLE;;PETIT CHEMIN DE NIMES;0;;;30700;UZES;;;;;;;;;;;;;
IGES0000005270;NEGOCE HABITAT;IMMEUBLE;;AVENUE DU MAS DE SAPTE;117;;;34130;ST AUNES;;;;;;;;;;;;;
IGES0000005808;RAMBIER AMENAGEMENT;IMMEUBLE;;AVENUE DES MOULINS;0;;;34000;MONTPELLIER;;;;;;;;;;;;;
IGES0000008023;SCI PETRA;IMMEUBLE;;RUE VICTOR HUGO;19;;;30160;BESSEGES;;;;;;;;;;;;;
IGES0000005598;PREMALIS;IMMEUBLE;;AVENUE ALFRED SAUVY;455;;;34470;PEROLS;;;;;;;;;;;;;
IGES0000001777;DEPARTEMENT DU GARD;IMMEUBLE;;RUE GUILLEMETTE;3;;;30000;NIMES;;;;;;;;;;;;;
IGES0000003681;M. ABDELMOUTALEB BALKOUMI;IMMEUBLE;;RUE DE BEAUCAIRE;24;;;30300;JONQUIERES ST VINCENT;;;;;;;;;;;;;
IGES0000006170;SAS BELLEVUE;IMMEUBLE;;RUE AUGUSTE;16;;;30000;NIMES;;;;;;;;;;;;;
IGES0000003721;M. FAGARD RENE;IMMEUBLE;;CHEMIN DE LA ROUVIERE;4;;;30630;ST ANDRE DE ROQUEPERTUIS;;;;;;;;;;;;;
IGES0000000581;AUSSET IMMOBILIER;IMMEUBLE;;SQUARE ANTONIN;4;;;30000;NIMES;;;;;;;;;;;;;
IGES0000008915;SYNDIC BENEVOLE 92 RUE DE LA BARRE VAUVERT;IMMEUBLE;;RUE DE LA BARRE;92;;;30600;VAUVERT;;;;;;;;;;;;;
IGES0000004963;MR CHRISTIAN PALMIER;IMMEUBLE;;CHEMIN DU PETARDIER;315;;;84100;UCHAUX;;;;;;;;;;;;;
IGES0000003771;M. NICOLAS CORDERO;IMMEUBLE;;RUE DU DOCTEUR ANTHOINE;58;;;30300;BEAUCAIRE;;;;;;;;;;;;;
IGES0000004811;MONSIEUR BETTON;IMMEUBLE;;ROUTE D ESTEZARGUES;698;;;30390;DOMAZAN;;;;;;;;;;;;;
IGES0000008620;SNC MERIMEE;IMMEUBLE;;AVENUE GENERAL VINCENT;1;;;30700;UZES;;;;;;;;;;;;;
IGES0000004564;MME COULOMB LIBERTA;IMMEUBLE;;RUE DES BARRIS;21;;;30120;LE VIGAN;;;;;;;;;;;;;
IGES0000008812;SYN BENE LA CIGALIERE 30240;IMMEUBLE;;RUE DES CEVENNES;156;;;30240;LE GRAU DU ROI;;;;;;;;;;;;;
IGES0000000585;AUVRAY PATRICK;IMMEUBLE;; PRADES;0;;;30140;THOIRAS;;;;;;;;;;;;;
IGES0000008784;SYN BENE DE LA RESIDENCE LES MIMOSAS;IMMEUBLE;;CHEMIN DU CAMP MARTIN;83;;;30200;ST MICHEL D EUZET;;;;;;;;;;;;;
IGES0000001203;CITYA L'HORLOGE;IMMEUBLE;;RUE MOLIERE;4;;;84000;AVIGNON;;;;;;;;;;;;;
IGES0000007413;SCI L'ALBAYZIN;IMMEUBLE;;AVENUE JEAN MOULIN;215;;;30220;ST LAURENT D AIGOUZE;;;;;;;;;;;;;
IGES0000007684;SCI LES COUZ;IMMEUBLE;;RUE DE GREASQUE;8;;;13790;ROUSSET;;;;;;;;;;;;;
IGES0000006668;SCI BF AVENIR;IMMEUBLE;;RUE FREDERIC MISTRAL;1;;;30190;LA CALMETTE;;;;;;;;;;;;;
IGES0000007130;SCI FAKOU;IMMEUBLE;;RUE D ALSACE LORRAINE;65;;;31000;TOULOUSE;;;;;;;;;;;;;
IGES0000006574;SCI AMEN CORNER;IMMEUBLE;;CHEMIN DE LA PASSERONNE;320;;;30640;BEAUVOISIN;;;;;;;;;;;;;
IGES0000008779;SYN BENE 54 ALSACE LORAINE;IMMEUBLE;;RUE ALSACE LORRAINE;54;;;30240;LE GRAU DU ROI;;;;;;;;;;;;;
IGES0000004692;MME MARYLINE TRINTIGNAC;IMMEUBLE;;RUE DES PRUNUS;21;;;30410;MEYRANNES;;;;;;;;;;;;;
IGES0000006462;SCCV TZ 1;IMMEUBLE;87895811500015;ENCLOS HENRI MATISSE;82;;;34130;MAUGUIO;;;;;;;;;;;;;
IGES0000000547;ASSOCIATION L AUBERGE LA PRADELLE;IMMEUBLE;; LA PRADELLE;5098;;;30125;SAUMANE;;;;;;;;;;;;;
IGES0000008966;SYNDIC BENEVOLE DU 180 RUE DU FENOUIL;IMMEUBLE;;RUE DU FENOUIL;180;;;30240;LE GRAU DU ROI;;;;;;;;;;;;;
IGES0000000641;BASTIEN FABRICE;IMMEUBLE;;RUE DU PUITS DE LA CALADE;3;;;30130;PONT ST ESPRIT;;;;;;;;;;;;;
IGES0000007623;SCI LE PEIROU;IMMEUBLE;;ROUTE DES PUTIS;0;;;13109;SIMIANE COLLONGUE;;;;;;;;;;;;;
IGES0000001744;DELANDUC RENE;IMMEUBLE;;MONTEE DE LA FONTAINE;1;B;B;30200;SABRAN;;;;;;;;;;;;;
IGES0000004647;MME JACINTO NADIA;IMMEUBLE;;BOULEVARD GAMBETTA;16;;;30220;AIGUES MORTES;;;;;;;;;;;;;
IGES0000005218;MR SULJEVIC;IMMEUBLE;;RUE NATIONALE;67;;;30300;BEAUCAIRE;;;;;;;;;;;;;
IGES0000002710;IMMO MAPI - LATTES MAURIN;IMMEUBLE;;RUE DU LANTISSARGUES;122;;;34970;LATTES;;;;;;;;;;;;;
IGES0000000334;ASL 8 IMPASSE MIMOSA;IMMEUBLE;;IMPASSE DES MIMOSAS;8;;;30620;UCHAUD;;;;;;;;;;;;;
IGES0000008803;SYN BENE DU 5 RUE DU PLAN DE BRIE;IMMEUBLE;;RUE DU PLAN DE BRIE;5;;;30140;ANDUZE;;;;;;;;;;;;;
IGES0000007499;SCI LA POTERIE;IMMEUBLE;; LA PONTIERE;0;;;30140;ANDUZE;;;;;;;;;;;;;
IGES0000002049;FDI PROMOTION;IMMEUBLE;;RUE GEORGES MELIES;501;;;34000;MONTPELLIER;;;;;;;;;;;;;
IGES0000004947;MR BOURRET DANIEL;IMMEUBLE;;RUE DES ALPILLES;6;;;13180;GIGNAC LA NERTHE;;;;;;;;;;;;;
IGES0000007194;SCI GC;IMMEUBLE;;RUE EMILE JAMAIS;23;;;30220;AIGUES MORTES;;;;;;;;;;;;;
IGES0000003791;M. SCLEAR JEAN-LUC;IMMEUBLE;;ROUTE DE FOUR;208;;;30131;PUJAUT;;;;;;;;;;;;;
IGES0000003849;M.MACALUSO;IMMEUBLE;;RUE MICHEL REDARES;9;;;30240;LE GRAU DU ROI;;;;;;;;;;;;;
IGES0000008089;SCI RESIDENCE ANCIEN PONT;IMMEUBLE;;ROUTE DE JONQUIERES;1636;;;30490;MONTFRIN;;;;;;;;;;;;;
IGES0000007908;SCI MOHABIL;IMMEUBLE;;RUE LEDRU ROLLIN;7;;;30300;BEAUCAIRE;;;;;;;;;;;;;
IGES0000008773;SYN BENE 25 BANLOUX 30640;IMMEUBLE;;RUE DE BANLOUX;25;;;30640;BEAUVOISIN;;;;;;;;;;;;;
IGES0000000703;BERNARD KRAL;IMMEUBLE;;ROUTE DES BROUSSES;3784;;;30410;MOLIERES SUR CEZE;;;;;;;;;;;;;
IGES0000002668;I3F OCCITANIE - MAZAMET;IMMEUBLE;;RUE JULES FERRY;12;;;81200;MAZAMET;;;;;;;;;;;;;
IGES0000000535;ASSICIATION RESTER AU VILLAGE;IMMEUBLE;;IMPASSE LES OLIVETTES;59;;;30630;VERFEUIL;;;;;;;;;;;;;
IGES0000004699;MME MERCIER SALVADORE ELISABETH;IMMEUBLE;;RUE PIERRE GORLIER;9;;;30120;LE VIGAN;;;;;;;;;;;;;
IGES0000000922;CABINET ROBERT LAUZE;IMMEUBLE;;BOULEVARD LAFAYETTE;39;;;34400;LUNEL;;;;;;;;;;;;;
IGES0000002345;FUENTES JUAN;IMMEUBLE;;RUE ROUSSY;64;;;30000;NIMES;;;;;;;;;;;;;
IGES0000008800;SYN BENE DU 40 IMPASSE DES SALADELLES;IMMEUBLE;;ROUTE D ALES;116;;;30000;NIMES;;;;;;;;;;;;;
IGES0000008114;SCI ROQLAMA;IMMEUBLE;;ROUTE DE TAULIGNAN;90;;;84600;VALREAS;;;;;;;;;;;;;
IGES0000001856;DOUSSON IMMOBILIER UZES;IMMEUBLE;;BOULEVARD GAMBETTA;68;;;30700;UZES;;;;;;;;;;;;;
IGES0000001350;COMMUNE DE CASTILLON DU GARD;IMMEUBLE;;PLACE DU 8 MAI 1945;0;;;30210;CASTILLON DU GARD;;;;;;;;;;;;;
IGES0000004968;MR CLAUDE VINCENT;IMMEUBLE;;RUE DU 19 MARS 1962;16;;;30190;ST GENIES DE MALGOIRES;;;;;;;;;;;;;
IGES0000005213;MR SICARI;IMMEUBLE;;RUE DAVY;10;;;30160;BESSEGES;;;;;;;;;;;;;
IGES0000009242;TERME;IMMEUBLE;;ROUTE DE LA GARE PARCELLE 30166000AD0423;0;;;30840;MEYNES;;;;;;;;;;;;;
IGES0000004063;MAIRIE DE CONNAUX;IMMEUBLE;;PLACE DE LA MAIRIE;0;;;30330;CONNAUX;;;;;;;;;;;;;
IGES0000005119;MR MAGNANI JEAN;IMMEUBLE;;RUE DE LA REPUBLIQUE;36;;;30160;BESSEGES;;;;;;;;;;;;;
IGES0000008804;SYN BENE DU 7 PASTEUR ROLLIN;IMMEUBLE;;AVENUE DU PASTEUR ROLLIN;7;;;30140;ANDUZE;;;;;;;;;;;;;
IGES0000004573;MME DEYZAC MARIE-LINE;IMMEUBLE;; LE BOURG;0;;;46240;USSEL;;;;;;;;;;;;;
IGES0000000996;CAULLET JEREMIE;IMMEUBLE;; GRAND RUE;13;;;30840;MEYNES;;;;;;;;;;;;;
IGES0000000779;BOUET;IMMEUBLE;;COURS ARISTIDE BRIAND;3;;;13150;TARASCON;;;;;;;;;;;;;
IGES0000004204;MAIRIE DE VAUVERT;IMMEUBLE;;RUE SALVADOR ALLENDE;455;;;30600;VAUVERT;;;;;;;;;;;;;
IGES0000001833;DOMERGUE DIDIER;IMMEUBLE;;CHEMIN DE CRUSSOL;34;;;30130;PONT ST ESPRIT;;;;;;;;;;;;;
IGES0000004046;MAIRIE DE CENDRAS;IMMEUBLE;;RUE DE L ECOLE;17;;;30480;CENDRAS;;;;;;;;;;;;;
IGES0000005810;RAMON MAXIME;IMMEUBLE;;RUE ACHILLE FOUQUIN;73;;;45120;CORQUILLEROY;;;;;;;;;;;;;
IGES0000002659;HV IMMO;IMMEUBLE;;AVENUE DE VERDUN;119;;;84100;ORANGE;;;;;;;;;;;;;
IGES0000007388;SCI KAEMIJU;IMMEUBLE;;ROUTE DE SAINT AMBROIX;167;;;30520;ST MARTIN DE VALGALGUES;;;;;;;;;;;;;
IGES0000002903;L'IMMOBILIERE DE CEVENNES IMMO 3D;IMMEUBLE;;RUE DU CHATEAU;2;;;30570;VAL D AIGOUAL;;;;;;;;;;;;;
IGES0000008781;SYN BENE 71 RUE DES OLIVIERS;IMMEUBLE;;RUE DES OLIVIERS;71;;;30240;LE GRAU DU ROI;;;;;;;;;;;;;
IGES0000004901;MORILLON ALAIN;IMMEUBLE;;AVENUE GENERAL DE GAULLE;63;;;30130;PONT ST ESPRIT;;;;;;;;;;;;;
IGES0000008788;SYN BENE DU 1 RUE DES COMBATTANTS;IMMEUBLE;;RUE DES COMBATTANTS;1;;;30240;LE GRAU DU ROI;;;;;;;;;;;;;
IGES0000001638;COSTE MAURICE;IMMEUBLE;;ROUTE D UZES;1;;;30630;GOUDARGUES;;;;;;;;;;;;;
IGES0000005084;MR JEAN LOUIS SIRVAIN;IMMEUBLE;;AVENUE JEAN MOULIN;1;;;30740;LE CAILAR;;;;;;;;;;;;;
IGES0000008837;SYNDIC BENE 17 RUE LOUIS ISARD 30240;IMMEUBLE;;RUE LOUIS BAPTISTE ISARD;17;;;30240;LE GRAU DU ROI;;;;;;;;;;;;;
IGES0000006562;SCI ALLIANCE;IMMEUBLE;; LA BARAQUE ET LES PLAINES;0;;;30460;LASALLE;;;;;;;;;;;;;
IGES0000008897;SYNDIC BENEVOLE 3 QUAI DU GENERAL DE GAULLE;IMMEUBLE;;QUAI GENERAL DE GAULLE;3;;;30300;BEAUCAIRE;;;;;;;;;;;;;
IGES0000009245;TERRA MICHEL;IMMEUBLE;;CHEMIN DU MAS D ANDRON;3;;;30470;AIMARGUES;;;;;;;;;;;;;
IGES0000008795;SYN BENE DU 2 RUE DE LA REVOLUTION;IMMEUBLE;;RUE DE LA REVOLUTION;2;;;30300;BEAUCAIRE;;;;;;;;;;;;;
IGES0000008787;SYN BENE DU 1 RUE DE LA FORGE;IMMEUBLE;;RUE DE LA FORGE;1;;;30120;LE VIGAN;;;;;;;;;;;;;
IGES0000001974;ERILIA MARSEILLE;IMMEUBLE;;RUE PERRIN SOLLIERS;72;B;B;13006;MARSEILLE;;;;;;;;;;;;;
IGES0000008772;SYN BENE 23 B PLACE DU QUAI;IMMEUBLE;;PLACE DU QUAI;23;B;B;30120;LE VIGAN;;;;;;;;;;;;;
IGES0000004982;MR CROCE LIONNEL;IMMEUBLE;;ROUTE DE SAUSSINES;18;;;30250;SOMMIERES;;;;;;;;;;;;;
IGES0000008797;SYN BENE DU 21 RUE DE L HORLOGE;IMMEUBLE;;RUE DE L HORLOGE;21;;;30120;LE VIGAN;;;;;;;;;;;;;
IGES0000008768;SYN BENE  MR LUC GERVAIS;IMMEUBLE;;RUE DES BARRIS;31;;;30120;LE VIGAN;;;;;;;;;;;;;
IGES0000004943;MR BOTIVEAU RAPHAEL;IMMEUBLE;;RUE DE LA GRAVIERE;156;;;30460;LASALLE;;;;;;;;;;;;;
IGES0000005496;PAVLISTA PASCAL;IMMEUBLE;;PLACE DU MARCHE;10;;;30120;LE VIGAN;;;;;;;;;;;;;
IGES0000008820;SYNBENE337CHEMIN DE LA CROISETTE;IMMEUBLE;;CHEMIN DE LA CROISETTE;337;;;30121;MUS;;;;;;;;;;;;;
IGES0000005229;MR VACQUIER CLAUDE;IMMEUBLE;;PASSAGE HENRI GUIBAL;2;;;30120;LE VIGAN;;;;;;;;;;;;;
IGES0000008805;SYN BENE DU 7 RUE ALSACE LORRAINE;IMMEUBLE;;RUE ALSACE LORRAINE;7;;;30240;LE GRAU DU ROI;;;;;;;;;;;;;
IGES0000001911;EDIFICI;IMMEUBLE;;CHEMIN DE VALDEGOUR;373;;;30900;NIMES;;;;;;;;;;;;;
IGES0000004172;MAIRIE DE SAUVETERRE;IMMEUBLE;;AVENUE DU LANGUEDOC;155;;;30150;SAUVETERRE;;;;;;;;;;;;;
IGES0000004683;MME MALARTRE MARIE-JOSEE;IMMEUBLE;;RUE SAINTE BARBE;16;;;30110;LA GRAND COMBE;;;;;;;;;;;;;
IGES0000004017;MAIRIE DE  ST JULIEN DE CASSAGNAS;IMMEUBLE;;ROUTE DES MAGES;16;;;30500;ST JULIEN DE CASSAGNAS;;;;;;;;;;;;;
IGES0000008792;SYN BENE DU 12 ROUTE DE LA CAVE CALVISSON;IMMEUBLE;;ROUTE DE LA CAVE;12;;;30420;CALVISSON;;;;;;;;;;;;;
IGES0000003819;M.DENAMIEL JEAN LUC;IMMEUBLE;;RUE MASTROQUET;5;;;30250;AUBAIS;;;;;;;;;;;;;
IGES0000008668;SOGICO;IMMEUBLE;;AVENUE DES MOULINS;202;;;34080;MONTPELLIER;;;;;;;;;;;;;
IGES0000007930;SCI NAKAD;IMMEUBLE;;ROUTE D ALES;464;;;30340;SALINDRES;;;;;;;;;;;;;
IGES0000006124;SARL MONTPELLIERAINE DE COPRO;IMMEUBLE;;RUE RONDELET;4;;;34000;MONTPELLIER;;;;;;;;;;;;;
IGES0000003377;M DETZ;IMMEUBLE;;RUE DU MAS DE VISSEC;1;;;30120;LE VIGAN;;;;;;;;;;;;;
IGES0000003468;M FREDERIC BASTIDE;IMMEUBLE;;PLACE AUX HERBES;9;;;30700;UZES;;;;;;;;;;;;;
IGES0000008990;SYNDIC BENEVOLE DU 514 MAS PICARD;IMMEUBLE;;CHEMIN DE PICARD;514;;;30460;COLOGNAC;;;;;;;;;;;;;
IGES0000001997;ETHIGESTION IMMOBILIER;IMMEUBLE;;PLACE ERNEST GRANIER;222;;;34000;MONTPELLIER;;;;;;;;;;;;;
IGES0000008849;SYNDIC BENE- 7 BOME 30240;IMMEUBLE;;RUE DE LA BOME;7;;;30240;LE GRAU DU ROI;;;;;;;;;;;;;
IGES0000005033;MR FESQUET VINCENZO;IMMEUBLE;;ROUTE DU VIGAN;10;;;30120;AULAS;;;;;;;;;;;;;
IGES0000000720;BEVEN IMMOBILIER;IMMEUBLE;;RUE DU MOULIN D AURE;0;;;30210;REMOULINS;;;;;;;;;;;;;
IGES0000008608;SLP 30;IMMEUBLE;;RUE GEORGES BESSE;442;;;30000;NIMES;;;;;;;;;;;;;
IGES0000004625;MME GUET DOMINIQUE;IMMEUBLE;;CHEMIN DES AMANDIERS;460;;;30140;BAGARD;;;;;;;;;;;;;
IGES0000001230;CLEMENCE IMMOBILIER;IMMEUBLE;;RUE RAIMON DE TRENCAVEL;172;;;34070;MONTPELLIER;;;;;;;;;;;;;
IGES0000007453;SCI LA FENESTERELLE;IMMEUBLE;;PLACE AUX HERBES;21;;;30700;UZES;;;;;;;;;;;;;
IGES0000007357;SCI JERANNA;IMMEUBLE;;RUE DES NOYERS;154;;;30640;BEAUVOISIN;;;;;;;;;;;;;
IGES0000009240;TEMIC;IMMEUBLE;;QUAI JEAN PERIDIER;113;;;34070;MONTPELLIER;;;;;;;;;;;;;
IGES0000008058;SCI PRAPERO;IMMEUBLE;;BOULEVARD DU PORTALET;16;;;30500;ST AMBROIX;;;;;;;;;;;;;
IGES0000003168;LIAMILA INVEST;IMMEUBLE;;COURS GAMBETTA;14;;;30170;ST HIPPOLYTE DU FORT;;;;;;;;;;;;;
IGES0000000090;AGENCE BAZILLE;IMMEUBLE;;PLACE DE LA REPUBLIQUE;3;;;30250;SOMMIERES;;;;;;;;;;;;;
IGES0000003049;LEBLOND FREDERIC;IMMEUBLE;;CHEMIN DE CANTE NIOX;8;;;81260;BRASSAC;;;;;;;;;;;;;
IGES0000008798;SYN BENE DU 242 AVENUE DE LA LAUNE;IMMEUBLE;;IMPASSE LA CURIEUSE;2;;;30240;LE GRAU DU ROI;;;;;;;;;;;;;
IGES0000009141;SYNDIC DE COPRO 47 RUE DE LA REPUBLIQUE;IMMEUBLE;;RUE DE LA REPUBLIQUE;47;;;30160;BESSEGES;;;;;;;;;;;;;
IGES0000005118;MR M.ANGERAS REGIS;IMMEUBLE;;AVENUE DES PLAINES;264;;;30160;GAGNIERES;;;;;;;;;;;;;
IGES0000008963;SYNDIC BENEVOLE DU 16 RUE BARBES;IMMEUBLE;;CHEMIN DU MAS DES CAILLOUX;887;;;30300;BEAUCAIRE;;;;;;;;;;;;;
IGES0000000823;BROOTHAERS NOEMIE;IMMEUBLE;;IMPASSE HONORE DAUMIER;10;B;B;13920;ST MITRE LES REMPARTS;;;;;;;;;;;;;
IGES0000001988;ESPINOUSE FLORENCE;IMMEUBLE;;RUE JEANNE D ARC;18;;;30000;NIMES;;;;;;;;;;;;;
IGES0000009450;ZAWODNY ANNE;IMMEUBLE;;ROUTE DES BROUSSES;3784;;;30410;MOLIERES SUR CEZE;;;;;;;;;;;;;
IGES0000001153;CHRISTIAN PAITA;IMMEUBLE;;CHEMIN DE L ARNOUSE;184;;;30140;BAGARD;;;;;;;;;;;;;
IGES0000008789;SYN BENE DU 10 RUE DU CHATEAU;IMMEUBLE;;RUE DU CHATEAU;10;;;30150;MONTFAUCON;;;;;;;;;;;;;
IGES0000003486;M GOUTMANN MAURICE;IMMEUBLE;;ROUTE D ALES;69;;;30000;NIMES;;;;;;;;;;;;;
IGES0000003306;M BESSON JEAN LOUIS RAOU;IMMEUBLE;;HAMEAU DE ROCHEBELLE;0;;;30120;AVEZE;;;;;;;;;;;;;
IGES0000004365;MARIE JOSEE PLANCHER;IMMEUBLE;;AVENUE FREDERIC MISTRAL;27;;;30240;LE GRAU DU ROI;;;;;;;;;;;;;
IGES0000004866;MONSIEUR PEREZ;IMMEUBLE;;HAMEAU LA CANEBIERE;77;;;30530;LA VERNAREDE;;;;;;;;;;;;;
IGES0000003793;M. TAJETTI BERNARD;IMMEUBLE;;RUE FABVIER;3;;;54700;PONT A MOUSSON;;;;;;;;;;;;;
IGES0000007536;SCI LAMUME;IMMEUBLE;;RUE DES ENTREPRENEURS;106;;;30420;CALVISSON;;;;;;;;;;;;;
IGES0000003789;M. RUSCONI PATRICE;IMMEUBLE;;RUE EMILE ZOLA;8;;;30160;BESSEGES;;;;;;;;;;;;;
IGES0000009222;SYNE BENE 7 RUE DE L HORLOGE;IMMEUBLE;;RUE DE L HORLOGE;5;;;30120;LE VIGAN;;;;;;;;;;;;;
IGES0000007168;SCI FRANS IMMO;IMMEUBLE;;QUARTIER LE FES;5;;;30310;VERGEZE;;;;;;;;;;;;;
IGES0000004747;MME ROCHE CELINE;IMMEUBLE;;RUE BERTHELOT;1;;;30160;BESSEGES;;;;;;;;;;;;;
IGES0000004664;MME LASPESA FABIENNE;IMMEUBLE;;PLACE DU MARCHE;3;;;30120;LE VIGAN;;;;;;;;;;;;;
IGES0000007847;SCI MAUDEL;IMMEUBLE;;RUE ROGER SABATIER;10;;;30170;ST HIPPOLYTE DU FORT;;;;;;;;;;;;;
IGES0000006217;SAS IB INVEST;IMMEUBLE;;MAS DE PRAVIEL;804;;;30470;AIMARGUES;;;;;;;;;;;;;
IGES0000005045;MR GAS PHILIPPE;IMMEUBLE;;ALLEE DU PIOT;16;;;30660;GALLARGUES LE MONTUEUX;;;;;;;;;;;;;
IGES0000001986;ESPAZE JEAN PIERRE;IMMEUBLE;; BONAL;0;;;30460;LASALLE;;;;;;;;;;;;;
IGES0000007708;SCI LES LACS;IMMEUBLE;;RUE DES ANCIENNES ECOLES;193;;;30960;ST FLORENT SUR AUZONNET;;;;;;;;;;;;;
IGES0000005261;NADAL JEAN CLAUDE;IMMEUBLE;;CHEMIN DE LA POUSARENCO;157;;;30140;ANDUZE;;;;;;;;;;;;;
IGES0000002472;GIROD ET MARGALIN;IMMEUBLE;;RUE GEORGES BESSE;350;;;30000;NIMES;;;;;;;;;;;;;
IGES0000009247;TERRAE AMENAGEMENT;IMMEUBLE;;PLACE PIERRE DUHEM;111;;;34000;MONTPELLIER;;;;;;;;;;;;;
IGES0000003294;M BANACHE THIERRY;IMMEUBLE;;CHEMIN DE LA FONT DE 5 SOUS;954;;;83330;LE BEAUSSET;;;;;;;;;;;;;
IGES0000009330;UN TOIT POUR TOUS- NIMES;IMMEUBLE;;AVENUE GEORGES POMPIDOU;8;B;B;30900;NIMES;;;;;;;;;;;;;
IGES0000006003;SALERY CEVENNES & PIEMONT IMMOBILIER;IMMEUBLE;;AVENUE DU PASTEUR ROLLIN;5;;;30140;ANDUZE;;;;;;;;;;;;;
IGES0000008847;SYNDIC BENE DU 4 RUE PLAISANCE CALVISSON;IMMEUBLE;;RUE DE PLAISANCE;4;;;30420;CALVISSON;;;;;;;;;;;;;
IGES0000009354;VALLET IMMOBILIER PONT ST ESPRIT;IMMEUBLE;;RUE DES 3 JOURNEES;1;;;30130;PONT ST ESPRIT;;;;;;;;;;;;;
IGES0000001635;CORUM IMMOBILIER PORT CAMARGUE;IMMEUBLE;;AVENUE JEAN LASSERRE;8;;;30240;LE GRAU DU ROI;;;;;;;;;;;;;
IGES0000008766;SYN BEN DU 38 RUE DE L'AURORE;IMMEUBLE;;RUE DE L AURORE;38;;;30240;LE GRAU DU ROI;;;;;;;;;;;;;
IGES0000000275;APOGEE IMMOBILIER;IMMEUBLE;;BOULEVARD DES ALLIES;13;;;30700;UZES;;;;;;;;;;;;;
IGES0000008736;STEPHANE THOMAS IMMOBILIER;IMMEUBLE;;QUAI GEORGES POMPIDOU;325;;;34280;LA GRANDE MOTTE;;;;;;;;;;;;;
IGES0000000108;AGENCE DU GRAND LARGE;IMMEUBLE;;BOULEVARD DU MARECHAL JUIN;0;;;30240;LE GRAU DU ROI;;;;;;;;;;;;;
IGES0000008762;SYN BEN 16 BIGONS 30240;IMMEUBLE;;PLACE DES BIGONS;16;;;30240;LE GRAU DU ROI;;;;;;;;;;;;;
IGES0000000211;ALM TELECOM;IMMEUBLE;;RUE JEAN GIRAUDOUX;4;;;30900;NIMES;;;;;;;;;;;;;
IGES0000001931;EL GHOUCH/SAIDA;IMMEUBLE;;RUE DU FOUR;10;;;30120;LE VIGAN;;;;;;;;;;;;;
IGES0000005344;NP CONSTRUCTION;IMMEUBLE;;CHEMIN DU MAS DES CAILLOUX;300;;;30300;BEAUCAIRE;;;;;;;;;;;;;
IGES0000004126;MAIRIE DE MOUSSAC;IMMEUBLE;;RUE CENTRALE;16;;;30190;MOUSSAC;;;;;;;;;;;;;
IGES0000000594;AXEL VIVIAN;IMMEUBLE;;CHEMIN DES CHASSELAS;4;;;30870;CLARENSAC;;;;;;;;;;;;;
IGES0000001641;COTE PARTICULIERS;IMMEUBLE;;AVENUE DE LA PINEDE;525;;;30240;LE GRAU DU ROI;;;;;;;;;;;;;
IGES0000000293;ARNAUD LESSUT;IMMEUBLE;;RUE ALBERT CHAMBONNET;18;;;30160;BESSEGES;;;;;;;;;;;;;
IGES0000007263;SCI HELENA;IMMEUBLE;;ROUTE DE L ESCALE;1018;;;30390;DOMAZAN;;;;;;;;;;;;;
IGES0000006144;SARL TERRE DU SUD;IMMEUBLE;;RUE SAINT JACQUES;455;;;30127;BELLEGARDE;;;;;;;;;;;;;
IGES0000008818;SYN BENEDE 48 PASSAGE DES FOURS A CHAUX;IMMEUBLE;;PASSAGE DES FOURS A CHAUX;48;;;30480;CENDRAS;;;;;;;;;;;;;
IGES0000005300;NEXITY NIMES;IMMEUBLE;;CHEMIN BAS DU MAS DE BOUDAN;335;;;30900;NIMES;;;;;;;;;;;;;
IGES0000004956;MR CASTEL PHILIPPE;IMMEUBLE;;RUE MONGE;8;;;75005;PARIS;;;;;;;;;;;;;
IGES0000001317;COMMUNE D ANDUZE;IMMEUBLE;;PLAN DE BRIE;1;;;30140;ANDUZE;;;;;;;;;;;;;
IGES0000008786;SYN BENE DE LA RESIDENCE LOU MAS;IMMEUBLE;;PLACE DU CORAIL;36;;;30240;LE GRAU DU ROI;;;;;;;;;;;;;
IGES0000001380;COMMUNE DE LUSSAN;IMMEUBLE;;PLACE DU CHATEAU;1;;;30580;LUSSAN;;;;;;;;;;;;;
IGES0000008775;SYN BENE 30 RUE DU MARQUIS F DE BARONCELLI;IMMEUBLE;;RUE DU MARQUIS F DE BARONCELLI;30;;;30220;ST LAURENT D AIGOUZE;;;;;;;;;;;;;
IGES0000005199;MR ROBERT SABONADIER;IMMEUBLE;;ROUTE DE NIMES;833;;;30700;UZES;;;;;;;;;;;;;
IGES0000004818;MONSIEUR COMBES;IMMEUBLE;;RUE EMILE JAMAIS;7;;;30150;ROQUEMAURE;;;;;;;;;;;;;
IGES0000000143;AGENCE MPC IMMOBILIER  - MICHEL POUGET CONSEILS;IMMEUBLE;;AVENUE JEAN JAURES;56;B;B;30900;NIMES;;;;;;;;;;;;;
IGES0000002991;LARRIVE CHRISTIAN;IMMEUBLE;;CHEMIN DES CANNES;44;B;B;30260;MONTMIRAT;;;;;;;;;;;;;
IGES0000006178;SAS BRAJA AMENAGEMENTS;IMMEUBLE;;AVENUE FREDERIC MISTRAL;19;;;84100;ORANGE;;;;;;;;;;;;;
IGES0000005337;NOUGAREDE DAVY;IMMEUBLE;;PLACE AUX HERBES;1;;;30700;UZES;;;;;;;;;;;;;
IGES0000007356;SCI JEPP MAURIN;IMMEUBLE;;PLACE COUVERTE;5;;;30140;ANDUZE;;;;;;;;;;;;;
IGES0000000587;AVARGUES RAYMOND;IMMEUBLE;;CHEMIN DES PIBOULIERES;2;;;30200;CODOLET;;;;;;;;;;;;;
IGES0000002437;GESTIONNAIRE ZMD INCONNU;IMMEUBLE;;RUE DU GENERAL ALAIN DE BOISSIEU;16;;;75015;PARIS;;;;;;;;;;;;;
IGES0000000767;BONNEFOI;IMMEUBLE;;IMPASSE DES PETITS DUCS;4;;;30100;ALES;;;;;;;;;;;;;
IGES0000000277;AQUIMED INVESTISSEMENT;IMMEUBLE;;ALLEE DE MYCENES;68;;;34000;MONTPELLIER;;;;;;;;;;;;;
IGES0000003158;LESEVRE KATRIN;IMMEUBLE;;CHEMIN BAS DE L OLIVETTE;0;;;30700;SANILHAC SAGRIES;;;;;;;;;;;;;
IGES0000006070;SARL GH2C;IMMEUBLE;;CHEMIN DU MOULIN;0;;;30140;BOISSET ET GAUJAC;;;;;;;;;;;;;
IGES0000002303;FONCIERE HABITAT ET HUMANISME;IMMEUBLE;33980485800043;CHEMIN DE VASSIEUX;69;;;69300;CALUIRE ET CUIRE;;;;;;;;;;;;;
IGES0000006431;SCCV LE CLOS DE GANDAR;IMMEUBLE;;RUE RENE FONCK;39;;;34130;MAUGUIO;;;;;;;;;;;;;
IGES0000008686;SOTHEBY'S;IMMEUBLE;;AVENUE PIERRE FABRE;8;;;81500;LAVAUR;;;;;;;;;;;;;
IGES0000000801;BOUTIQUE CHARLES KAMMER;IMMEUBLE;;RUE DE L UNIVERSITE;228;;;75007;PARIS;;;;;;;;;;;;;
IGES0000008941;SYNDIC BENEVOLE DE COPROPRIETE LE PROVENCAL;IMMEUBLE;;AVENUE DU PONT DE PROVENCE;193;;;30220;AIGUES MORTES;;;;;;;;;;;;;
IGES0000001768;DENIS CIRAVEGNA;IMMEUBLE;;RUE EUGENE DELACROIX;11;;;30290;LAUDUN L ARDOISE;;;;;;;;;;;;;
IGES0000004452;MISTRAL IMMOBILIER;IMMEUBLE;;AVENUE LEON BLUM;54;;;30200;BAGNOLS SUR CEZE;;;;;;;;;;;;;
IGES0000001247;COCHIN CEDRIC;IMMEUBLE;;RUE DE L EYGALA;340;;;38430;MOIRANS;;;;;;;;;;;;;
IGES0000007484;SCI LA MANADIERE;IMMEUBLE;;CHEMIN DE MARSILLARGUES;4;;;30740;LE CAILAR;;;;;;;;;;;;;
IGES0000007495;SCI LA PLACE;IMMEUBLE;;PLACE DE LA MAIRIE;0;;;30121;MUS;;;;;;;;;;;;;
IGES0000004823;MONSIEUR DAGNIAU MICHEL;IMMEUBLE;;PLACE JEAN JAURES;7;;;30250;SOMMIERES;;;;;;;;;;;;;
IGES0000001151;CHRISTIAN DESVERGEES;IMMEUBLE;;CHEMIN DES CASELS;172;;;30700;LA CAPELLE ET MASMOLENE;;;;;;;;;;;;;
IGES0000007152;SCI FLAMANT ODF;IMMEUBLE;;RUE DES MARCHANDS;431;;;30220;AIGUES MORTES;;;;;;;;;;;;;
IGES0000005104;MR LE GOFF PATRICK;IMMEUBLE;;ROUTE D ANDUZE;805;;;30140;MASSILLARGUES ATTUECH;;;;;;;;;;;;;
IGES0000008799;SYN BENE DU 4 RUE DES BARRIS;IMMEUBLE;;RUE DES BARRIS;4;;;30120;LE VIGAN;;;;;;;;;;;;;
IGES0000002783;INDIVISION PIBAROT;IMMEUBLE;;RUE DE LA BARAQUE;44;;;30460;LASALLE;;;;;;;;;;;;;
IGES0000005067;MR HAMET DANIEL;IMMEUBLE;;RUE DROITE;11;;;30140;ANDUZE;;;;;;;;;;;;;
IGES0000007772;SCI LOUKAS (D'ALESSANDRO DELPHINE ET PIERRE);IMMEUBLE;;AVENUE DES ROSIERS;955;;;30340;ST JULIEN LES ROSIERS;;;;;;;;;;;;;
IGES0000007553;SCI LAURANTO;IMMEUBLE;;CHEMIN DE LA COMBE DES PIGEONS;628;;;30900;NIMES;;;;;;;;;;;;;
IGES0000001586;COPROPRIETE DU CHATEAU DE TRESQUES;IMMEUBLE;;PLACE DE L EGLISE;16;;;30330;TRESQUES;;;;;;;;;;;;;
IGES0000006455;SCCV ROLLING;IMMEUBLE;;RUE PATRICE LUMUMBA;113;;;34070;MONTPELLIER;;;;;;;;;;;;;
IGES0000000230;ALTAREA GESTION IMMOBILIERE;IMMEUBLE;;BOULEVARD DE DUNKERQUE;79;;;13002;MARSEILLE;;;;;;;;;;;;;
IGES0000002565;H4 IMMOBILIER;IMMEUBLE;;RUE DE LA CURATERIE;26;;;30000;NIMES;;;;;;;;;;;;;
IGES0000004610;MME GARCIA MARIE FRANCE;IMMEUBLE;;PROMENADE DE LA COTE VERMEILLE;14;;;66140;CANET EN ROUSSILLON;;;;;;;;;;;;;
IGES0000008568;SERVICE D-ENTRAIDE PROTESTANT - SEP;IMMEUBLE;;RUE DE LA FRUGERE;3;;;30110;LA GRAND COMBE;;;;;;;;;;;;;
IGES0000002446;GHISLAINE LEONARD RIBIERE;IMMEUBLE;;CHEMIN DU MAS DE GIRAUDY;645;;;30150;ST GENIES DE COMOLAS;;;;;;;;;;;;;
IGES0000003757;M. LAURENT DERYCKE;IMMEUBLE;;QUAI GENERAL DE GAULLE;33;;;30300;BEAUCAIRE;;;;;;;;;;;;;
IGES0000000911;CABINET OTI MONTPELIER;IMMEUBLE;;RUE RONDELET;4;;;34000;MONTPELLIER;;;;;;;;;;;;;
IGES0000000797;BOURRIE;IMMEUBLE;;RUE RENE BAZIN;34;;;66100;PERPIGNAN;;;;;;;;;;;;;
IGES0000007654;SCI LES 3 CHAPELLE;IMMEUBLE;;CHEMIN DE SAINT ROMAN;567;;;30300;COMPS;;;;;;;;;;;;;
IGES0000004834;MONSIEUR FABARON PATRICK;IMMEUBLE;;RUE DE LA GRAVIERE;111;;;30460;LASALLE;;;;;;;;;;;;;
IGES0000000095;AGENCE CITYA PERI;IMMEUBLE;;PLACE GABRIEL PERI;7;;;30000;NIMES;;;;;;;;;;;;;
IGES0000004531;MME CARLES MYRIELLE;IMMEUBLE;;COURS GAMBETTA;34;;;30170;ST HIPPOLYTE DU FORT;;;;;;;;;;;;;
IGES0000001045;CDC HABITAT - SUD-OUEST;IMMEUBLE;47080116802940;RUE JEAN CLAUDEVILLE;3;;;33520;BRUGES;;;;;;;;;;;;;
IGES0000008793;SYN BENE DU 140 DE LA MONTJOIE;IMMEUBLE;;RUE DE LA MONTJOIE;140;;;30240;LE GRAU DU ROI;;;;;;;;;;;;;
IGES0000000798;BOUSQUET ELISABETH;IMMEUBLE;;CHEMIN DE RUSSAUD;342;;;30100;ALES;;;;;;;;;;;;;
IGES0000005203;MR ROUVE DAVID;IMMEUBLE;;RUE VICTOR HUGO;52;;;30160;BESSEGES;;;;;;;;;;;;;
IGES0000000615;BALZAMO MICHEL;IMMEUBLE;;RUE ANTOINE DEPARCIEUX;1;;;30160;BESSEGES;;;;;;;;;;;;;
IGES0000005108;MR LEDUC GILBERT;IMMEUBLE;;ROUTE DU VILLAGE;51;;;30110;BRANOUX LES TAILLADES;;;;;;;;;;;;;
IGES0000005130;MR MEDJEBER ERDOUANE;IMMEUBLE;;RUE ANATOLE FRANCE;24;;;30110;LA GRAND COMBE;;;;;;;;;;;;;
IGES0000001990;ETC IMMO;IMMEUBLE;;RUE DE LA BOMBE;6;;;30470;AIMARGUES;;;;;;;;;;;;;
IGES0000008843;SYNDIC BENE 86 RUE DES TULIPES 30240;IMMEUBLE;;RUE DES TULIPES;86;;;30240;LE GRAU DU ROI;;;;;;;;;;;;;
IGES0000004753;MME ROUSSEL NICOLE;IMMEUBLE;;RUE DU FOSSE;4;;;30120;AULAS;;;;;;;;;;;;;
IGES0000009249;TERRE ARGENCE;IMMEUBLE;;COURS GAMBETTA;14;;;30300;BEAUCAIRE;;;;;;;;;;;;;
IGES0000000265;ANNE AUBIN;IMMEUBLE;;AVENUE DU PONT DU GARD;6;;;30210;REMOULINS;;;;;;;;;;;;;
IGES0000001071;CENTRE HOSPITALIER MAS CAREIRON;IMMEUBLE;;CHEMIN DU PARADIS;0;;;30700;UZES;;;;;;;;;;;;;
IGES0000007094;SCI ELLIME;IMMEUBLE;;AVENUE DU PASTEUR ROLLIN;2;;;30140;ANDUZE;;;;;;;;;;;;;
IGES0000000757;BOISSIN DAVID;IMMEUBLE;;ROUTE DE BARJAC;1701;;;30500;ST VICTOR DE MALCAP;;;;;;;;;;;;;
IGES0000007384;SCI JULES CALLON;IMMEUBLE;;BOULEVARD JULES CALLON;16;;;30110;LA GRAND COMBE;;;;;;;;;;;;;
IGES0000006479;SCI  PAMBIE;IMMEUBLE;;IMPASSE DES FRENES;10;;;30100;ALES;;;;;;;;;;;;;
IGES0000009340;UZES VILLA SULLY;IMMEUBLE;;AVENUE DU 8 MAI 1945;11;;;30700;UZES;;;;;;;;;;;;;
IGES0000004142;MAIRIE DE PONT SAINT ESPRIT;IMMEUBLE;;AVENUE KENNEDY;0;;;30130;PONT ST ESPRIT;;;;;;;;;;;;;
IGES0000007557;SCI LAUZIERE;IMMEUBLE;;CHEMIN DES CROUSASSES;106;;;30260;QUISSAC;;;;;;;;;;;;;
IGES0000000262;ANGELOTTI PROMOTION - MONTPELLIER CASTELNAU;IMMEUBLE;49239614800032;AVENUE GEORGES FRECHE;85;;;34170;CASTELNAU LE LEZ;;;;;;;;;;;;;
IGES0000005334;NOTAIRES ST GENIES;IMMEUBLE;;RUE DU 19 MARS 1962;3;;;30190;ST GENIES DE MALGOIRES;;;;;;;;;;;;;
IGES0000008987;SYNDIC BENEVOLE DU 424 ROUTE D ARLES;IMMEUBLE;;ROUTE D ARLES;424;;;30220;AIGUES MORTES;;;;;;;;;;;;;
IGES0000002281;FONCIA MR;IMMEUBLE;;IMPASSE LA CURIEUSE;1;;;30240;LE GRAU DU ROI;;;;;;;;;;;;;
IGES0000002965;LAHILLE ERIC;IMMEUBLE;;MAS DE COULONDRE;195;;;30670;AIGUES VIVES;;;;;;;;;;;;;
IGES0000000796;BOURRET JEAN LUC;IMMEUBLE;;RUE PIERRE BONNET;9;;;31130;BALMA;;;;;;;;;;;;;
IGES0000008846;SYNDIC BENE DU 31 RUE DES MARSILLARGUES;IMMEUBLE;;RTE DE SAINT ETIENNE D ESCATTES;1;;;30420;CALVISSON;;;;;;;;;;;;;
IGES0000009294;TISSOT-IMMOBILIER;IMMEUBLE;;ALLEE DE L ARGENTINE;55;;;30900;NIMES;;;;;;;;;;;;;
IGES0000002604;HECTARE;IMMEUBLE;35133866000027; LES PORTES DOMITIENNES;75;;;34740;VENDARGUES;;;;;;;;;;;;;
IGES0000003045;LE VIGAN IMMOBILIER;IMMEUBLE;;AVENUE EMMANUEL D ALZON;14;;;30120;LE VIGAN;;;;;;;;;;;;;
IGES0000008045;SCI PLPGS;IMMEUBLE;;PLACE DE LA MAIRIE;8;;;30129;MANDUEL;;;;;;;;;;;;;
IGES0000000113;AGENCE FOSSAC;IMMEUBLE;;AVENUE DE CAMARGUE;964;;;30240;LE GRAU DU ROI;;;;;;;;;;;;;
IGES0000003422;M ET MME GENETET;IMMEUBLE;;RUE DE LA REDOUTE;7;;;30300;BEAUCAIRE;;;;;;;;;;;;;
IGES0000009303;TOURDIAT IMMOBILIER;IMMEUBLE;;ROUTE DE SAUVE;23;;;30900;NIMES;;;;;;;;;;;;;
IGES0000007313;SCI INVEST;IMMEUBLE;;RUE DANIELLE CASANOVA;50;;;94490;ORMESSON SUR MARNE;;;;;;;;;;;;;
IGES0000005277;NEXITY ALES DEP30;IMMEUBLE;;PLACE HENRI BARBUSSE;15;;;30100;ALES;;;;;;;;;;;;;
IGES0000002363;GAMMA IMMO;IMMEUBLE;;CHEMIN DES PAILLASSES;663;;;30500;ST JULIEN DE CASSAGNAS;;;;;;;;;;;;;
IGES0000008802;SYN BENE DU 465 AVENUE DE BERNIS;IMMEUBLE;;RUE GUILLAUME D AUTIGNAC;3;;;34430;ST JEAN DE VEDAS;;;;;;;;;;;;;
IGES0000004273;MAIRIE PONT SAINT ESPRIT;IMMEUBLE;;AVENUE KENNEDY;254;;;30130;PONT ST ESPRIT;;;;;;;;;;;;;
IGES0000000776;BOUDRAS;IMMEUBLE;;RUE DES 4 SEIGNEURS;604;;;34090;MONTPELLIER;;;;;;;;;;;;;
IGES0000009253;TERRE DU SOLEIL;IMMEUBLE;;RUE JEAN GIRAUDOUX;4;;;30900;NIMES;;;;;;;;;;;;;
IGES0000005236;MR VIGNAL MATHIEU;IMMEUBLE;;RUE FERRER;13;;;30160;BESSEGES;;;;;;;;;;;;;
IGES0000004106;MAIRIE DE LASALLE;IMMEUBLE;;PLACE DE LA MAIRIE;0;;;30460;LASALLE;;;;;;;;;;;;;
IGES0000004722;MME PALEANU ANDREA;IMMEUBLE;;RUE DES SABOTTES;0;;;30160;BORDEZAC;;;;;;;;;;;;;
IGES0000001150;CHRISTELLE BOUCHER;IMMEUBLE;;RUE SAINTE GENEVIEVE;56;;;30000;NIMES;;;;;;;;;;;;;
IGES0000005910;ROBERT JEANS PETER;IMMEUBLE;;RUE DE LA REPUBLIQUE;6;;;30110;LA GRAND COMBE;;;;;;;;;;;;;
IGES0000000029;A COTE IMMOBILIER GESTION;IMMEUBLE;;RUE DE LA CITE FOULC;5;;;30000;NIMES;;;;;;;;;;;;;
IGES0000005137;MR MICHEL NOUIS;IMMEUBLE;;RUE DU CHATEAU;108;;;30350;CASSAGNOLES;;;;;;;;;;;;;
IGES0000008839;SYNDIC BENE 24 R COMMANDANT MARCEAU GRAU;IMMEUBLE;;RUE DU COMMANDANT MARCEAU;24;;;30240;LE GRAU DU ROI;;;;;;;;;;;;;
IGES0000000086;AGENCE AMI;IMMEUBLE;;BOULEVARD GAMBETTA;22;;;30220;AIGUES MORTES;;;;;;;;;;;;;
IGES0000007377;SCI JPCFAMILY;IMMEUBLE;;RUE DU SAUT DU LOUP;183;;;30340;ROUSSON;;;;;;;;;;;;;
IGES0000006849;SCI DANI;IMMEUBLE;;CHEMIN DE SAUTEBRAUT;985;;;30127;BELLEGARDE;;;;;;;;;;;;;
IGES0000008842;SYNDIC BENE 60 COLS VERTS 30240;IMMEUBLE;;RUE DES COLVERTS;60;;;30240;LE GRAU DU ROI;;;;;;;;;;;;;
IGES0000006171;SAS BENKAR - INTERMARCHE AIGUES-MORTES;IMMEUBLE;;ROUTE DE NIMES;1121;;;30220;AIGUES MORTES;;;;;;;;;;;;;
IGES0000004511;MME BONNAUD YVONNE;IMMEUBLE;;QUARTIER VIVARIE;0;;;30460;LASALLE;;;;;;;;;;;;;
IGES0000007492;SCI LA PALMERAI;IMMEUBLE;;ROUTE D ALES;10;;;30170;ST HIPPOLYTE DU FORT;;;;;;;;;;;;;
IGES0000003355;M CYRIL ROBERT;IMMEUBLE;;CHEMIN JEAN BAPTISTE MARSAULT;1;;;30410;MOLIERES SUR CEZE;;;;;;;;;;;;;
IGES0000009220;SYNE BENE 30AV EMMANUELE D ALZON;IMMEUBLE;;AVENUE EMMANUEL D ALZON;30;;;30120;LE VIGAN;;;;;;;;;;;;;
IGES0000002549;GUICHARD FREDERIC;IMMEUBLE;;ALLEE DU PIGEONNIER;10;;;30250;VILLEVIEILLE;;;;;;;;;;;;;
IGES0000000758;BOISSON;IMMEUBLE;;MONTEE GUICHARD DE LA LIGNIERE;2;;;30570;ST ANDRE DE MAJENCOULES;;;;;;;;;;;;;
IGES0000002920;LA GERBE;IMMEUBLE;;CHEMIN DE SAUVE;62;;;30350;LEZAN;;;;;;;;;;;;;
IGES0000004335;MAITRE GEORGES-HENRI MANSOUX;IMMEUBLE;;PLACE DU 8 MAI 1945;0;;;30170;ST HIPPOLYTE DU FORT;;;;;;;;;;;;;
IGES0000005962;S.F.H.E;IMMEUBLE;;RUE FREDERIC ROSA;4;;;13090;AIX EN PROVENCE;;;;;;;;;;;;;
IGES0000001131;CHATILLON MOUNIER ALEXANDRE;IMMEUBLE;;RUE SAINT NICOLAS;25;;;30300;COMPS;;;;;;;;;;;;;
IGES0000000835;BUFFETEAU-LAUSSEL NICOLE;IMMEUBLE;;QUAI GEORGES CLEMENCEAU;9;;;30900;NIMES;;;;;;;;;;;;;
IGES0000003726;M. FRAYSSE JEAN LOUIS;IMMEUBLE;;RUE JEAN JACQUES ROUSSEAU;3;;;30160;BESSEGES;;;;;;;;;;;;;
IGES0000004631;MME HEBRARD ELIETTE;IMMEUBLE;;RUE DE LA CROIX;55;;;30460;LASALLE;;;;;;;;;;;;;
IGES0000004872;MONSIEUR PY , SYNDIC BENEVOLE;IMMEUBLE;;RUE DES ROCS;305;;;30290;LAUDUN L ARDOISE;;;;;;;;;;;;;
IGES0000007889;SCI MILCHA;IMMEUBLE;;RUE BENOIT;6;;;30700;UZES;;;;;;;;;;;;;
IGES0000004682;MME MAITE MARTIN VALLAS;IMMEUBLE;;RUE DU PONT;6;;;30120;LE VIGAN;;;;;;;;;;;;;
IGES0000007418;SCI L'ESPERANCE;IMMEUBLE;;RUE DES CAPITAINES;184;;;30600;VAUVERT;;;;;;;;;;;;;
IGES0000001204;CITYA LA GRANDE MOTTE;IMMEUBLE;;AVENUE DE MELGUEIL;485;;;34280;LA GRANDE MOTTE;;;;;;;;;;;;;
IGES0000002362;GAMBIN LAURENT;IMMEUBLE;;RUE DE LA CROIX DU COQ;20;;;84340;ENTRECHAUX;;;;;;;;;;;;;
IGES0000003708;M. DELACOTE LUC;IMMEUBLE;;ROUTE DE SAINT BAUZILLE;207;;;34270;VACQUIERES;;;;;;;;;;;;;
IGES0000004864;MONSIEUR PASCAL BONNEAUD;IMMEUBLE;;RUE DE LA VICTOIRE;13;;;30150;ROQUEMAURE;;;;;;;;;;;;;
IGES0000004585;MME ELISABETH TRABUT;IMMEUBLE;;RUE DU PLAN;23;;;30170;ST HIPPOLYTE DU FORT;;;;;;;;;;;;;
IGES0000005196;MR RATER OLIVIER;IMMEUBLE;;RUE DU LUXEMBOURG;180;;;30460;LASALLE;;;;;;;;;;;;;
IGES0000003691;M. BOISSIER CLAUDE;IMMEUBLE;;RUE GABRIEL PERI;2;;;30240;LE GRAU DU ROI;;;;;;;;;;;;;
IGES0000004007;MAIRIE D'ARAMON;IMMEUBLE;;PLACE PIERRE RAMEL;0;;;30390;ARAMON;;;;;;;;;;;;;
IGES0000003686;M. ASTIER JOEL;IMMEUBLE;;CHEMIN DE BELLEVUE;1116;;;30140;MASSILLARGUES ATTUECH;;;;;;;;;;;;;
IGES0000000761;BONATO CEDRIC;IMMEUBLE;;IMPASSE DES PLAISANTINES;8;;;30220;AIGUES MORTES;;;;;;;;;;;;;
IGES0000003096;LES CIGALES;IMMEUBLE;; MIRABEL;0;;;30170;POMPIGNAN;;;;;;;;;;;;;
IGES0000007947;SCI NOHBEL;IMMEUBLE;; LA GRANERIE;0;;;30410;MOLIERES SUR CEZE;;;;;;;;;;;;;
IGES0000000244;AMETIS;IMMEUBLE;;RUE ALBERT JACQUARD;251;;;34000;MONTPELLIER;;;;;;;;;;;;;
IGES0000006497;SCI 32 RUE DE LA BARAQUE;IMMEUBLE;;RUE DE LA BARAQUE;32;;;30460;LASALLE;;;;;;;;;;;;;
IGES0000008778;SYN BENE 44 RTE GANGES;IMMEUBLE;;ROUTE DE GANGES;44;;;30170;ST HIPPOLYTE DU FORT;;;;;;;;;;;;;
IGES0000006573;SCI AMBROIX JEAN;IMMEUBLE;;CHEMIN DES PEUPLIERS;12;B;B;38730;BLANDIN;;;;;;;;;;;;;
IGES0000007436;SCI LA CANTARELLE;IMMEUBLE;;ROUTE DEPARTEMENTALE 266;786;;;30430;ST PRIVAT DE CHAMPCLOS;;;;;;;;;;;;;
IGES0000009214;SYNDICAT MIXTE LEINS GARDONNENQUE;IMMEUBLE;;RUE DENIS DIDEROT;4;;;30190;ST GENIES DE MALGOIRES;;;;;;;;;;;;;
IGES0000000456;ASL LES PORTES DE LA CAMARGUE;IMMEUBLE;;CHEMIN DES NARCISSES;1;D;D;30740;LE CAILAR;;;;;;;;;;;;;
IGES0000001021;CCBTA;IMMEUBLE;;AVENUE DE LA CROIX BLANCHE;1;;;30300;BEAUCAIRE;;;;;;;;;;;;;
IGES0000005296;NEXITY LAMY NIMES;IMMEUBLE;;RUE AUGUSTE;6;;;30000;NIMES;;;;;;;;;;;;;
IGES0000000035;A2D IMMOBILIER;IMMEUBLE;;AVENUE DES VERDEAUX;15;;;84370;BEDARRIDES;;;;;;;;;;;;;
IGES0000000749;BLB IMMOBILIER S&G;IMMEUBLE;;RUE DE LA VICTOIRE;2;;;30240;LE GRAU DU ROI;;;;;;;;;;;;;
IGES0000001430;COMMUNE ROQUEMAURE;IMMEUBLE;;COURS BRIDAINE;1;;;30150;ROQUEMAURE;;;;;;;;;;;;;
IGES0000009348;VALERIE MACHECOURT;IMMEUBLE;;PLACE DU QUAI;8;;;30120;LE VIGAN;;;;;;;;;;;;;
IGES0000008807;SYN BENE DU 8 DOCTEUR CHRESTIEN;IMMEUBLE;;RUE DU DOCTEUR CHRESTIEN;8;;;30250;SOMMIERES;;;;;;;;;;;;;
IGES0000005014;MR ESPERANDIEU SAMUEL;IMMEUBLE;;CHEMIN D ALES A DEAUX;449;;;30560;ST HILAIRE DE BRETHMAS;;;;;;;;;;;;;
IGES0000005596;PRADES JEREMY;IMMEUBLE;;RUE JEAN DELPUECH;30;;;30110;LES SALLES DU GARDON;;;;;;;;;;;;;
IGES0000007837;SCI MAS DE CASTELNAU;IMMEUBLE;;AVENUE DE LA LIBERATION;2;B;B;30700;UZES;;;;;;;;;;;;;
IGES0000008619;SNC MARIO;IMMEUBLE;;IMPASSE DE LA TREILLE;2;;;30470;AIMARGUES;;;;;;;;;;;;;
IGES0000001807;DI ROSA;IMMEUBLE;;RUE DE LA CLEDE;45;;;30110;LA GRAND COMBE;;;;;;;;;;;;;
IGES0000000625;BARGETON ARMAND;IMMEUBLE;;IMPASSE DES CASERNES;0;;;30160;ROBIAC ROCHESSADOULE;;;;;;;;;;;;;
IGES0000006089;SARL L'ECRIN;IMMEUBLE;;AVENUE DES RAZETEURS;524;;;34160;CASTRIES;;;;;;;;;;;;;
IGES0000009218;SYNE BE  23 RUE  DE L HORLOG;IMMEUBLE;;RUE DE L HORLOGE;23;;;30120;LE VIGAN;;;;;;;;;;;;;
IGES0000005021;MR ET MME DESIRA NADAL;IMMEUBLE;;ROUTE DES PEUPLIERS;620;;;30500;ST VICTOR DE MALCAP;;;;;;;;;;;;;
IGES0000000610;BAILLY ESTELLE;IMMEUBLE;;CHEMIN DU PASSET;1;;;30580;BELVEZET;;;;;;;;;;;;;
IGES0000000771;BONY AURELIEN;IMMEUBLE;;RUE JEAN RACINE;266;B;B;30130;PONT ST ESPRIT;;;;;;;;;;;;;
IGES0000002380;GASMI SALMEN;IMMEUBLE;;CHEMIN DE SAUTEBRAUT;1120;;;30127;BELLEGARDE;;;;;;;;;;;;;
IGES0000002068;FF IMMO;IMMEUBLE;;AVENUE DU PROFESSEUR LOUIS RAVAZ;752;;;34080;MONTPELLIER;;;;;;;;;;;;;
IGES0000008848;SYNDIC BENE DU 472 ROUTE NIMES;IMMEUBLE;;ROUTE DE NIMES;472;;;30220;AIGUES MORTES;;;;;;;;;;;;;
IGES0000008949;SYNDIC BENEVOLE DE LA RESIDENCE LA TRUFFIERE;IMMEUBLE;; LES ETROITS;0;;;38210;MONTAUD;;;;;;;;;;;;;
IGES0000004989;MR DANIEL FONTANIEU;IMMEUBLE;;PLAN DE BRIE;4;;;30140;ANDUZE;;;;;;;;;;;;;
IGES0000005451;P.U AUBAIS_D_AIGUES_VIVES_1_1;IMMEUBLE;;ROUTE D AIGUES VIVES;1;;;30250;AUBAIS;;;;;;;;;;;;;
IGES0000004037;MAIRIE DE BRANOUX LES TAILLADES;IMMEUBLE;;RUE DES TAILLADES;4;;;30110;BRANOUX LES TAILLADES;;;;;;;;;;;;;
IGES0000004962;MR CHRIS GARISTON;IMMEUBLE;;RUE DES TAILLADES;14;;;30110;BRANOUX LES TAILLADES;;;;;;;;;;;;;
IGES0000000834;BUDIEL LUMBRERASALFREDO;IMMEUBLE;;CHEMIN SAINT ROCH;340;;;84270;VEDENE;;;;;;;;;;;;;
IGES0000000937;CALMELS PHILIPPE;IMMEUBLE;;ANCIENNE ROUTE DE NIMES D 936;2661;;;30360;VEZENOBRES;;;;;;;;;;;;;
IGES0000006617;SCI AVIGNON 17;IMMEUBLE;;CHEMIN DE MOURRE DE MONTAUD;0;;;30210;FOURNES;;;;;;;;;;;;;
PSIT0000000125;DSP WIGARD;;;;;;;;;;;;;;;;;;;;;
GSIT0000000140;SFR_FTTH_ZMD_LEGACY;;;;;;;;;;;;;;;;;;;;;
PCAB0000000225;DSP WIGARD;;;;;;;;;;;;;;;;;;;;;
GCAB0000000198;SFR_FTTH_ZMD_LEGACY;;;;;;;;;;;;;;;;;;;;;
PINF0000000002;FRANCE TELECOM;;;;;;;;;;;;;;;;;;;;;
PINF0000000183;DSP WIGARD;;;;;;;;;;;;;;;;;;;;;
GINF0000000003;FRANCE TELECOM;;;;;;;;;;;;;;;;;;;;;
GINF0000000160;SFR_FTTH_ZMD_LEGACY;;;;;;;;;;;;;;;;;;;;;
PENC0000000100;DSP WIGARD;;;;;;;;;;;;;;;;;;;;;
GENC0000000096;SFR_FTTH_ZMD_LEGACY;;;;;;;;;;;;;;;;;;;;;
PCHA0000000193;DSP WIGARD;;;;;;;;;;;;;;;;;;;;;
PROP0000000098;ENEDIS;;;;;;;;;;;;;;;;;;;;;
VIR00000000001;Virtuel;;;;;;;;;;;;;;;;;;;;;
PROP0000000003;FRANCE TELECOM;;;;;;;;;;;;;;;;;;;;;
PCHA0000000002;FRANCE TELECOM;;;;;;;;;;;;;;;;;;;;;
GCHA0000000002;FRANCE TELECOM;;;;;;;;;;;;;;;;;;;;;
GEST0000000003;FRANCE TELECOM;;;;;;;;;;;;;;;;;;;;;
GCHA0000000205;SFR_FTTH_ZMD_LEGACY;;;;;;;;;;;;;;;;;;;;;
GCHA0000000001;SFR;;;;;;;;;;;;;;;;;;;;;
GEST0000000092;ENEDIS;;;;;;;;;;;;;;;;;;;;;
IGES0000007087;SCI EL CONVENTO;IMMEUBLE;;RUE DE LA VICTOIRE;2;;;30150;ROQUEMAURE;;;;;;;;;;;;;
IGES0000006722;SCI CALANDRIER;IMMEUBLE;;CHEMIN DE LA MOLIERE;919;;;30140;TORNAC;;;;;;;;;;;;;
IGES0000000545;ASSOCIATION EDUCATIVE DU MAS CAVAILLAC;IMMEUBLE;;ROUTE DE LAPAROT;362;;;30120;MOLIERES CAVAILLAC;;;;;;;;;;;;;
IGES0000005161;MR OUILLON RENAUD;IMMEUBLE;;BOULEVARD GEORGES CLEMENCEAU;20;;;13200;ARLES;;;;;;;;;;;;;
IGES0000008790;SYN BENE DU 1116 AVENUE DE LA PINEDE;IMMEUBLE;;AVENUE DE LA PINEDE;1116;;;30240;LE GRAU DU ROI;;;;;;;;;;;;;
IGES0000007352;SCI JEAN LAFONT;IMMEUBLE;;CHEMIN DE LA GAILLARDE;2;;;30640;BEAUVOISIN;;;;;;;;;;;;;
IGES0000000105;AGENCE DOUSSON;IMMEUBLE;;RUE MICHELET;8;;;30100;ALES;;;;;;;;;;;;;
IGES0000008841;SYNDIC BENE 6 EMILIEN RABINEL CALVISSON;IMMEUBLE;;RUE EMILIEN RABINEL;6;;;30420;CALVISSON;;;;;;;;;;;;;
IGES0000001817;DIRECTRICE;IMMEUBLE;;RUE EMILIEN DUMAS;21;;;30250;SOMMIERES;;;;;;;;;;;;;
IGES0000004758;MME SAVY SYLVIE;IMMEUBLE;;RUE DU LOTISSEMENT JEAN GIONO;68;;;30150;SAUVETERRE;;;;;;;;;;;;;
IGES0000004858;MONSIEUR NATALE DAVID;IMMEUBLE;;ROUTE DE SAUVE;8;;;30260;QUISSAC;;;;;;;;;;;;;
IGES0000008767;SYN BENE  CARNOT;IMMEUBLE;;RUE SADI CARNOT;3;;;30220;AIGUES MORTES;;;;;;;;;;;;;
IGES0000007475;SCI LA LAVANDE;IMMEUBLE;;ROUTE DE NIMES;1035;;;30350;LEDIGNAN;;;;;;;;;;;;;
IGES0000005513;PERRIER RENE;IMMEUBLE;;ANCIEN CHEMIN DE SAINT HIPPOLYTE;82;;;30140;ANDUZE;;;;;;;;;;;;;
IGES0000008816;SYN BENE RESIDENCE DE L'ELZE;IMMEUBLE;;ROUTE DU PONT DE LA CROIX;70;;;30120;LE VIGAN;;;;;;;;;;;;;
IGES0000002499;GRAND DELTA HABITAT NIMES;IMMEUBLE;;RUE VINCENT FAITA;58;B;B;30000;NIMES;;;;;;;;;;;;;
IGES0000004502;MME BERARD JAQUELINE;IMMEUBLE;;CHEMIN DE LA MONTAGNETTE;74;;;30500;ST AMBROIX;;;;;;;;;;;;;
IGES0000001384;COMMUNE DE MONTPEZAT;IMMEUBLE;;PLACE DE L EGLISE;7;;;30730;MONTPEZAT;;;;;;;;;;;;;
IGES0000001932;EL HARGAL MOHAMED;IMMEUBLE;;PLACE GEORGE VILLE;4;;;30130;PONT ST ESPRIT;;;;;;;;;;;;;
IGES0000002053;FELLMANN STEPHANE;IMMEUBLE;;RUE DU JARDIN;5;;;30600;VAUVERT;;;;;;;;;;;;;
IGES0000006138;SARL ROUVIERE;IMMEUBLE;;CHEMIN DE LA SABATIERE;3;;;30210;ST HILAIRE D OZILHAN;;;;;;;;;;;;;
IGES0000005170;MR PATRICK ANDRE;IMMEUBLE;;ROUTE DE VALLABRIX;311;;;30700;ST QUENTIN LA POTERIE;;;;;;;;;;;;;
IGES0000004097;MAIRIE DE LA GRAND COMBE;IMMEUBLE;;SQUARE MENDES FRANCE;6;;;30110;LA GRAND COMBE;;;;;;;;;;;;;
IGES0000000793;BOURGUET ERIC;IMMEUBLE;;CHEMIN DES PRES;176;;;30840;MEYNES;;;;;;;;;;;;;
IGES0000009455;ZORODDU SALVATORE;IMMEUBLE;;RUE DE BELLEGARDE;33;;;30300;JONQUIERES ST VINCENT;;;;;;;;;;;;;
IGES0000008616;SNC FONCIER CONSEIL;IMMEUBLE;;RUE DU GENERAL DE GAULLE;99;;;95880;ENGHIEN LES BAINS;;;;;;;;;;;;;
IGES0000000603;B.L.B IMMOBILIER;IMMEUBLE;;AVENUE GRASSION CIBRAND;147;;;34130;MAUGUIO;;;;;;;;;;;;;
IGES0000002048;FDI ICI - SOCIETE DE GESTION IMMOBILIERE;IMMEUBLE;;BOULEVARD DU MARECHAL JUIN;25;;;30240;LE GRAU DU ROI;;;;;;;;;;;;;
IGES0000005420;ORPI AGENCE GADD;IMMEUBLE;;BOULEVARD DU PORTALET;7;;;30500;ST AMBROIX;;;;;;;;;;;;;
IGES0000008249;SCI TREIS;IMMEUBLE;;IMPASSE DES ROMPUDES;204;;;30260;QUISSAC;;;;;;;;;;;;;
IGES0000002620;HERVE HUGON;IMMEUBLE;;ROUTE DE LA GARE;159;;;30360;VEZENOBRES;;;;;;;;;;;;;
IGES0000007407;SCI KYANEOS PIERRE;IMMEUBLE;;AVENUE DE LA 2E DIVISION BLINDEE;1300;;;30133;LES ANGLES;;;;;;;;;;;;;
IGES0000000140;AGENCE MISTRAL IMMOBILIER;IMMEUBLE;;AVENUE FREDERIC MISTRAL;1;;;30220;AIGUES MORTES;;;;;;;;;;;;;
IGES0000008295;SCI VMK1;IMMEUBLE;;CHEMIN DES CHATEAUX;4420;;;84300;CAVAILLON;;;;;;;;;;;;;
IGES0000000149;AGENCE PENNA IMMOBILIER;IMMEUBLE;;AVENUE DE LA REPUBLIQUE;0;;;30190;ST CHAPTES;;;;;;;;;;;;;
IGES0000004042;MAIRIE DE CALVISSON;IMMEUBLE;;RUE DE LA MAIRIE;1;;;30420;CALVISSON;;;;;;;;;;;;;
IGES0000007867;SCI MEIJE;IMMEUBLE;;ROUTE D ALES;12;;;30170;ST HIPPOLYTE DU FORT;;;;;;;;;;;;;
IGES0000004582;MME DUSSAIX AURORE;IMMEUBLE;;RUE ALBERT CHAMBONNET;9;;;30160;BESSEGES;;;;;;;;;;;;;
IGES0000005293;NEXITY LA GRANDE MOTTE;IMMEUBLE;;AVENUE JEAN BENE;379;;;34280;LA GRANDE MOTTE;;;;;;;;;;;;;
IGES0000005557;PILOTE LUNEL;IMMEUBLE;44013657000023;RUE JEAN ODELIN;284;;;30000;NIMES;;;;;;;;;;;;;
IGES0000005238;MR VILAIN VINCENT;IMMEUBLE;;RUE DU CHATEAU;21;;;30300;BEAUCAIRE;;;;;;;;;;;;;
IGES0000005408;OPUS DEVELOPPEMENT;IMMEUBLE;33168898600024;AVENUE DE CASTELNAU;31;;;34090;MONTPELLIER;;;;;;;;;;;;;
IGES0000002693;IMMO CONCEPT;IMMEUBLE;33979430700050;CHEMIN DE CHINGALETENIA;9;;;64500;ST JEAN DE LUZ;;;;;;;;;;;;;
IGES0000005351;OCEANIS PROMOTION;IMMEUBLE;;RUE GILLES MARTINET;125;;;34070;MONTPELLIER;;;;;;;;;;;;;
IGES0000002562;GUY JANIN;IMMEUBLE;;RUE HAUTE;6;;;30120;LE VIGAN;;;;;;;;;;;;;
IGES0000002398;GENDARMERIE GRAU DU ROI;IMMEUBLE;;QUAI COLBERT;5;;;30240;LE GRAU DU ROI;;;;;;;;;;;;;
IGES0000000748;BLASCO JEAN PIERRE;IMMEUBLE;;ROUTE DE SAINT HIPPOLYTE DU FORT;32;;;30610;SAUVE;;;;;;;;;;;;;
IGES0000007640;SCI LECOT ANDUZE;IMMEUBLE;;RUE ALPHONSE DAUDET;12;;;30700;UZES;;;;;;;;;;;;;
IGES0000003946;MAIRIE  DE CHAMBORIGAUD;IMMEUBLE;;PLACE DE LA MAIRIE;10;;;30530;CHAMBORIGAUD;;;;;;;;;;;;;
IGES0000003227;LUCE XAVIER;IMMEUBLE;;CHEMIN DU COLOMBIER;14;;;30570;VAL D AIGOUAL;;;;;;;;;;;;;
IGES0000005013;MR ESPAZE BENJAMIN;IMMEUBLE;;RUE CAP DE VILLE;7;;;30440;SUMENE;;;;;;;;;;;;;
IGES0000005135;MR MICHEL CABROL;IMMEUBLE;;RUE MOZART;16;;;30900;NIMES;;;;;;;;;;;;;
IGES0000008763;SYN BEN 18 RUE DE L'ANCIENNE POSTE;IMMEUBLE;;AVENUE DU POINT DU JOUR;71;;;69005;LYON;;;;;;;;;;;;;
IGES0000004519;MME BOURGUET MARION;IMMEUBLE;;RUE DU LUXEMBOURG;139;;;30460;LASALLE;;;;;;;;;;;;;
IGES0000005888;RIBOTTON;IMMEUBLE;;ROUTE DES ROUGIERS;586;;;05000;CHATEAUVIEUX;;;;;;;;;;;;;
IGES0000008814;SYN BENE LE PHARE 30240;IMMEUBLE;;RUE DES COMBATTANTS;2;B;B;30240;LE GRAU DU ROI;;;;;;;;;;;;;
IGES0000003560;M MEJEAN DENIS;IMMEUBLE;;RUE DU CROS DE VIDIL;15;;;30660;GALLARGUES LE MONTUEUX;;;;;;;;;;;;;
IGES0000005889;RICHARD JACKY  ET FABIENNE;IMMEUBLE;;CHEMIN DU POUGET;238;;;30350;LEDIGNAN;;;;;;;;;;;;;
IGES0000005942;ROUSSELET HERMELINE;IMMEUBLE;;RUE DE L ANCIENNE MAIRIE;41;;;11120;ST NAZAIRE D AUDE;;;;;;;;;;;;;
IGES0000004913;MR ALEXIS GUENARD;IMMEUBLE;;PLACE DU MARCHE;16;;;30120;LE VIGAN;;;;;;;;;;;;;
IGES0000006020;SARL AGENCE ARNAUDET;IMMEUBLE;;RUE DE L HOTEL DE VILLE;9;;;30300;BEAUCAIRE;;;;;;;;;;;;;
IGES0000000240;AMARI KAMEL;IMMEUBLE;;RUE PLACIDE CAPPEAU;4;;;30150;ROQUEMAURE;;;;;;;;;;;;;
IGES0000000716;BEST PLACE;IMMEUBLE;;ROUTE DE NIMES;106;;;30320;POULX;;;;;;;;;;;;;
IGES0000005103;MR LE GOFF DESBORDES;IMMEUBLE;;ROUTE D ANDUZE;805;;;30140;MASSILLARGUES ATTUECH;;;;;;;;;;;;;
IGES0000007995;SCI PALME;IMMEUBLE;;ROUTE DE LA CAVE;18;;;30420;CALVISSON;;;;;;;;;;;;;
IGES0000004926;MR BARRAL SEBASTIEN ET CELINE;IMMEUBLE;;ROUTE DE LA MERLIERE;763;;;30120;LE VIGAN;;;;;;;;;;;;;
IGES0000009178;SYNDIC LES TILLEULS;IMMEUBLE;;RUE DE VERGEZE;260;;;30920;CODOGNAN;;;;;;;;;;;;;
IGES0000004161;MAIRIE DE SAINT QUENTIN LA POTERIE;IMMEUBLE;;PLACE DE LA MAIRIE;6;;;30700;ST QUENTIN LA POTERIE;;;;;;;;;;;;;
IGES0000004619;MME GISELE ESCRIVA;IMMEUBLE;;ROUTE D ALES;25;;;30170;ST HIPPOLYTE DU FORT;;;;;;;;;;;;;
IGES0000002461;GILBERTE  CAUMONTAT;IMMEUBLE;;IMPASSE DE LA CROIX BLANCHE;0;;;30120;LE VIGAN;;;;;;;;;;;;;
IGES0000006268;SASU L2A INVESTISSEMENT;IMMEUBLE;;LOTISSEMENT LES BARRAQUES;1;;;30250;FONTANES;;;;;;;;;;;;;
IGES0000008870;SYNDIC BENEVOLE  9 RUE POUZADOU;IMMEUBLE;;RUE DU POUZADOU;9;;;30120;LE VIGAN;;;;;;;;;;;;;
IGES0000008761;SYN BEN 106 RUE ROUMIEUX;IMMEUBLE;;RUE ROUMIEUX;110;;;30240;LE GRAU DU ROI;;;;;;;;;;;;;
IGES0000002900;L'ANTENNE IMMOBILIER;IMMEUBLE;;QUAI DE LA FONTAINE;4;;;30900;NIMES;;;;;;;;;;;;;
IGES0000004602;MME FAYET YASMINA;IMMEUBLE;;RUE DU POUZADOU;4;;;30120;LE VIGAN;;;;;;;;;;;;;
IGES0000002524;GROUPE DIRECT CAUMES IMMOBILIER;IMMEUBLE;;RUE DE LA GARENNE;155;;;34740;VENDARGUES;;;;;;;;;;;;;
IGES0000006390;SCCV BEAUCAIRE;IMMEUBLE;;RUE DU DOCTEUR PAUL JORDANA;131;;;30670;AIGUES VIVES;;;;;;;;;;;;;
IGES0000004078;MAIRIE DE DOMAZAN;IMMEUBLE;;AVENUE DES MIOUGRANIERS;2;;;30390;DOMAZAN;;;;;;;;;;;;;
IGES0000008904;SYNDIC BENEVOLE 4 RUE DE LA TAILLADE;IMMEUBLE;;RUE DE LA TAILLADE;4;;;30250;SOMMIERES;;;;;;;;;;;;;
IGES0000006434;SCCV LE PAVILLON;IMMEUBLE;;AVENUE DE LA BOUVINE;40;;;30900;NIMES;;;;;;;;;;;;;
IGES0000007365;SCI JLC ILARDO;IMMEUBLE;;RUE DES ACCORDEURS;68;;;30340;MEJANNES LES ALES;;;;;;;;;;;;;
IGES0000004481;MME ANDRE MARTINE;IMMEUBLE;;RUE BLANQUI;4;;;30160;BESSEGES;;;;;;;;;;;;;
IGES0000008765;SYN BEN DU 360 CHEMIN  DE LA PASSERONNE;IMMEUBLE;;CHEMIN DE LA PASSERONNE;320;;;30640;BEAUVOISIN;;;;;;;;;;;;;
IGES0000005222;MR TALANGRAND FREDERIC;IMMEUBLE;;RUE DES PICARDES;7;;;30300;JONQUIERES ST VINCENT;;;;;;;;;;;;;
IGES0000001898;DUVAL BELKAID DEPHINE;IMMEUBLE;;CHEMIN DES PLANTIERS PARCELLE 30003000AN0323;0;;;30220;AIGUES MORTES;;;;;;;;;;;;;
IGES0000002033;FABRIGOULE DENIS;IMMEUBLE;;CHEMIN DU MOULIN DE SAUSSINE;0;;;30580;VALLERARGUES;;;;;;;;;;;;;
IGES0000000814;BRIAND CLAUDINE;IMMEUBLE;;RUE DU GRIFFON;5;;;30420;CALVISSON;;;;;;;;;;;;;
IGES0000005181;MR PHILIPPE MALAVIELLE;IMMEUBLE;;CHEMIN DU GRAND CHENE;25;;;30340;ST JULIEN LES ROSIERS;;;;;;;;;;;;;
IGES0000008817;SYN BENE-150 RUE PIERRE CHOISY;IMMEUBLE;;RUE PIERRE CHOISY;150;;;30240;LE GRAU DU ROI;;;;;;;;;;;;;
IGES0000001624;COPROPRITE LA MAGNANRIE;IMMEUBLE;;RUE DU LUXEMBOURG;8;;;30140;ANDUZE;;;;;;;;;;;;;
IGES0000005060;MR GROS GILLES;IMMEUBLE;;RUE LOUIS NICOLAS;5;;;30160;BESSEGES;;;;;;;;;;;;;
IGES0000000648;BATIMUR;IMMEUBLE;;AVENUE HENRI BECQUEREL;1;;;33700;MERIGNAC;;;;;;;;;;;;;
IGES0000003695;M. BOURGUES JACQUES;IMMEUBLE;;RUE DU LAVOIR;5;;;30300;BEAUCAIRE;;;;;;;;;;;;;
IGES0000008875;SYNDIC BENEVOLE - DU 6 RUE DE PROVENCE;IMMEUBLE;;RUE DES 2 COMMUNES;15;;;30150;MONTFAUCON;;;;;;;;;;;;;
IGES0000004857;MONSIEUR NADIR DJOUDI;IMMEUBLE;;BOULEVARD TALABOT;13;;;30110;LA GRAND COMBE;;;;;;;;;;;;;
IGES0000004122;MAIRIE DE MONTFRIN;IMMEUBLE;;AVENUE PIERRE MENDES FRANCE;23;;;30490;MONTFRIN;;;;;;;;;;;;;
IGES0000004038;MAIRIE DE BREAU MARS;IMMEUBLE;;PLACE DE LA MAIRIE;0;;;30120;BREAU MARS;;;;;;;;;;;;;
IGES0000004427;MICALLEF;IMMEUBLE;;RUE DU FOUR A PAIN;5;;;30140;MASSILLARGUES ATTUECH;;;;;;;;;;;;;
IGES0000008813;SYN BENE LA PINEDE 93240;IMMEUBLE;;RUE DES TAMARIS;681;;;30240;LE GRAU DU ROI;;;;;;;;;;;;;
IGES0000000971;CARREFOUR PROPERTY GESTION NIMES;IMMEUBLE;;AVENUE PIERRE MENDES FRANCE;0;;;30000;NIMES;;;;;;;;;;;;;
IGES0000007183;SCI GAMMARA;IMMEUBLE;;RUE DES MEDARDS;211;;;30240;LE GRAU DU ROI;;;;;;;;;;;;;
IGES0000005517;PERRY JULIEN;IMMEUBLE;;CHEMIN DES CROUSASSES;106;;;30260;QUISSAC;;;;;;;;;;;;;
IGES0000000279;AQUIPIERRE MTP;IMMEUBLE;;ALLEE DE MYCENES;68;;;34000;MONTPELLIER;;;;;;;;;;;;;
IGES0000006567;SCI ALTAIR;IMMEUBLE;;HAMEAU DE GUIRAUDON;0;;;32100;CASTELNAU SUR L AUVIGNON;;;;;;;;;;;;;
IGES0000005160;MR ORLANDINI LAURENT;IMMEUBLE;;RUE DE LA CALA;10;;;07400;MEYSSE;;;;;;;;;;;;;
IGES0000001465;COPRO 7 PLACE QUATREFAGES DE LAROQUETE;IMMEUBLE;;RUE DE MAREILLES;4;;;30120;LE VIGAN;;;;;;;;;;;;;
IGES0000005219;MR SUREL RICHARD;IMMEUBLE;;RUE RAOUL TRINTIGNANT;86;;;30130;PONT ST ESPRIT;;;;;;;;;;;;;
IGES0000004806;MONSIEUR ATGER SEBASTIEN;IMMEUBLE;;ROUTE DE CAUVALAT;144;;;30120;AVEZE;;;;;;;;;;;;;
IGES0000006051;SARL COMPAGNIE IMMOBILIERE;IMMEUBLE;; MAS DE BERTHAUD;0;;;30800;ST GILLES;;;;;;;;;;;;;
IGES0000000617;BAPTISTE GILBERT;IMMEUBLE;;RUE BLANQUI;1;;;30160;BESSEGES;;;;;;;;;;;;;
IGES0000000373;ASL DU PUITS NOUVEL;IMMEUBLE;;CHEMIN DU PUITS NOUVEL;381;;;30350;DOMESSARGUES;;;;;;;;;;;;;
IGES0000003922;MADAME SUBIRAN SYLVIE;IMMEUBLE;;CHEMIN DU PERDIGUIER;156;;;30480;CENDRAS;;;;;;;;;;;;;
IGES0000004062;MAIRIE DE CODOLET;IMMEUBLE;;RUE FREDERIC MISTRAL;29;;;30200;CODOLET;;;;;;;;;;;;;
IGES0000007345;SCI JCM - ST ETIENNE DES SORTS;IMMEUBLE;;CHEMIN DE PONT SAINT ESPRIT;898;;;30130;ST ALEXANDRE;;;;;;;;;;;;;
IGES0000008825;SYNDIC 136;IMMEUBLE;;AVENUE DE PALAVAS;136;;;34070;MONTPELLIER;;;;;;;;;;;;;
IGES0000001683;CYTIA PERI;IMMEUBLE;;PLACE GABRIEL PERI;7;;;30000;NIMES;;;;;;;;;;;;;
IGES0000007957;SCI NOUVELLE TERRE;IMMEUBLE;;RUE AUGUSTE COMTE;2;;;30100;ALES;;;;;;;;;;;;;
IGES0000005208;MR SCULFORT ANTHONY;IMMEUBLE;;ALLEE DES PEUPLIERS;4;;;84370;BEDARRIDES;;;;;;;;;;;;;
IGES0000004885;MONSIEUR VIRGILE ELVIO;IMMEUBLE;;RUE DU PEIROU;4;;;30170;ST HIPPOLYTE DU FORT;;;;;;;;;;;;;
IGES0000008542;SELARL PEYRE & ASSOCIES;IMMEUBLE;;PLACE DE LA REPUBLIQUE;1;;;30250;SOMMIERES;;;;;;;;;;;;;
IGES0000000831;BRUNO LAFONT;IMMEUBLE;;RUE SAINT JULIEN;3;;;30700;UZES;;;;;;;;;;;;;
IGES0000003039;LE POINT I;IMMEUBLE;;AVENUE DU PASTEUR ROLLIN;7;B;B;30140;ANDUZE;;;;;;;;;;;;;
IGES0000006465;SCCV VILLA MARIE;IMMEUBLE;88509613100010;RUE DES CARRIERES;61;;;34160;ST GENIES DES MOURGUES;;;;;;;;;;;;;
IGES0000007521;SCI LA VERDONNETTE;IMMEUBLE;;CORNICHE DU CROS;361;;;83140;SIX FOURS LES PLAGES;;;;;;;;;;;;;
IGES0000008785;SYN BENE DE LA RESIDENCE LOU ESCLOT;IMMEUBLE;;IMPASSE DES CHEVREFEUILLES;350;;;84100;ORANGE;;;;;;;;;;;;;
IGES0000007600;SCI LE DIAMANT BLEUE;IMMEUBLE;;RUE ANTONIN PARIS;16;;;30250;SOMMIERES;;;;;;;;;;;;;
IGES0000004847;MONSIEUR LACOUR BRUNO;IMMEUBLE;;RUE DU REFUGE;27;;;78000;VERSAILLES;;;;;;;;;;;;;
IGES0000006430;SCCV LCH1;IMMEUBLE;;RUE ROUGET DE LISLE;7;;;30000;NIMES;;;;;;;;;;;;;
IGES0000000743;BLANC HERVE;IMMEUBLE;;CHEMIN DE LA FLESQUE;9030;;;30700;UZES;;;;;;;;;;;;;
IGES0000007841;SCI MASSIF DU BOULOIE;IMMEUBLE;;RUE DU GRAND BREUIL;23;;;88200;REMIREMONT;;;;;;;;;;;;;
IGES0000009016;SYNDIC BENEVOLE LA BASTIDE DU SOLEIL;IMMEUBLE;;IMPASSE DE LA GOUTTE DE LAIT;44;;;30160;ROBIAC ROCHESSADOULE;;;;;;;;;;;;;
IGES0000007240;SCI GRTC;IMMEUBLE;;ROUTE NATIONALE 113;0;;;30620;BERNIS;;;;;;;;;;;;;
IGES0000008764;SYN BEN 28B RUE MARCEAU;IMMEUBLE;;RUE MARCEAU;28;B;B;30220;AIGUES MORTES;;;;;;;;;;;;;
IGES0000000556;ASSOCIATION PAUL BOUVIER;IMMEUBLE;;ROUTE D ALES;24;;;30170;ST HIPPOLYTE DU FORT;;;;;;;;;;;;;
IGES0000004085;MAIRIE DE GANIERES;IMMEUBLE;;RUE DU VILLAGE;14;;;30160;GAGNIERES;;;;;;;;;;;;;
IGES0000004939;MR BOISSIN PAUL;IMMEUBLE;;CHEMIN DE LAPARAT;0;;;30960;LES MAGES;;;;;;;;;;;;;
