﻿ti_code;ti_codeext;ti_perirec;ti_abandon;ti_etiquet;ti_ba_code;ti_prop;ti_type;ti_rf_code;ti_taille;ti_placemt;ti_etat;ti_localis;ti_comment;ti_creadat;ti_majdate;ti_majsrc;ti_abddate;ti_abdsrc
TI000011725617;11725617;;0;B2-TIROIR-TRANSPORT-03;BA000012184125;PSIT0000000125;TIROIR;SH000000010163;3;20;;;;;;;;
TI000011747075;11747075;;0;B2-TIROIR-06;BA000009927172;PSIT0000000125;TIROIR;SH000000010163;3;1;;;;;;;;
TI000011799862;11799862;;0;B2-TIROIR-02;BA000009927172;PSIT0000000125;TIROIR;SH000000010163;3;23;;;;;;;;
TI000011799863;11799863;;0;B2-TIROIR-03;BA000009927172;PSIT0000000125;TIROIR;SH000000010163;3;20;;;;;;;;
TI000011799865;11799865;;0;B2-TIROIR-05;BA000009927172;PSIT0000000125;TIROIR;SH000000010163;3;14;;;;;;;;
TI000011799864;11799864;;0;B2-TIROIR-04;BA000009927172;PSIT0000000125;TIROIR;SH000000010163;3;17;;;;;;;;
TI000011799861;11799861;;0;B2-TIROIR-01;BA000009927172;PSIT0000000125;TIROIR;SH000000010163;3;26;;;;;;;;
